-- MySQL dump 10.13  Distrib 8.0.31, for Linux (x86_64)
--
-- Host: 127.0.0.1    Database: dsu4
-- ------------------------------------------------------
-- Server version	5.7.40

/*!40101 SET @OLD_CHARACTER_SET_CLIENT=@@CHARACTER_SET_CLIENT */;
/*!40101 SET @OLD_CHARACTER_SET_RESULTS=@@CHARACTER_SET_RESULTS */;
/*!40101 SET @OLD_COLLATION_CONNECTION=@@COLLATION_CONNECTION */;
/*!50503 SET NAMES utf8mb4 */;
/*!40103 SET @OLD_TIME_ZONE=@@TIME_ZONE */;
/*!40103 SET TIME_ZONE='+00:00' */;
/*!40014 SET @OLD_UNIQUE_CHECKS=@@UNIQUE_CHECKS, UNIQUE_CHECKS=0 */;
/*!40014 SET @OLD_FOREIGN_KEY_CHECKS=@@FOREIGN_KEY_CHECKS, FOREIGN_KEY_CHECKS=0 */;
/*!40101 SET @OLD_SQL_MODE=@@SQL_MODE, SQL_MODE='NO_AUTO_VALUE_ON_ZERO' */;
/*!40111 SET @OLD_SQL_NOTES=@@SQL_NOTES, SQL_NOTES=0 */;

--
-- Table structure for table `admin_permissions`
--

DROP TABLE IF EXISTS `admin_permissions`;
/*!40101 SET @saved_cs_client     = @@character_set_client */;
/*!50503 SET character_set_client = utf8mb4 */;
CREATE TABLE `admin_permissions` (
  `id` int(10) unsigned NOT NULL AUTO_INCREMENT,
  `action` varchar(255) DEFAULT NULL,
  `subject` varchar(255) DEFAULT NULL,
  `properties` json DEFAULT NULL,
  `conditions` json DEFAULT NULL,
  `created_at` datetime(6) DEFAULT NULL,
  `updated_at` datetime(6) DEFAULT NULL,
  `created_by_id` int(10) unsigned DEFAULT NULL,
  `updated_by_id` int(10) unsigned DEFAULT NULL,
  PRIMARY KEY (`id`),
  KEY `admin_permissions_created_by_id_fk` (`created_by_id`),
  KEY `admin_permissions_updated_by_id_fk` (`updated_by_id`),
  CONSTRAINT `admin_permissions_created_by_id_fk` FOREIGN KEY (`created_by_id`) REFERENCES `admin_users` (`id`) ON DELETE SET NULL,
  CONSTRAINT `admin_permissions_updated_by_id_fk` FOREIGN KEY (`updated_by_id`) REFERENCES `admin_users` (`id`) ON DELETE SET NULL
) ENGINE=InnoDB AUTO_INCREMENT=174 DEFAULT CHARSET=utf8;
/*!40101 SET character_set_client = @saved_cs_client */;

--
-- Dumping data for table `admin_permissions`
--

LOCK TABLES `admin_permissions` WRITE;
/*!40000 ALTER TABLE `admin_permissions` DISABLE KEYS */;
INSERT INTO `admin_permissions` VALUES (1,'plugin::upload.read',NULL,'{}','[]','2022-10-18 00:29:07.866000','2022-10-18 00:29:07.866000',NULL,NULL),(2,'plugin::upload.assets.create',NULL,'{}','[]','2022-10-18 00:29:07.871000','2022-10-18 00:29:07.871000',NULL,NULL),(3,'plugin::upload.assets.update',NULL,'{}','[]','2022-10-18 00:29:07.876000','2022-10-18 00:29:07.876000',NULL,NULL),(4,'plugin::upload.assets.download',NULL,'{}','[]','2022-10-18 00:29:07.880000','2022-10-18 00:29:07.880000',NULL,NULL),(5,'plugin::upload.assets.copy-link',NULL,'{}','[]','2022-10-18 00:29:07.884000','2022-10-18 00:29:07.884000',NULL,NULL),(6,'plugin::upload.read',NULL,'{}','[\"admin::is-creator\"]','2022-10-18 00:29:07.889000','2022-10-18 00:29:07.889000',NULL,NULL),(7,'plugin::upload.assets.create',NULL,'{}','[]','2022-10-18 00:29:07.893000','2022-10-18 00:29:07.893000',NULL,NULL),(8,'plugin::upload.assets.update',NULL,'{}','[\"admin::is-creator\"]','2022-10-18 00:29:07.898000','2022-10-18 00:29:07.898000',NULL,NULL),(9,'plugin::upload.assets.download',NULL,'{}','[]','2022-10-18 00:29:07.902000','2022-10-18 00:29:07.902000',NULL,NULL),(10,'plugin::upload.assets.copy-link',NULL,'{}','[]','2022-10-18 00:29:07.906000','2022-10-18 00:29:07.906000',NULL,NULL),(14,'plugin::content-manager.explorer.delete','plugin::users-permissions.user','{}','[]','2022-10-18 00:29:07.939000','2022-10-18 00:29:07.939000',NULL,NULL),(15,'plugin::content-manager.single-types.configure-view',NULL,'{}','[]','2022-10-18 00:29:07.943000','2022-10-18 00:29:07.943000',NULL,NULL),(16,'plugin::content-manager.collection-types.configure-view',NULL,'{}','[]','2022-10-18 00:29:07.947000','2022-10-18 00:29:07.947000',NULL,NULL),(17,'plugin::content-manager.components.configure-layout',NULL,'{}','[]','2022-10-18 00:29:07.951000','2022-10-18 00:29:07.951000',NULL,NULL),(18,'plugin::content-type-builder.read',NULL,'{}','[]','2022-10-18 00:29:07.955000','2022-10-18 00:29:07.955000',NULL,NULL),(19,'plugin::email.settings.read',NULL,'{}','[]','2022-10-18 00:29:07.958000','2022-10-18 00:29:07.958000',NULL,NULL),(20,'plugin::upload.read',NULL,'{}','[]','2022-10-18 00:29:07.962000','2022-10-18 00:29:07.962000',NULL,NULL),(21,'plugin::upload.assets.create',NULL,'{}','[]','2022-10-18 00:29:07.966000','2022-10-18 00:29:07.966000',NULL,NULL),(22,'plugin::upload.assets.update',NULL,'{}','[]','2022-10-18 00:29:07.970000','2022-10-18 00:29:07.970000',NULL,NULL),(23,'plugin::upload.assets.download',NULL,'{}','[]','2022-10-18 00:29:07.974000','2022-10-18 00:29:07.974000',NULL,NULL),(24,'plugin::upload.assets.copy-link',NULL,'{}','[]','2022-10-18 00:29:07.978000','2022-10-18 00:29:07.978000',NULL,NULL),(25,'plugin::upload.settings.read',NULL,'{}','[]','2022-10-18 00:29:07.982000','2022-10-18 00:29:07.982000',NULL,NULL),(26,'plugin::users-permissions.roles.create',NULL,'{}','[]','2022-10-18 00:29:07.986000','2022-10-18 00:29:07.986000',NULL,NULL),(27,'plugin::users-permissions.roles.read',NULL,'{}','[]','2022-10-18 00:29:07.991000','2022-10-18 00:29:07.991000',NULL,NULL),(28,'plugin::users-permissions.roles.update',NULL,'{}','[]','2022-10-18 00:29:07.995000','2022-10-18 00:29:07.995000',NULL,NULL),(29,'plugin::users-permissions.roles.delete',NULL,'{}','[]','2022-10-18 00:29:07.999000','2022-10-18 00:29:07.999000',NULL,NULL),(30,'plugin::users-permissions.providers.read',NULL,'{}','[]','2022-10-18 00:29:08.003000','2022-10-18 00:29:08.003000',NULL,NULL),(31,'plugin::users-permissions.providers.update',NULL,'{}','[]','2022-10-18 00:29:08.007000','2022-10-18 00:29:08.007000',NULL,NULL),(32,'plugin::users-permissions.email-templates.read',NULL,'{}','[]','2022-10-18 00:29:08.012000','2022-10-18 00:29:08.012000',NULL,NULL),(33,'plugin::users-permissions.email-templates.update',NULL,'{}','[]','2022-10-18 00:29:08.016000','2022-10-18 00:29:08.016000',NULL,NULL),(34,'plugin::users-permissions.advanced-settings.read',NULL,'{}','[]','2022-10-18 00:29:08.020000','2022-10-18 00:29:08.020000',NULL,NULL),(35,'plugin::users-permissions.advanced-settings.update',NULL,'{}','[]','2022-10-18 00:29:08.024000','2022-10-18 00:29:08.024000',NULL,NULL),(36,'plugin::i18n.locale.create',NULL,'{}','[]','2022-10-18 00:29:08.028000','2022-10-18 00:29:08.028000',NULL,NULL),(37,'plugin::i18n.locale.read',NULL,'{}','[]','2022-10-18 00:29:08.032000','2022-10-18 00:29:08.032000',NULL,NULL),(38,'plugin::i18n.locale.update',NULL,'{}','[]','2022-10-18 00:29:08.036000','2022-10-18 00:29:08.036000',NULL,NULL),(39,'plugin::i18n.locale.delete',NULL,'{}','[]','2022-10-18 00:29:08.040000','2022-10-18 00:29:08.040000',NULL,NULL),(40,'admin::marketplace.read',NULL,'{}','[]','2022-10-18 00:29:08.044000','2022-10-18 00:29:08.044000',NULL,NULL),(41,'admin::marketplace.plugins.install',NULL,'{}','[]','2022-10-18 00:29:08.048000','2022-10-18 00:29:08.048000',NULL,NULL),(42,'admin::marketplace.plugins.uninstall',NULL,'{}','[]','2022-10-18 00:29:08.052000','2022-10-18 00:29:08.052000',NULL,NULL),(43,'admin::webhooks.create',NULL,'{}','[]','2022-10-18 00:29:08.061000','2022-10-18 00:29:08.061000',NULL,NULL),(44,'admin::webhooks.read',NULL,'{}','[]','2022-10-18 00:29:08.066000','2022-10-18 00:29:08.066000',NULL,NULL),(45,'admin::webhooks.update',NULL,'{}','[]','2022-10-18 00:29:08.069000','2022-10-18 00:29:08.069000',NULL,NULL),(46,'admin::webhooks.delete',NULL,'{}','[]','2022-10-18 00:29:08.073000','2022-10-18 00:29:08.073000',NULL,NULL),(47,'admin::users.create',NULL,'{}','[]','2022-10-18 00:29:08.077000','2022-10-18 00:29:08.077000',NULL,NULL),(48,'admin::users.read',NULL,'{}','[]','2022-10-18 00:29:08.081000','2022-10-18 00:29:08.081000',NULL,NULL),(49,'admin::users.update',NULL,'{}','[]','2022-10-18 00:29:08.085000','2022-10-18 00:29:08.085000',NULL,NULL),(50,'admin::users.delete',NULL,'{}','[]','2022-10-18 00:29:08.088000','2022-10-18 00:29:08.088000',NULL,NULL),(51,'admin::roles.create',NULL,'{}','[]','2022-10-18 00:29:08.093000','2022-10-18 00:29:08.093000',NULL,NULL),(52,'admin::roles.read',NULL,'{}','[]','2022-10-18 00:29:08.096000','2022-10-18 00:29:08.096000',NULL,NULL),(53,'admin::roles.update',NULL,'{}','[]','2022-10-18 00:29:08.100000','2022-10-18 00:29:08.100000',NULL,NULL),(54,'admin::roles.delete',NULL,'{}','[]','2022-10-18 00:29:08.104000','2022-10-18 00:29:08.104000',NULL,NULL),(55,'admin::api-tokens.access',NULL,'{}','[]','2022-10-18 00:29:08.108000','2022-10-18 00:29:08.108000',NULL,NULL),(56,'admin::api-tokens.create',NULL,'{}','[]','2022-10-18 00:29:08.112000','2022-10-18 00:29:08.112000',NULL,NULL),(57,'admin::api-tokens.read',NULL,'{}','[]','2022-10-18 00:29:08.116000','2022-10-18 00:29:08.116000',NULL,NULL),(58,'admin::api-tokens.update',NULL,'{}','[]','2022-10-18 00:29:08.120000','2022-10-18 00:29:08.120000',NULL,NULL),(59,'admin::api-tokens.regenerate',NULL,'{}','[]','2022-10-18 00:29:08.124000','2022-10-18 00:29:08.124000',NULL,NULL),(60,'admin::api-tokens.delete',NULL,'{}','[]','2022-10-18 00:29:08.127000','2022-10-18 00:29:08.127000',NULL,NULL),(61,'admin::project-settings.update',NULL,'{}','[]','2022-10-18 00:29:08.131000','2022-10-18 00:29:08.131000',NULL,NULL),(62,'admin::project-settings.read',NULL,'{}','[]','2022-10-18 00:29:08.134000','2022-10-18 00:29:08.134000',NULL,NULL),(66,'plugin::content-manager.explorer.delete','api::organization.organization','{}','[]','2022-10-18 00:42:27.097000','2022-10-18 00:42:27.097000',NULL,NULL),(70,'plugin::content-manager.explorer.delete','api::county.county','{}','[]','2022-10-18 00:44:16.421000','2022-10-18 00:44:16.421000',NULL,NULL),(71,'plugin::content-manager.explorer.create','api::alerts-code.alerts-code','{\"fields\": [\"nume\", \"foto\", \"culoare\"], \"locales\": [\"en\", \"ro\"]}','[]','2022-10-21 12:54:31.189000','2022-10-21 12:54:31.189000',NULL,NULL),(72,'plugin::content-manager.explorer.read','api::alerts-code.alerts-code','{\"fields\": [\"nume\", \"foto\", \"culoare\"], \"locales\": [\"en\", \"ro\"]}','[]','2022-10-21 12:54:31.193000','2022-10-21 12:54:31.193000',NULL,NULL),(73,'plugin::content-manager.explorer.update','api::alerts-code.alerts-code','{\"fields\": [\"nume\", \"foto\", \"culoare\"], \"locales\": [\"en\", \"ro\"]}','[]','2022-10-21 12:54:31.196000','2022-10-21 12:54:31.196000',NULL,NULL),(74,'plugin::content-manager.explorer.delete','api::alerts-code.alerts-code','{\"locales\": [\"en\", \"ro\"]}','[]','2022-10-21 12:54:31.199000','2022-10-21 12:54:31.199000',NULL,NULL),(75,'plugin::content-manager.explorer.publish','api::alerts-code.alerts-code','{\"locales\": [\"en\", \"ro\"]}','[]','2022-10-21 12:54:31.203000','2022-10-21 12:54:31.203000',NULL,NULL),(77,'plugin::content-manager.explorer.create','api::alert.alert','{\"fields\": [\"start\", \"final\", \"titlu\", \"continut\", \"organizatie\", \"judete\", \"coduri_alerta\", \"users\"], \"locales\": [\"en\", \"ro\"]}','[]','2022-10-21 12:54:31.206000','2022-10-21 12:54:31.206000',NULL,NULL),(80,'plugin::content-manager.explorer.read','api::alert.alert','{\"fields\": [\"start\", \"final\", \"titlu\", \"continut\", \"organizatie\", \"judete\", \"coduri_alerta\", \"users\"], \"locales\": [\"en\", \"ro\"]}','[]','2022-10-21 12:54:31.209000','2022-10-21 12:54:31.209000',NULL,NULL),(83,'plugin::content-manager.explorer.update','api::alert.alert','{\"fields\": [\"start\", \"final\", \"titlu\", \"continut\", \"organizatie\", \"judete\", \"coduri_alerta\", \"users\"], \"locales\": [\"en\", \"ro\"]}','[]','2022-10-21 12:54:31.211000','2022-10-21 12:54:31.211000',NULL,NULL),(85,'plugin::content-manager.explorer.delete','api::alert.alert','{\"locales\": [\"en\", \"ro\"]}','[]','2022-10-21 12:54:31.214000','2022-10-21 12:54:31.214000',NULL,NULL),(86,'plugin::content-manager.explorer.publish','api::alert.alert','{\"locales\": [\"en\", \"ro\"]}','[]','2022-10-21 12:54:31.218000','2022-10-21 12:54:31.218000',NULL,NULL),(93,'plugin::content-manager.explorer.delete','api::article.article','{\"locales\": [\"en\", \"ro\"]}','[]','2022-10-21 12:54:31.221000','2022-10-21 12:54:31.221000',NULL,NULL),(94,'plugin::content-manager.explorer.publish','api::article.article','{\"locales\": [\"en\", \"ro\"]}','[]','2022-10-21 12:54:31.225000','2022-10-21 12:54:31.225000',NULL,NULL),(95,'plugin::content-manager.explorer.create','api::article.article','{\"fields\": [\"titlu\", \"continut\", \"foto\", \"organizaties\"], \"locales\": [\"en\", \"ro\"]}','[]','2022-10-21 12:54:31.229000','2022-10-21 12:54:31.229000',NULL,NULL),(96,'plugin::content-manager.explorer.create','api::organization.organization','{\"fields\": [\"nume\", \"icon\", \"articoles\"]}','[]','2022-10-19 13:20:23.781000','2022-10-19 13:20:23.781000',NULL,NULL),(97,'plugin::content-manager.explorer.read','api::article.article','{\"fields\": [\"titlu\", \"continut\", \"foto\", \"organizaties\"], \"locales\": [\"en\", \"ro\"]}','[]','2022-10-21 12:54:31.233000','2022-10-21 12:54:31.233000',NULL,NULL),(98,'plugin::content-manager.explorer.read','api::organization.organization','{\"fields\": [\"nume\", \"icon\", \"articoles\"]}','[]','2022-10-19 13:20:23.804000','2022-10-19 13:20:23.804000',NULL,NULL),(99,'plugin::content-manager.explorer.update','api::article.article','{\"fields\": [\"titlu\", \"continut\", \"foto\", \"organizaties\"], \"locales\": [\"en\", \"ro\"]}','[]','2022-10-21 12:54:31.237000','2022-10-21 12:54:31.237000',NULL,NULL),(100,'plugin::content-manager.explorer.update','api::organization.organization','{\"fields\": [\"nume\", \"icon\", \"articoles\"]}','[]','2022-10-19 13:20:23.826000','2022-10-19 13:20:23.826000',NULL,NULL),(104,'plugin::content-manager.explorer.delete','api::courses-category.courses-category','{\"locales\": [\"en\", \"ro\"]}','[]','2022-10-21 12:54:31.240000','2022-10-21 12:54:31.240000',NULL,NULL),(108,'plugin::content-manager.explorer.delete','api::ip-category.ip-category','{\"locales\": [\"en\", \"ro\"]}','[]','2022-10-21 12:54:31.243000','2022-10-21 12:54:31.243000',NULL,NULL),(109,'plugin::content-manager.explorer.publish','api::ip-category.ip-category','{\"locales\": [\"en\", \"ro\"]}','[]','2022-10-21 12:54:31.245000','2022-10-21 12:54:31.245000',NULL,NULL),(110,'plugin::content-manager.explorer.create','api::course.course','{\"fields\": [\"titlu\", \"continut\", \"url_youtube\", \"categorie_cursuri\", \"imagine_previzualizare\"], \"locales\": [\"en\", \"ro\"]}','[]','2022-10-21 12:54:31.249000','2022-10-21 12:54:31.249000',NULL,NULL),(111,'plugin::content-manager.explorer.create','api::courses-category.courses-category','{\"fields\": [\"nume\", \"curs\"], \"locales\": [\"en\", \"ro\"]}','[]','2022-10-21 12:54:31.252000','2022-10-21 12:54:31.252000',NULL,NULL),(112,'plugin::content-manager.explorer.read','api::course.course','{\"fields\": [\"titlu\", \"continut\", \"url_youtube\", \"categorie_cursuri\", \"imagine_previzualizare\"], \"locales\": [\"en\", \"ro\"]}','[]','2022-10-21 12:54:31.255000','2022-10-21 12:54:31.255000',NULL,NULL),(113,'plugin::content-manager.explorer.read','api::courses-category.courses-category','{\"fields\": [\"nume\", \"curs\"], \"locales\": [\"en\", \"ro\"]}','[]','2022-10-21 12:54:31.258000','2022-10-21 12:54:31.258000',NULL,NULL),(114,'plugin::content-manager.explorer.update','api::course.course','{\"fields\": [\"titlu\", \"continut\", \"url_youtube\", \"categorie_cursuri\", \"imagine_previzualizare\"], \"locales\": [\"en\", \"ro\"]}','[]','2022-10-21 12:54:31.260000','2022-10-21 12:54:31.260000',NULL,NULL),(115,'plugin::content-manager.explorer.update','api::courses-category.courses-category','{\"fields\": [\"nume\", \"curs\"], \"locales\": [\"en\", \"ro\"]}','[]','2022-10-21 12:54:31.263000','2022-10-21 12:54:31.263000',NULL,NULL),(116,'plugin::content-manager.explorer.delete','api::course.course','{\"locales\": [\"en\", \"ro\"]}','[]','2022-10-21 12:54:31.268000','2022-10-21 12:54:31.268000',NULL,NULL),(117,'plugin::content-manager.explorer.publish','api::course.course','{\"locales\": [\"en\", \"ro\"]}','[]','2022-10-21 12:54:31.275000','2022-10-21 12:54:31.275000',NULL,NULL),(118,'plugin::content-manager.explorer.create','api::link.link','{\"fields\": [\"titlu\", \"url\"], \"locales\": [\"en\", \"ro\"]}','[]','2022-10-21 12:54:31.282000','2022-10-21 12:54:31.282000',NULL,NULL),(119,'plugin::content-manager.explorer.read','api::link.link','{\"fields\": [\"titlu\", \"url\"], \"locales\": [\"en\", \"ro\"]}','[]','2022-10-21 12:54:31.292000','2022-10-21 12:54:31.292000',NULL,NULL),(120,'plugin::content-manager.explorer.update','api::link.link','{\"fields\": [\"titlu\", \"url\"], \"locales\": [\"en\", \"ro\"]}','[]','2022-10-21 12:54:31.300000','2022-10-21 12:54:31.300000',NULL,NULL),(121,'plugin::content-manager.explorer.delete','api::link.link','{\"locales\": [\"en\", \"ro\"]}','[]','2022-10-21 12:54:31.305000','2022-10-21 12:54:31.305000',NULL,NULL),(122,'plugin::content-manager.explorer.publish','api::link.link','{\"locales\": [\"en\", \"ro\"]}','[]','2022-10-21 12:54:31.309000','2022-10-21 12:54:31.309000',NULL,NULL),(123,'plugin::content-manager.explorer.create','api::pozition.pozition','{\"fields\": [\"nume\", \"utilizatori\"], \"locales\": [\"en\", \"ro\"]}','[]','2022-10-21 12:54:31.316000','2022-10-21 12:54:31.316000',NULL,NULL),(124,'plugin::content-manager.explorer.read','api::pozition.pozition','{\"fields\": [\"nume\", \"utilizatori\"], \"locales\": [\"en\", \"ro\"]}','[]','2022-10-21 12:54:31.320000','2022-10-21 12:54:31.320000',NULL,NULL),(125,'plugin::content-manager.explorer.update','api::pozition.pozition','{\"fields\": [\"nume\", \"utilizatori\"], \"locales\": [\"en\", \"ro\"]}','[]','2022-10-21 12:54:31.323000','2022-10-21 12:54:31.323000',NULL,NULL),(126,'plugin::content-manager.explorer.delete','api::pozition.pozition','{\"locales\": [\"en\", \"ro\"]}','[]','2022-10-21 12:54:31.330000','2022-10-21 12:54:31.330000',NULL,NULL),(127,'plugin::content-manager.explorer.publish','api::pozition.pozition','{\"locales\": [\"en\", \"ro\"]}','[]','2022-10-21 12:54:31.339000','2022-10-21 12:54:31.339000',NULL,NULL),(128,'plugin::content-manager.explorer.create','api::ip-category.ip-category','{\"fields\": [\"nume\", \"interest_points\"], \"locales\": [\"en\", \"ro\"]}','[]','2022-10-21 12:54:31.345000','2022-10-21 12:54:31.345000',NULL,NULL),(129,'plugin::content-manager.explorer.create','api::ip-point.ip-point','{\"fields\": [\"titlu\", \"adresa\", \"numar_telefon\", \"website\", \"latitudine\", \"longitudine\", \"ip_category\"]}','[]','2022-10-19 13:31:52.466000','2022-10-19 13:31:52.466000',NULL,NULL),(130,'plugin::content-manager.explorer.read','api::ip-category.ip-category','{\"fields\": [\"nume\", \"interest_points\"], \"locales\": [\"en\", \"ro\"]}','[]','2022-10-21 12:54:31.351000','2022-10-21 12:54:31.351000',NULL,NULL),(131,'plugin::content-manager.explorer.read','api::ip-point.ip-point','{\"fields\": [\"titlu\", \"adresa\", \"numar_telefon\", \"website\", \"latitudine\", \"longitudine\", \"ip_category\"]}','[]','2022-10-19 13:31:52.485000','2022-10-19 13:31:52.485000',NULL,NULL),(132,'plugin::content-manager.explorer.update','api::ip-category.ip-category','{\"fields\": [\"nume\", \"interest_points\"], \"locales\": [\"en\", \"ro\"]}','[]','2022-10-21 12:54:31.357000','2022-10-21 12:54:31.357000',NULL,NULL),(133,'plugin::content-manager.explorer.update','api::ip-point.ip-point','{\"fields\": [\"titlu\", \"adresa\", \"numar_telefon\", \"website\", \"latitudine\", \"longitudine\", \"ip_category\"]}','[]','2022-10-19 13:31:52.505000','2022-10-19 13:31:52.505000',NULL,NULL),(134,'plugin::content-manager.explorer.delete','api::ip-point.ip-point','{}','[]','2022-10-19 13:31:52.515000','2022-10-19 13:31:52.515000',NULL,NULL),(135,'plugin::content-manager.explorer.publish','api::ip-point.ip-point','{}','[]','2022-10-19 13:31:52.526000','2022-10-19 13:31:52.526000',NULL,NULL),(139,'plugin::content-manager.explorer.delete','api::reporting.reporting','{}','[]','2022-10-19 13:33:55.090000','2022-10-19 13:33:55.090000',NULL,NULL),(140,'plugin::content-manager.explorer.publish','api::reporting.reporting','{}','[]','2022-10-19 13:33:55.102000','2022-10-19 13:33:55.102000',NULL,NULL),(141,'plugin::content-manager.explorer.create','api::unreg-user.unreg-user','{\"fields\": [\"firebase_token\"]}','[]','2022-10-19 13:34:54.911000','2022-10-19 13:34:54.911000',NULL,NULL),(142,'plugin::content-manager.explorer.read','api::unreg-user.unreg-user','{\"fields\": [\"firebase_token\"]}','[]','2022-10-19 13:34:54.924000','2022-10-19 13:34:54.924000',NULL,NULL),(143,'plugin::content-manager.explorer.update','api::unreg-user.unreg-user','{\"fields\": [\"firebase_token\"]}','[]','2022-10-19 13:34:54.933000','2022-10-19 13:34:54.933000',NULL,NULL),(144,'plugin::content-manager.explorer.delete','api::unreg-user.unreg-user','{}','[]','2022-10-19 13:34:54.945000','2022-10-19 13:34:54.945000',NULL,NULL),(145,'plugin::content-manager.explorer.create','plugin::users-permissions.user','{\"fields\": [\"username\", \"email\", \"provider\", \"password\", \"resetPasswordToken\", \"confirmationToken\", \"confirmed\", \"blocked\", \"role\", \"alerts\", \"full_name\", \"push_notify\", \"email_notify\", \"firebase_token\", \"judete\"]}','[]','2022-10-19 13:38:13.422000','2022-10-19 13:38:13.422000',NULL,NULL),(146,'plugin::content-manager.explorer.create','api::county.county','{\"fields\": [\"nume\", \"abreviere\", \"d\", \"alerte\", \"users\"]}','[]','2022-10-19 13:38:13.434000','2022-10-19 13:38:13.434000',NULL,NULL),(147,'plugin::content-manager.explorer.read','plugin::users-permissions.user','{\"fields\": [\"username\", \"email\", \"provider\", \"password\", \"resetPasswordToken\", \"confirmationToken\", \"confirmed\", \"blocked\", \"role\", \"alerts\", \"full_name\", \"push_notify\", \"email_notify\", \"firebase_token\", \"judete\"]}','[]','2022-10-19 13:38:13.443000','2022-10-19 13:38:13.443000',NULL,NULL),(148,'plugin::content-manager.explorer.read','api::county.county','{\"fields\": [\"nume\", \"abreviere\", \"d\", \"alerte\", \"users\"]}','[]','2022-10-19 13:38:13.453000','2022-10-19 13:38:13.453000',NULL,NULL),(149,'plugin::content-manager.explorer.update','plugin::users-permissions.user','{\"fields\": [\"username\", \"email\", \"provider\", \"password\", \"resetPasswordToken\", \"confirmationToken\", \"confirmed\", \"blocked\", \"role\", \"alerts\", \"full_name\", \"push_notify\", \"email_notify\", \"firebase_token\", \"judete\"]}','[]','2022-10-19 13:38:13.464000','2022-10-19 13:38:13.464000',NULL,NULL),(150,'plugin::content-manager.explorer.update','api::county.county','{\"fields\": [\"nume\", \"abreviere\", \"d\", \"alerte\", \"users\"]}','[]','2022-10-19 13:38:13.472000','2022-10-19 13:38:13.472000',NULL,NULL),(151,'plugin::content-manager.explorer.create','api::audit.audit','{\"fields\": [\"action\", \"admin_user\", \"ora\"]}','[]','2022-10-26 12:55:18.901000','2022-10-26 12:55:18.901000',NULL,NULL),(152,'plugin::content-manager.explorer.read','api::audit.audit','{\"fields\": [\"action\", \"admin_user\", \"ora\"]}','[]','2022-10-26 12:55:18.906000','2022-10-26 12:55:18.906000',NULL,NULL),(153,'plugin::content-manager.explorer.update','api::audit.audit','{\"fields\": [\"action\", \"admin_user\", \"ora\"]}','[]','2022-10-26 12:55:18.910000','2022-10-26 12:55:18.910000',NULL,NULL),(154,'plugin::content-manager.explorer.delete','api::audit.audit','{}','[]','2022-10-26 12:55:18.913000','2022-10-26 12:55:18.913000',NULL,NULL),(155,'plugin::content-manager.explorer.publish','api::audit.audit','{}','[]','2022-10-26 12:55:18.915000','2022-10-26 12:55:18.915000',NULL,NULL),(156,'plugin::content-manager.explorer.create','api::privacy-policy.privacy-policy','{\"fields\": [\"continut\"], \"locales\": [\"en\", \"ro\"]}','[]','2022-10-26 13:06:38.846000','2022-10-26 13:06:38.846000',NULL,NULL),(157,'plugin::content-manager.explorer.read','api::privacy-policy.privacy-policy','{\"fields\": [\"continut\"], \"locales\": [\"en\", \"ro\"]}','[]','2022-10-26 13:06:38.852000','2022-10-26 13:06:38.852000',NULL,NULL),(158,'plugin::content-manager.explorer.update','api::privacy-policy.privacy-policy','{\"fields\": [\"continut\"], \"locales\": [\"en\", \"ro\"]}','[]','2022-10-26 13:06:38.856000','2022-10-26 13:06:38.856000',NULL,NULL),(159,'plugin::content-manager.explorer.delete','api::privacy-policy.privacy-policy','{\"locales\": [\"en\", \"ro\"]}','[]','2022-10-26 13:06:38.859000','2022-10-26 13:06:38.859000',NULL,NULL),(160,'plugin::content-manager.explorer.publish','api::privacy-policy.privacy-policy','{\"locales\": [\"en\", \"ro\"]}','[]','2022-10-26 13:06:38.861000','2022-10-26 13:06:38.861000',NULL,NULL),(161,'plugin::content-manager.explorer.create','api::tnc.tnc','{\"fields\": [\"continut\"], \"locales\": [\"en\", \"ro\"]}','[]','2022-10-26 13:07:34.744000','2022-10-26 13:07:34.744000',NULL,NULL),(162,'plugin::content-manager.explorer.read','api::tnc.tnc','{\"fields\": [\"continut\"], \"locales\": [\"en\", \"ro\"]}','[]','2022-10-26 13:07:34.753000','2022-10-26 13:07:34.753000',NULL,NULL),(163,'plugin::content-manager.explorer.update','api::tnc.tnc','{\"fields\": [\"continut\"], \"locales\": [\"en\", \"ro\"]}','[]','2022-10-26 13:07:34.757000','2022-10-26 13:07:34.757000',NULL,NULL),(164,'plugin::content-manager.explorer.delete','api::tnc.tnc','{\"locales\": [\"en\", \"ro\"]}','[]','2022-10-26 13:07:34.761000','2022-10-26 13:07:34.761000',NULL,NULL),(165,'plugin::content-manager.explorer.publish','api::tnc.tnc','{\"locales\": [\"en\", \"ro\"]}','[]','2022-10-26 13:07:34.764000','2022-10-26 13:07:34.764000',NULL,NULL),(166,'plugin::content-manager.explorer.create','api::caravana-dsu.caravana-dsu','{\"fields\": [\"continut\"], \"locales\": [\"en\", \"ro\"]}','[]','2022-10-27 13:57:42.404000','2022-10-27 13:57:42.404000',NULL,NULL),(167,'plugin::content-manager.explorer.read','api::caravana-dsu.caravana-dsu','{\"fields\": [\"continut\"], \"locales\": [\"en\", \"ro\"]}','[]','2022-10-27 13:57:42.411000','2022-10-27 13:57:42.411000',NULL,NULL),(168,'plugin::content-manager.explorer.update','api::caravana-dsu.caravana-dsu','{\"fields\": [\"continut\"], \"locales\": [\"en\", \"ro\"]}','[]','2022-10-27 13:57:42.414000','2022-10-27 13:57:42.414000',NULL,NULL),(169,'plugin::content-manager.explorer.delete','api::caravana-dsu.caravana-dsu','{\"locales\": [\"en\", \"ro\"]}','[]','2022-10-27 13:57:42.417000','2022-10-27 13:57:42.417000',NULL,NULL),(170,'plugin::content-manager.explorer.publish','api::caravana-dsu.caravana-dsu','{\"locales\": [\"en\", \"ro\"]}','[]','2022-10-27 13:57:42.420000','2022-10-27 13:57:42.420000',NULL,NULL),(171,'plugin::content-manager.explorer.create','api::reporting.reporting','{\"fields\": [\"data\", \"upload\", \"descriere\", \"uploader\", \"status\"]}','[]','2022-10-27 14:01:08.773000','2022-10-27 14:01:08.773000',NULL,NULL),(172,'plugin::content-manager.explorer.read','api::reporting.reporting','{\"fields\": [\"data\", \"upload\", \"descriere\", \"uploader\", \"status\"]}','[]','2022-10-27 14:01:08.781000','2022-10-27 14:01:08.781000',NULL,NULL),(173,'plugin::content-manager.explorer.update','api::reporting.reporting','{\"fields\": [\"data\", \"upload\", \"descriere\", \"uploader\", \"status\"]}','[]','2022-10-27 14:01:08.784000','2022-10-27 14:01:08.784000',NULL,NULL);
/*!40000 ALTER TABLE `admin_permissions` ENABLE KEYS */;
UNLOCK TABLES;

--
-- Table structure for table `admin_permissions_role_links`
--

DROP TABLE IF EXISTS `admin_permissions_role_links`;
/*!40101 SET @saved_cs_client     = @@character_set_client */;
/*!50503 SET character_set_client = utf8mb4 */;
CREATE TABLE `admin_permissions_role_links` (
  `id` int(10) unsigned NOT NULL AUTO_INCREMENT,
  `permission_id` int(10) unsigned DEFAULT NULL,
  `role_id` int(10) unsigned DEFAULT NULL,
  PRIMARY KEY (`id`),
  KEY `admin_permissions_role_links_fk` (`permission_id`),
  KEY `admin_permissions_role_links_inv_fk` (`role_id`),
  CONSTRAINT `admin_permissions_role_links_fk` FOREIGN KEY (`permission_id`) REFERENCES `admin_permissions` (`id`) ON DELETE CASCADE,
  CONSTRAINT `admin_permissions_role_links_inv_fk` FOREIGN KEY (`role_id`) REFERENCES `admin_roles` (`id`) ON DELETE CASCADE
) ENGINE=InnoDB AUTO_INCREMENT=213 DEFAULT CHARSET=utf8;
/*!40101 SET character_set_client = @saved_cs_client */;

--
-- Dumping data for table `admin_permissions_role_links`
--

LOCK TABLES `admin_permissions_role_links` WRITE;
/*!40000 ALTER TABLE `admin_permissions_role_links` DISABLE KEYS */;
INSERT INTO `admin_permissions_role_links` VALUES (1,1,2),(2,2,2),(3,3,2),(4,4,2),(5,5,2),(6,6,3),(7,7,3),(8,8,3),(9,9,3),(10,10,3),(14,14,1),(15,15,1),(16,16,1),(17,17,1),(18,18,1),(19,19,1),(20,20,1),(21,21,1),(22,22,1),(23,23,1),(24,24,1),(25,25,1),(26,26,1),(27,27,1),(28,28,1),(29,29,1),(30,30,1),(31,31,1),(32,32,1),(33,33,1),(34,34,1),(35,35,1),(36,36,1),(37,37,1),(38,38,1),(39,39,1),(40,40,1),(41,41,1),(42,42,1),(43,43,1),(44,44,1),(45,45,1),(46,46,1),(47,47,1),(48,48,1),(49,49,1),(50,50,1),(51,51,1),(52,52,1),(53,53,1),(54,54,1),(55,55,1),(56,56,1),(57,57,1),(58,58,1),(59,59,1),(60,60,1),(61,61,1),(62,62,1),(66,66,1),(70,70,1),(96,96,1),(98,98,1),(100,100,1),(129,129,1),(131,131,1),(133,133,1),(134,134,1),(135,135,1),(139,139,1),(140,140,1),(141,141,1),(142,142,1),(143,143,1),(144,144,1),(145,145,1),(146,146,1),(147,147,1),(148,148,1),(149,149,1),(150,150,1),(151,71,1),(152,72,1),(153,73,1),(154,74,1),(155,75,1),(156,77,1),(157,80,1),(158,83,1),(159,85,1),(160,86,1),(161,93,1),(162,94,1),(163,95,1),(164,97,1),(165,99,1),(166,104,1),(167,108,1),(168,109,1),(169,110,1),(170,111,1),(171,112,1),(172,113,1),(173,114,1),(174,115,1),(175,116,1),(176,117,1),(177,118,1),(178,119,1),(179,120,1),(180,121,1),(181,122,1),(182,123,1),(183,124,1),(184,125,1),(185,126,1),(186,127,1),(187,128,1),(188,130,1),(189,132,1),(190,151,1),(191,152,1),(192,153,1),(193,154,1),(194,155,1),(195,156,1),(196,157,1),(197,158,1),(198,159,1),(199,160,1),(200,161,1),(201,162,1),(202,163,1),(203,164,1),(204,165,1),(205,166,1),(206,167,1),(207,168,1),(208,169,1),(209,170,1),(210,171,1),(211,172,1),(212,173,1);
/*!40000 ALTER TABLE `admin_permissions_role_links` ENABLE KEYS */;
UNLOCK TABLES;

--
-- Table structure for table `admin_roles`
--

DROP TABLE IF EXISTS `admin_roles`;
/*!40101 SET @saved_cs_client     = @@character_set_client */;
/*!50503 SET character_set_client = utf8mb4 */;
CREATE TABLE `admin_roles` (
  `id` int(10) unsigned NOT NULL AUTO_INCREMENT,
  `name` varchar(255) DEFAULT NULL,
  `code` varchar(255) DEFAULT NULL,
  `description` varchar(255) DEFAULT NULL,
  `created_at` datetime(6) DEFAULT NULL,
  `updated_at` datetime(6) DEFAULT NULL,
  `created_by_id` int(10) unsigned DEFAULT NULL,
  `updated_by_id` int(10) unsigned DEFAULT NULL,
  PRIMARY KEY (`id`),
  KEY `admin_roles_created_by_id_fk` (`created_by_id`),
  KEY `admin_roles_updated_by_id_fk` (`updated_by_id`),
  CONSTRAINT `admin_roles_created_by_id_fk` FOREIGN KEY (`created_by_id`) REFERENCES `admin_users` (`id`) ON DELETE SET NULL,
  CONSTRAINT `admin_roles_updated_by_id_fk` FOREIGN KEY (`updated_by_id`) REFERENCES `admin_users` (`id`) ON DELETE SET NULL
) ENGINE=InnoDB AUTO_INCREMENT=4 DEFAULT CHARSET=utf8;
/*!40101 SET character_set_client = @saved_cs_client */;

--
-- Dumping data for table `admin_roles`
--

LOCK TABLES `admin_roles` WRITE;
/*!40000 ALTER TABLE `admin_roles` DISABLE KEYS */;
INSERT INTO `admin_roles` VALUES (1,'Super Admin','strapi-super-admin','Super Admins can access and manage all features and settings.','2022-10-18 00:29:07.851000','2022-10-18 00:29:07.851000',NULL,NULL),(2,'Editor','strapi-editor','Editors can manage and publish contents including those of other users.','2022-10-18 00:29:07.857000','2022-10-18 00:29:07.857000',NULL,NULL),(3,'Author','strapi-author','Authors can manage the content they have created.','2022-10-18 00:29:07.862000','2022-10-18 00:29:07.862000',NULL,NULL);
/*!40000 ALTER TABLE `admin_roles` ENABLE KEYS */;
UNLOCK TABLES;

--
-- Table structure for table `admin_users`
--

DROP TABLE IF EXISTS `admin_users`;
/*!40101 SET @saved_cs_client     = @@character_set_client */;
/*!50503 SET character_set_client = utf8mb4 */;
CREATE TABLE `admin_users` (
  `id` int(10) unsigned NOT NULL AUTO_INCREMENT,
  `firstname` varchar(255) DEFAULT NULL,
  `lastname` varchar(255) DEFAULT NULL,
  `username` varchar(255) DEFAULT NULL,
  `email` varchar(255) DEFAULT NULL,
  `password` varchar(255) DEFAULT NULL,
  `reset_password_token` varchar(255) DEFAULT NULL,
  `registration_token` varchar(255) DEFAULT NULL,
  `is_active` tinyint(1) DEFAULT NULL,
  `blocked` tinyint(1) DEFAULT NULL,
  `prefered_language` varchar(255) DEFAULT NULL,
  `created_at` datetime(6) DEFAULT NULL,
  `updated_at` datetime(6) DEFAULT NULL,
  `created_by_id` int(10) unsigned DEFAULT NULL,
  `updated_by_id` int(10) unsigned DEFAULT NULL,
  PRIMARY KEY (`id`),
  KEY `admin_users_created_by_id_fk` (`created_by_id`),
  KEY `admin_users_updated_by_id_fk` (`updated_by_id`),
  CONSTRAINT `admin_users_created_by_id_fk` FOREIGN KEY (`created_by_id`) REFERENCES `admin_users` (`id`) ON DELETE SET NULL,
  CONSTRAINT `admin_users_updated_by_id_fk` FOREIGN KEY (`updated_by_id`) REFERENCES `admin_users` (`id`) ON DELETE SET NULL
) ENGINE=InnoDB AUTO_INCREMENT=4 DEFAULT CHARSET=utf8;
/*!40101 SET character_set_client = @saved_cs_client */;

--
-- Dumping data for table `admin_users`
--

LOCK TABLES `admin_users` WRITE;
/*!40000 ALTER TABLE `admin_users` DISABLE KEYS */;
INSERT INTO `admin_users` VALUES (1,'marin','catalin',NULL,'catalin@orson.ro','$2a$10$KoO3dfy4LB2dRmHCSgUv2.KikGhpNzXCAd.203QyTAGEvlwcBGS7C',NULL,NULL,1,0,NULL,'2022-10-18 00:29:41.359000','2022-10-18 00:29:41.359000',NULL,NULL),(2,'Alex','Marin',NULL,'alex.marin@orson.ro','$2a$10$t3zbWBpBtDuKtGPi1IDn2eqdszStS54U8UNdZS3wGOZHYPpiz.qIO',NULL,'53ce299f604d6217dc0affeb658f9396c2cf2b59',1,0,NULL,'2022-10-31 11:42:18.880000','2022-10-31 11:44:26.314000',NULL,NULL),(3,'Elena','Marin',NULL,'elena@orson.ro','$2a$10$Bzy6FuIY6CWeN5tP9iDr8O.sgA7IivfY2U1cQBmJlETLgWpMXgHUC',NULL,'48add748a49fd324ef89d7cb6dece6e9493f8c5c',1,0,NULL,'2022-10-31 11:43:00.260000','2022-10-31 11:44:45.323000',NULL,NULL);
/*!40000 ALTER TABLE `admin_users` ENABLE KEYS */;
UNLOCK TABLES;

--
-- Table structure for table `admin_users_roles_links`
--

DROP TABLE IF EXISTS `admin_users_roles_links`;
/*!40101 SET @saved_cs_client     = @@character_set_client */;
/*!50503 SET character_set_client = utf8mb4 */;
CREATE TABLE `admin_users_roles_links` (
  `id` int(10) unsigned NOT NULL AUTO_INCREMENT,
  `user_id` int(10) unsigned DEFAULT NULL,
  `role_id` int(10) unsigned DEFAULT NULL,
  PRIMARY KEY (`id`),
  KEY `admin_users_roles_links_fk` (`user_id`),
  KEY `admin_users_roles_links_inv_fk` (`role_id`),
  CONSTRAINT `admin_users_roles_links_fk` FOREIGN KEY (`user_id`) REFERENCES `admin_users` (`id`) ON DELETE CASCADE,
  CONSTRAINT `admin_users_roles_links_inv_fk` FOREIGN KEY (`role_id`) REFERENCES `admin_roles` (`id`) ON DELETE CASCADE
) ENGINE=InnoDB AUTO_INCREMENT=9 DEFAULT CHARSET=utf8;
/*!40101 SET character_set_client = @saved_cs_client */;

--
-- Dumping data for table `admin_users_roles_links`
--

LOCK TABLES `admin_users_roles_links` WRITE;
/*!40000 ALTER TABLE `admin_users_roles_links` DISABLE KEYS */;
INSERT INTO `admin_users_roles_links` VALUES (1,1,1),(6,2,3),(8,3,2);
/*!40000 ALTER TABLE `admin_users_roles_links` ENABLE KEYS */;
UNLOCK TABLES;

--
-- Table structure for table `alerts`
--

DROP TABLE IF EXISTS `alerts`;
/*!40101 SET @saved_cs_client     = @@character_set_client */;
/*!50503 SET character_set_client = utf8mb4 */;
CREATE TABLE `alerts` (
  `id` int(10) unsigned NOT NULL AUTO_INCREMENT,
  `start` datetime(6) DEFAULT NULL,
  `final` datetime(6) DEFAULT NULL,
  `titlu` varchar(255) DEFAULT NULL,
  `continut` longtext,
  `created_at` datetime(6) DEFAULT NULL,
  `updated_at` datetime(6) DEFAULT NULL,
  `published_at` datetime(6) DEFAULT NULL,
  `created_by_id` int(10) unsigned DEFAULT NULL,
  `updated_by_id` int(10) unsigned DEFAULT NULL,
  `locale` varchar(255) DEFAULT NULL,
  PRIMARY KEY (`id`),
  KEY `alerts_created_by_id_fk` (`created_by_id`),
  KEY `alerts_updated_by_id_fk` (`updated_by_id`),
  CONSTRAINT `alerts_created_by_id_fk` FOREIGN KEY (`created_by_id`) REFERENCES `admin_users` (`id`) ON DELETE SET NULL,
  CONSTRAINT `alerts_updated_by_id_fk` FOREIGN KEY (`updated_by_id`) REFERENCES `admin_users` (`id`) ON DELETE SET NULL
) ENGINE=InnoDB AUTO_INCREMENT=35 DEFAULT CHARSET=utf8;
/*!40101 SET character_set_client = @saved_cs_client */;

--
-- Dumping data for table `alerts`
--

LOCK TABLES `alerts` WRITE;
/*!40000 ALTER TABLE `alerts` DISABLE KEYS */;
INSERT INTO `alerts` VALUES (34,'2022-10-29 18:30:00.000000','2022-11-01 21:10:00.000000','Alertă ANM: Cod Galben  de caniculă severă în  județele Caraş-Severin și Hunedoara','Feugiat in fermentum posuere urna. Amet cursus sit amet dictum. Neque gravida in fermentum et sollicitudin ac orci phasellus egestas. Viverra nibh cras pulvinar mattis nunc sed blandit. Nullam ac tortor vitae purus. Accumsan tortor posuere ac ut consequat semper.\n\nFames ac turpis egestas sed tempus urna et pharetra. Lectus proin nibh nisl condimentum id. Vivamus at augue eget arcu. Donec ultrices tincidunt arcu non.\n\nLorem ipsum dolor sit amet, consectetur adipiscing elit, sed do eiusmod tempor incididunt ut labore et dolore magna aliqua. Cursus vitae congue mauris rhoncus aenean vel elit scelerisque. Adipiscing elit ut aliquam purus sit amet luctus venenatis.\n\nNisl condimentum id venenatis a condimentum vitae. Euismod quis viverra nibh cras pulvinar mattis nunc sed. A cras semper auctor neque vitae tempus quam pellentesque. Tortor pretium viverra suspendisse potenti nullam ac. Gravida cum sociis natoque penatibus et magnis dis parturient montes .','2022-10-21 21:06:45.436000','2022-10-31 15:54:14.019000','2022-10-31 14:45:47.148000',NULL,1,'ro');
/*!40000 ALTER TABLE `alerts` ENABLE KEYS */;
UNLOCK TABLES;

--
-- Table structure for table `alerts_codes`
--

DROP TABLE IF EXISTS `alerts_codes`;
/*!40101 SET @saved_cs_client     = @@character_set_client */;
/*!50503 SET character_set_client = utf8mb4 */;
CREATE TABLE `alerts_codes` (
  `id` int(10) unsigned NOT NULL AUTO_INCREMENT,
  `nume` varchar(255) DEFAULT NULL,
  `culoare` varchar(255) DEFAULT NULL,
  `created_at` datetime(6) DEFAULT NULL,
  `updated_at` datetime(6) DEFAULT NULL,
  `published_at` datetime(6) DEFAULT NULL,
  `created_by_id` int(10) unsigned DEFAULT NULL,
  `updated_by_id` int(10) unsigned DEFAULT NULL,
  `locale` varchar(255) DEFAULT NULL,
  PRIMARY KEY (`id`),
  KEY `alerts_codes_created_by_id_fk` (`created_by_id`),
  KEY `alerts_codes_updated_by_id_fk` (`updated_by_id`),
  CONSTRAINT `alerts_codes_created_by_id_fk` FOREIGN KEY (`created_by_id`) REFERENCES `admin_users` (`id`) ON DELETE SET NULL,
  CONSTRAINT `alerts_codes_updated_by_id_fk` FOREIGN KEY (`updated_by_id`) REFERENCES `admin_users` (`id`) ON DELETE SET NULL
) ENGINE=InnoDB AUTO_INCREMENT=4 DEFAULT CHARSET=utf8;
/*!40101 SET character_set_client = @saved_cs_client */;

--
-- Dumping data for table `alerts_codes`
--

LOCK TABLES `alerts_codes` WRITE;
/*!40000 ALTER TABLE `alerts_codes` DISABLE KEYS */;
INSERT INTO `alerts_codes` VALUES (1,'Roșu','ROSU','2022-10-21 13:11:55.091000','2022-10-21 13:11:55.091000','2022-10-21 13:11:55.087000',NULL,NULL,'ro'),(2,'Portocaliu','PORTOCALIU','2022-10-21 13:11:55.109000','2022-10-21 13:11:55.109000','2022-10-21 13:11:55.106000',NULL,NULL,'ro'),(3,'Galben','GALBEN','2022-10-21 13:11:55.126000','2022-10-21 13:11:55.126000','2022-10-21 13:11:55.123000',NULL,NULL,'ro');
/*!40000 ALTER TABLE `alerts_codes` ENABLE KEYS */;
UNLOCK TABLES;

--
-- Table structure for table `alerts_codes_localizations_links`
--

DROP TABLE IF EXISTS `alerts_codes_localizations_links`;
/*!40101 SET @saved_cs_client     = @@character_set_client */;
/*!50503 SET character_set_client = utf8mb4 */;
CREATE TABLE `alerts_codes_localizations_links` (
  `id` int(10) unsigned NOT NULL AUTO_INCREMENT,
  `alerts_code_id` int(10) unsigned DEFAULT NULL,
  `inv_alerts_code_id` int(10) unsigned DEFAULT NULL,
  PRIMARY KEY (`id`),
  KEY `alerts_codes_localizations_links_fk` (`alerts_code_id`),
  KEY `alerts_codes_localizations_links_inv_fk` (`inv_alerts_code_id`),
  CONSTRAINT `alerts_codes_localizations_links_fk` FOREIGN KEY (`alerts_code_id`) REFERENCES `alerts_codes` (`id`) ON DELETE CASCADE,
  CONSTRAINT `alerts_codes_localizations_links_inv_fk` FOREIGN KEY (`inv_alerts_code_id`) REFERENCES `alerts_codes` (`id`) ON DELETE CASCADE
) ENGINE=InnoDB DEFAULT CHARSET=utf8;
/*!40101 SET character_set_client = @saved_cs_client */;

--
-- Dumping data for table `alerts_codes_localizations_links`
--

LOCK TABLES `alerts_codes_localizations_links` WRITE;
/*!40000 ALTER TABLE `alerts_codes_localizations_links` DISABLE KEYS */;
/*!40000 ALTER TABLE `alerts_codes_localizations_links` ENABLE KEYS */;
UNLOCK TABLES;

--
-- Table structure for table `alerts_coduri_alerta_links`
--

DROP TABLE IF EXISTS `alerts_coduri_alerta_links`;
/*!40101 SET @saved_cs_client     = @@character_set_client */;
/*!50503 SET character_set_client = utf8mb4 */;
CREATE TABLE `alerts_coduri_alerta_links` (
  `id` int(10) unsigned NOT NULL AUTO_INCREMENT,
  `alert_id` int(10) unsigned DEFAULT NULL,
  `alerts_code_id` int(10) unsigned DEFAULT NULL,
  PRIMARY KEY (`id`),
  KEY `alerts_coduri_alerta_links_fk` (`alert_id`),
  KEY `alerts_coduri_alerta_links_inv_fk` (`alerts_code_id`),
  CONSTRAINT `alerts_coduri_alerta_links_fk` FOREIGN KEY (`alert_id`) REFERENCES `alerts` (`id`) ON DELETE CASCADE,
  CONSTRAINT `alerts_coduri_alerta_links_inv_fk` FOREIGN KEY (`alerts_code_id`) REFERENCES `alerts_codes` (`id`) ON DELETE CASCADE
) ENGINE=InnoDB AUTO_INCREMENT=87 DEFAULT CHARSET=utf8;
/*!40101 SET character_set_client = @saved_cs_client */;

--
-- Dumping data for table `alerts_coduri_alerta_links`
--

LOCK TABLES `alerts_coduri_alerta_links` WRITE;
/*!40000 ALTER TABLE `alerts_coduri_alerta_links` DISABLE KEYS */;
INSERT INTO `alerts_coduri_alerta_links` VALUES (86,34,3);
/*!40000 ALTER TABLE `alerts_coduri_alerta_links` ENABLE KEYS */;
UNLOCK TABLES;

--
-- Table structure for table `alerts_judete_links`
--

DROP TABLE IF EXISTS `alerts_judete_links`;
/*!40101 SET @saved_cs_client     = @@character_set_client */;
/*!50503 SET character_set_client = utf8mb4 */;
CREATE TABLE `alerts_judete_links` (
  `id` int(10) unsigned NOT NULL AUTO_INCREMENT,
  `alert_id` int(10) unsigned DEFAULT NULL,
  `county_id` int(10) unsigned DEFAULT NULL,
  PRIMARY KEY (`id`),
  KEY `alerts_judete_links_fk` (`alert_id`),
  KEY `alerts_judete_links_inv_fk` (`county_id`),
  CONSTRAINT `alerts_judete_links_fk` FOREIGN KEY (`alert_id`) REFERENCES `alerts` (`id`) ON DELETE CASCADE,
  CONSTRAINT `alerts_judete_links_inv_fk` FOREIGN KEY (`county_id`) REFERENCES `counties` (`id`) ON DELETE CASCADE
) ENGINE=InnoDB DEFAULT CHARSET=utf8;
/*!40101 SET character_set_client = @saved_cs_client */;

--
-- Dumping data for table `alerts_judete_links`
--

LOCK TABLES `alerts_judete_links` WRITE;
/*!40000 ALTER TABLE `alerts_judete_links` DISABLE KEYS */;
/*!40000 ALTER TABLE `alerts_judete_links` ENABLE KEYS */;
UNLOCK TABLES;

--
-- Table structure for table `alerts_localizations_links`
--

DROP TABLE IF EXISTS `alerts_localizations_links`;
/*!40101 SET @saved_cs_client     = @@character_set_client */;
/*!50503 SET character_set_client = utf8mb4 */;
CREATE TABLE `alerts_localizations_links` (
  `id` int(10) unsigned NOT NULL AUTO_INCREMENT,
  `alert_id` int(10) unsigned DEFAULT NULL,
  `inv_alert_id` int(10) unsigned DEFAULT NULL,
  PRIMARY KEY (`id`),
  KEY `alerts_localizations_links_fk` (`alert_id`),
  KEY `alerts_localizations_links_inv_fk` (`inv_alert_id`),
  CONSTRAINT `alerts_localizations_links_fk` FOREIGN KEY (`alert_id`) REFERENCES `alerts` (`id`) ON DELETE CASCADE,
  CONSTRAINT `alerts_localizations_links_inv_fk` FOREIGN KEY (`inv_alert_id`) REFERENCES `alerts` (`id`) ON DELETE CASCADE
) ENGINE=InnoDB DEFAULT CHARSET=utf8;
/*!40101 SET character_set_client = @saved_cs_client */;

--
-- Dumping data for table `alerts_localizations_links`
--

LOCK TABLES `alerts_localizations_links` WRITE;
/*!40000 ALTER TABLE `alerts_localizations_links` DISABLE KEYS */;
/*!40000 ALTER TABLE `alerts_localizations_links` ENABLE KEYS */;
UNLOCK TABLES;

--
-- Table structure for table `alerts_organizatie_links`
--

DROP TABLE IF EXISTS `alerts_organizatie_links`;
/*!40101 SET @saved_cs_client     = @@character_set_client */;
/*!50503 SET character_set_client = utf8mb4 */;
CREATE TABLE `alerts_organizatie_links` (
  `id` int(10) unsigned NOT NULL AUTO_INCREMENT,
  `alert_id` int(10) unsigned DEFAULT NULL,
  `organization_id` int(10) unsigned DEFAULT NULL,
  PRIMARY KEY (`id`),
  KEY `alerts_organizatie_links_fk` (`alert_id`),
  KEY `alerts_organizatie_links_inv_fk` (`organization_id`),
  CONSTRAINT `alerts_organizatie_links_fk` FOREIGN KEY (`alert_id`) REFERENCES `alerts` (`id`) ON DELETE CASCADE,
  CONSTRAINT `alerts_organizatie_links_inv_fk` FOREIGN KEY (`organization_id`) REFERENCES `organizations` (`id`) ON DELETE CASCADE
) ENGINE=InnoDB AUTO_INCREMENT=89 DEFAULT CHARSET=utf8;
/*!40101 SET character_set_client = @saved_cs_client */;

--
-- Dumping data for table `alerts_organizatie_links`
--

LOCK TABLES `alerts_organizatie_links` WRITE;
/*!40000 ALTER TABLE `alerts_organizatie_links` DISABLE KEYS */;
INSERT INTO `alerts_organizatie_links` VALUES (88,34,2);
/*!40000 ALTER TABLE `alerts_organizatie_links` ENABLE KEYS */;
UNLOCK TABLES;

--
-- Table structure for table `articles`
--

DROP TABLE IF EXISTS `articles`;
/*!40101 SET @saved_cs_client     = @@character_set_client */;
/*!50503 SET character_set_client = utf8mb4 */;
CREATE TABLE `articles` (
  `id` int(10) unsigned NOT NULL AUTO_INCREMENT,
  `titlu` varchar(255) DEFAULT NULL,
  `continut` longtext,
  `created_at` datetime(6) DEFAULT NULL,
  `updated_at` datetime(6) DEFAULT NULL,
  `published_at` datetime(6) DEFAULT NULL,
  `created_by_id` int(10) unsigned DEFAULT NULL,
  `updated_by_id` int(10) unsigned DEFAULT NULL,
  `locale` varchar(255) DEFAULT NULL,
  PRIMARY KEY (`id`),
  KEY `articles_created_by_id_fk` (`created_by_id`),
  KEY `articles_updated_by_id_fk` (`updated_by_id`),
  CONSTRAINT `articles_created_by_id_fk` FOREIGN KEY (`created_by_id`) REFERENCES `admin_users` (`id`) ON DELETE SET NULL,
  CONSTRAINT `articles_updated_by_id_fk` FOREIGN KEY (`updated_by_id`) REFERENCES `admin_users` (`id`) ON DELETE SET NULL
) ENGINE=InnoDB AUTO_INCREMENT=16 DEFAULT CHARSET=utf8;
/*!40101 SET character_set_client = @saved_cs_client */;

--
-- Dumping data for table `articles`
--

LOCK TABLES `articles` WRITE;
/*!40000 ALTER TABLE `articles` DISABLE KEYS */;
INSERT INTO `articles` VALUES (7,'IGSU: Misiunile desfășurate de salvatori, în ultimele 24 de ore','Stingerea incendiilor, acordarea de prim ajutor, descarcerarea, deblocarea sau salvarea persoanelor și animalelor din medii ostile vieții reprezintă doar câteva exemple dintre cele 1.443 misiuni desfășurate de salvatori, în ultimele 24 de ore (18.10.2022).\n\nLa nivel național, 1.267 de persoane au primit ajutorul echipajelor SMURD, cele mai multe situații fiind înregistrate în zona București-Ilfov (291 cazuri), urmată de județele Cluj (63 cazuri), Timiș (58 cazuri) și Mureș (56 cazuri).\n\nÎn afara acestor situații, echipajele operative au intervenit pentru stingerea a 48 de incendii, precum și în alte 147 de intervenții în sprijinul comunităților.\n\nO atenție deosebită a fost alocată și accidentelor rutiere, echipajele de descarcerare acționând în 9 situații pentru extragerea victimelor blocate în autoturisme. \n\nTotodată, în perioada de referință, pe timpul misiunilor desfășurate pompierii militari au salvat 5 persoane aflate în dificultate. \n\nDintre cele mai relevante misiuni, amintim: \n\n❗O intervenție care a presupus atenție sporită din partea echipajelor de descarcerare și prim ajutor a avut loc ieri, în județul Vrancea, pe raza municipiului Adjud, DN 2, unde pompierii militari au intervenit pentru gestionarea urmărilor unui accident rutier produs între trei autoturisme. În urma impactului au rezultat trei victime, dintre care două încarcerate, în stop cardio-respirator. Echipajele de intervenție au extras persoanele blocate în autoturism și au aplicat manevre de resuscitare, însă fără rezultat. Colegii noștri au asistat și evaluat medical cel de-al treilea ocupant al autoturismului, ulterior acesta fiind transportat la spital conștient și cooperant.\n\n❗O misiune complexă a salvatorilor militari din municipiul Iași a avut loc ieri când au fost solicitați să intervină la un accident rutier produs între un autoturism și o basculantă. Ajunși la locul solicitării, colegii noștri au constatat că în urma evenimentului rutier au rezultat două victime încarcerate, dintre care una inconștientă în stop cardio-respirator. Echipajele de descarcerare au scos cele două persoane dintre fiarele contorsionate și echipajele SMURD au aplicat manevre de resuscitare. Ulterior, ambii tineri au fost transportați la spital pentru asistență medicală de specialitate. \n\nPentru acoperirea în cele mai bune condiții a misiunilor din dinamică, 248 de pompieri salvatori cu 159 de mijloace tehnice se află la granița cu Republica Moldova și Ucraina, pentru gestionarea afluxului de persoane care intră pe teritoriul României.\n\nÎn continuare, pompierii salvatori rămân mobilizați, 24 de ore din 24, pentru gestionarea operativă a situaţiilor de urgenţă şi acordarea primului ajutor medical specializat persoanelor aflate în dificultate. \n\nEvenimentele înregistrate la nivel național rămân în atenția Centrului Operațional Național, pentru dispunerea imediată a măsurilor menite să asigure optimizarea misiunilor de răspuns orientate spre salvarea de vieți.\n \nNu uitați! Informații despre modul de comportare în cazul producerii unor situații de urgență pot fi obținute prin accesarea platformei naționale de pregătire în situații de urgență https://fiipregatit.ro','2022-10-21 21:06:45.646000','2022-10-29 08:39:53.967000','2022-10-19 09:00:36.830000',NULL,1,'ro'),(9,'IGSU: Misiunile desfășurate de salvatori, în ultimele 24 de ore','Bilanțul zilei de luni: 16 persoane aflate în dificultate au fost salvate, iar alte 1.222 au fost asistate medical de echipajele SMURD \n\nZiua de ieri, 17 octombrie a.c., a fost solicitantă pentru echipajele operative din întreaga țară, cele mai numeroase misiuni fiind derulate în zona București-Ilfov și în județele Mureș, Prahova, Constanța și Cluj.\n\nO pondere de aproximativ 85% din totalul intervențiilor a constat în acordarea asistenței medicale de către echipajele SMURD ( 1.206 cazuri din totalul de 1.435 situații de urgență gestionate ).\n\nDe asemenea, pompierii salvatori au acționat pentru localizarea și stingerea celor 66 de incendii înregistrate la nivel național și au gestionat cu promptitudine 159 misiuni pentru protecția comunităților.\n\nO atenție deosebită a fost alocată și accidentelor rutiere, echipajele de descarcerare acționând în 4 situații pentru extragerea victimelor blocate în autoturisme.\n\nTotodată, în perioada de referință, pe timpul misiunilor desfășurate, pompierii militari au salvat 16 persoane aflate în dificultate.\n\nÎn ultimele 24 de ore au fost transmise 4 mesaje de avertizare a populației prin sistemul RO-ALERT, dintre care 3 mesaje privind prezența animalelor sălbatice, în județele Harghita (2) și Mureș (1); 1 mesaj privind dispariția de la domiciliu a unui minor, transmis de IGSU, în județul Bacău.\n\nDintre cele mai relevante intervenții, amintim:\n\n \n\n❗O misiune complexă a avut loc ieri, în județul Gorj, localitatea Bumbești-Pițic, unde pompierii militari au fost solicitați să intervină pentru localizarea și lichidarea unui incendiu izbucnit la o casă. Ajunse la fața locului, echipajele de stingere au constatat că flăcările se manifestau violent, la un imobil și două anexe pe o suprafață de aproximativ 180 mp. Pe timpul misiunii de stingere, în interiorul locuinței a fost găsită o persoană decedată. Colegii noștri au stins flăcările, înlăturând pericolul extinderii la locuințele aflate în vecinătate.\n\n❗O intervenție care a necesitat atenție sporită și efort susținut a avut loc pe parcursul zilei de ieri, în județul Buzău, unde echipajele operative au acționat pentru stingerea flăcărilor izbucnite la trei imobile din localitatea Siriu. Echipajele de stingere ajunse la locul solicitării au constatat că arderea se manifesta cu degajări mari de fum, la trei imobile, pe o suprafață de aproximativ 200 mp. Pe parcursul acțiunii de lichidare a incendiului, echipajele SMURD au evaluat și asistat medical patru persoane, ulterior trei dintre acestea au fost transportate la spital pentru investigații medicale de specialitate. Flăcările au fost lichidate în limitele găsite.\n\nPentru acoperirea în cele mai bune condiții a misiunilor din dinamică, 219 pompieri salvatori cu 160 de mijloace tehnice se află la granița cu Republica Moldova și Ucraina, pentru gestionarea afluxului de persoane care intră pe teritoriul României.\n\nSalvatorii rămân la datorie pentru intervenția promptă la solicitările cetățenilor aflați în dificultate, iar dinamica evenimentelor din teren va fi atent monitorizată de Centrul Operațional Național, pentru dispunerea imediată a măsurilor necesare optimizării misiunilor de răspuns.\n\nNu uitați! Informații despre modul de comportare în cazul producerii unor situații de urgență pot fi obținute prin accesarea platformei naționale de pregătire în situații de urgență https://fiipregatit.ro','2022-10-21 21:06:45.659000','2022-10-29 08:40:31.668000','2022-10-19 09:34:39.975000',NULL,1,'ro'),(10,'IGSU: Missions carried out by rescuers in the last 24 hours','Extinguishing fires, providing first aid, extricating, unlocking or rescuing people and animals from hostile environments are just a few examples of the 1,443 missions carried out by rescuers in the last 24 hours (18.10.2022).\n\nAt the national level, 1,267 people received the help of SMURD crews, the most cases being recorded in the Bucharest-Ilfov area (291 cases), followed by the counties of Cluj (63 cases), Timiș (58 cases) and Mureș (56 cases).\n\nApart from these situations, operative crews intervened to extinguish 48 fires, as well as in 147 other interventions in support of communities.\n\nSpecial attention was also paid to road accidents, with rescue crews acting in 9 situations to extract victims stuck in cars.\n\nAt the same time, during the reference period, during the missions carried out, the military firefighters rescued 5 people in difficulty.\n\nAmong the most relevant missions, we mention:\n\n❗ An intervention that required increased attention from the extrication and first aid crews took place yesterday, in Vrancea county, within the radius of Adjud municipality, DN 2, where military firefighters intervened to manage the aftermath of a road accident between three cars. As a result of the impact, there were three victims, two of whom were incarcerated, in cardio-respiratory arrest. The intervention crews extracted the people stuck in the car and applied resuscitation maneuvers, but to no avail. Our colleagues assisted and medically evaluated the third occupant of the car, who was later transported to the hospital conscious and cooperative.\n\n❗ A complex mission of the military rescuers from the city of Iași took place yesterday when they were asked to intervene in a road accident between a car and a dump truck. Arriving at the place of request, our colleagues found that following the road accident, two victims were incarcerated, one of whom was unconscious in cardio-respiratory arrest. Extrication crews removed the two people from the contorted beasts and SMURD crews applied resuscitation maneuvers. Later, both young people were transported to the hospital for specialized medical assistance.\n\nIn order to cover dynamic missions in the best conditions, 248 rescue firefighters with 159 technical means are at the border with the Republic of Moldova and Ukraine, to manage the influx of people entering the territory of Romania.\n\nIn the future, the rescue firefighters remain mobilized, 24 hours a day, for the operative management of emergency situations and the provision of specialized medical first aid to persons in difficulty.\n\nThe events registered at the national level remain under the attention of the National Operational Center, for the immediate disposition of measures aimed at ensuring the optimization of response missions aimed at saving lives.\n \nDo not forget! Information on how to behave in case of emergency situations can be obtained by accessing the national emergency training platform [https://fiipregatit.ro](link)','2022-10-27 15:48:35.430000','2022-10-29 08:39:06.476000','2022-10-29 08:39:06.468000',1,1,'en'),(11,'IGSU: Missions carried out by rescuers in the last 24 hours','Monday\'s report: 16 people in distress were rescued, and another 1,222 were medically assisted by SMURD crews\n\nYesterday, October 17 this year, was demanding for operative crews from the whole country, the most numerous missions being carried out in the Bucharest-Ilfov area and in the counties of Mureș, Prahova, Constanța and Cluj.\n\nA share of approximately 85% of the total number of interventions consisted in the provision of medical assistance by the SMURD crews (1,206 cases out of a total of 1,435 emergency situations managed).\n\nAlso, rescue firefighters acted to locate and extinguish the 66 fires recorded nationally and promptly managed 159 missions for the protection of communities.\n\nSpecial attention was also paid to road accidents, with rescue crews acting in 4 situations to extract victims stuck in cars.\n\nAt the same time, during the reference period, during the missions carried out, the military firefighters rescued 16 people in difficulty.\n\nIn the last 24 hours, 4 messages warning the population were sent through the RO-ALERT system, 3 of which were messages regarding the presence of wild animals, in the counties of Harghita (2) and Mureș (1); 1 message regarding the disappearance of a minor from home, sent by IGSU, in Bacău county.\n\nAmong the most relevant interventions, we mention:\n\n \n\n❗ A complex mission took place yesterday, in Gorj county, Bumbești-Pițic locality, where the military firefighters were requested to intervene to locate and extinguish a fire that broke out at a house. Arriving at the scene, the fire crews found that the flames were manifesting violently, in a building and two annexes on an area of ​​approximately 180 square meters. During the extinguishing mission, a deceased person was found inside the home. Our colleagues extinguished the flames, removing the danger of spreading to neighboring homes.\n\n❗ An intervention that required increased attention and sustained effort took place throughout the day yesterday, in Buzău county, where operative crews acted to extinguish the flames that broke out at three buildings in the town of Siriu. The extinguishing crews that arrived at the scene of the request found that the burning manifested itself with large releases of smoke, in three buildings, on an area of ​​approximately 200 square meters. During the action to extinguish the fire, the SMURD crews evaluated and provided medical assistance to four people, subsequently three of them were transported to the hospital for specialized medical investigations. The flames were extinguished within the limits found.\n\nIn order to cover dynamic missions in the best conditions, 219 rescue firefighters with 160 technical means are at the border with the Republic of Moldova and Ukraine, to manage the influx of people entering the territory of Romania.\n\nThe rescuers remain in duty for the prompt intervention to the requests of the citizens in difficulty, and the dynamics of the events in the field will be carefully monitored by the National Operational Center, for the immediate disposition of the necessary measures to optimize the response missions.\n\nDo not forget! Information on how to behave in case of emergency situations can be obtained by accessing the national emergency training platform https://fiipregatit.ro','2022-10-27 15:52:58.600000','2022-10-29 08:41:35.788000','2022-10-28 11:37:33.804000',1,1,'en'),(12,'IGSU: Misiunile desfășurate de salvatori, în acest weekend','Weekend solicitant pentru salvatorii din întreaga țară\n\nÎn acest sfârșit de săptămână (14-16.10.2022), la nivel național, pompierii militari au gestionat 3.991 intervenții în situații de urgență. Majoritatea dintre acestea au constat în asistență medicală, echipajele SMURD acționând în 3.345 de solicitări.\n\n \n\nEchipajele operative au intervenit pentru stingerea a 162 de incendii, precum și în alte 462 intervenții în sprijinul comunităților, cum ar fi deblocarea de persoane sau animale, distrugerea muniției neexplodată etc.\n\nDin totalul celor 162 incendii, 65 intervenții au fost la arderi necontrolate (miriști, vegetație uscată și deșeuri menajere), fiind afectate aproximativ 85 ha de teren.\n\nTotodată, echipajele de descarcerare au fost solicitate să intervină la 22 de accidente rutiere, pentru extragerea persoanelor dintre fiarele contorsionate ale autoturismelor. În urma acestor evenimente, 7 persoane și-au pierdut viața.\n\nDe asemenea, în ultimele trei zile, pe timpul misiunilor desfășurate, pompierii au salvat 30 persoane aflate în dificultate.\n\nDintre cele mai importante misiuni gestionate de pompieri, amintim:\n\n❗O intervenție complexă a avut loc vineri, în județul Vaslui, unde echipajele operative au acționat pentru stingerea flăcărilor izbucnite la o casă de pe raza localității Codăești. La sosirea forțelor de intervenție, arderea se manifesta generalizat, pe o suprafață de aproximativ 70 mp. Pe timpul acțiunii de stingere, o victimă a fost găsită decedată, iar echipajul SMURD a asistat medical o persoană, ulterior aceasta fiind transportată la spital. Incendiul a fost lichidat în limitele găsite.\n\n❗O misiune care a presupus efort susținut din partea pompierilor militari din județul Constanța  a avut loc sâmbătă, în municipiul reședință de județ, unde echipajele de stingere au fost solicitate să intervină pentru localizarea și lichidarea unui incendiu produs la Arhiepiscopia Tomisului. Ajunse la fața locului, echipajele operative au constatat că flăcările se manifestau violent, cu degajări mari de fum, la nivelul acoperișului mansardei, pe o suprafață de aproximativ 800 mp. După mai multe ore de luptă cu focul, salvatorii au stins incendiul, eliminând riscul de propagare la întreaga construcție.\n\n❗O intervenție care a presupus efort susținut din partea echipajelor operative a avut loc pe parcursul zilei de duminică, în județul Suceava, localitatea Zvoriștea, unde pompierii militari au fost solicitați să intervină pentru gestionarea unei situații de urgență generată de producerea unui incendiu la o casă. Forțele de intervenție ajunse la locul solicitării au constatat că arderea se manifesta violent, generalizat, la acoperișul casei și anexele gospodărești, cu pericol de propagare la întreaga locuință. Pe timpul misiunii, echipajul SMURD a acordat asistență medicală pentru o victimă, ulterior aceasta a fost transportată la spital. După mai multe ore de luptă continuă cu focul, incendiul a fost lichidat, limitând propagarea la întregul imobil.\n\nConcomitent cu misiunile desfășurate, pompierii acționează în sprijinul autorităților din zonele de graniță și implicit a cetățenilor ucraineni veniți în România, prin operaționalizarea unor tabere mobile în localități din zona de frontieră, transport persoane și ajutoare materiale.\n\nÎn continuare, pompierii salvatori rămân mobilizați, 24 de ore din 24, pentru gestionarea operativă a situaţiilor de urgenţă şi acordarea primului ajutor medical specializat persoanelor aflate în dificultate.\n\nEvenimentele înregistrate la nivel național rămân în atenția Centrului Operațional Național, pentru dispunerea imediată a măsurilor menite să asigure optimizarea misiunilor de răspuns orientate spre salvarea de vieți.\n\nNu uitați! Informații despre modul de comportare în cazul producerii unor situații de urgență pot fi obținute prin accesarea platformei naționale de pregătire în situații de urgență https://fiipregatit.ro','2022-10-29 08:42:49.519000','2022-10-29 08:43:34.556000','2022-10-29 08:42:52.323000',1,1,'ro'),(13,'IGSU: The missions carried out by the rescuers, this weekend','Demanding weekend for rescuers across the country\n\nThis weekend (14-16.10.2022), nationally, military firefighters managed 3,991 interventions in emergency situations. The majority of these consisted of medical assistance, with SMURD crews acting on 3,345 calls.\n\n \n\nThe operational crews intervened to extinguish 162 fires, as well as in 462 other interventions in support of communities, such as unblocking people or animals, destroying unexploded ordnance, etc.\n\nOut of the total of 162 fires, 65 interventions were for uncontrolled burning (stubs, dry vegetation and household waste), affecting approximately 85 ha of land.\n\nAt the same time, rescue crews were requested to intervene in 22 road accidents, to extract people from the contorted beasts of cars. As a result of these events, 7 people lost their lives.\n\nAlso, in the last three days, during the missions carried out, the firefighters rescued 30 people in difficulty.\n\nAmong the most important missions managed by firefighters, we mention:\n\n❗ A complex intervention took place on Friday, in Vaslui county, where operative crews acted to extinguish the flames that broke out at a house within the radius of Codăești. When the intervention forces arrived, the burning was widespread, on an area of ​​approximately 70 square meters. During the extinguishing action, one victim was found dead, and the SMURD crew provided medical assistance to one person, who was later transported to the hospital. The fire was extinguished within the limits found.\n\n❗ A mission that involved a sustained effort by the military firefighters from Constanța County took place on Saturday, in the county seat municipality, where the fire crews were requested to intervene to locate and extinguish a fire at the Archdiocese of Tomis. Arriving at the scene, the operative crews found that the flames were manifesting violently, with large releases of smoke, at the level of the attic roof, on an area of ​​approximately 800 square meters. After several hours of fighting the fire, rescuers extinguished the fire, eliminating the risk of spreading to the entire building.\n\n❗ An intervention that required a sustained effort from the operative crews took place throughout the day on Sunday, in Suceava county, Zvoriștea locality, where the military firefighters were requested to intervene to manage an emergency situation generated by a fire at a house . The intervention forces that arrived at the scene of the request found that the burning was violent, generalized, on the roof of the house and the outbuildings, with the risk of spreading to the entire home. During the mission, the SMURD crew provided medical assistance to a victim, who was later transported to the hospital. After several hours of continuous fire fighting, the fire was extinguished, limiting the spread to the entire building.\n\nSimultaneously with the missions carried out, the firefighters act in support of the authorities in the border areas and implicitly of the Ukrainian citizens coming to Romania, by operating mobile camps in localities in the border area, transporting people and providing material aid.\n\nIn the future, the rescue firefighters remain mobilized, 24 hours a day, for the operative management of emergency situations and the provision of specialized medical first aid to persons in difficulty.\n\nThe events registered at the national level remain under the attention of the National Operational Center, for the immediate disposition of measures aimed at ensuring the optimization of response missions aimed at saving lives.\n\nDo not forget! Information on how to behave in case of emergency situations can be obtained by accessing the national emergency training platform https://fiipregatit.ro','2022-10-29 08:43:34.515000','2022-10-29 08:43:35.489000','2022-10-29 08:43:35.482000',1,1,'en'),(14,'IGSU: Misiuni desfășurate de pompierii militari, la nivel național, în ultimele 24 de ore','Misiunile pompierilor militari din ultimele 24 de ore\n\nEchipajele operative au fost prezente la datorie pentru intervenția imediată la solicitările cetățenilor și gestionarea optimă a situațiilor de urgență produse la nivel național. Stingerea incendiilor, acordarea de prim ajutor, descarcerarea, deblocarea sau salvarea persoanelor și animalelor din medii ostile vieții reprezintă doar câteva exemple dintre cele 1.303 misiuni desfășurate de salvatori, în ultimele 24 de ore (13.10.2022).\n\n \nLa nivel național, 1.088 persoane au primit ajutorul echipajelor SMURD, cele mai multe solicitări de sprijin fiind înregistrate în zona București-Ilfov (233 cazuri), urmată de județele Mureș (59 cazuri), Timiș (58 cazuri) și Cluj(51 cazuri).\n\n \nÎn ultimele 24 de ore, echipajele operative au acționat pentru stingerea celor 57 incendii înregistrate la nivel național și au gestionat cu promptitudine 146 de misiuni pentru protecția comunităților.\n\n \nDin totalul celor 57 de incendii care au avut loc ieri, 23 de intervenții au fost înregistrate la arderi necontrolate (miriști, vegetație uscată, deșeuri menajere), fiind afectate aproximativ 40 ha de teren.\n\n \nDe asemenea, pe parcursul zilei de ieri, pompierii au salvat 20 persoane aflate în dificultate.\n\nTotodată, echipajele de descarcerare au fost solicitate să intervină în 12 cazuri, pentru extragerea victimelor din autoturismele implicate în accidente rutiere. În urma acestor evenimente, 6 persoane și-au pierdut viața în județele Bacău, Bihor și Neamț.\n\nÎn perioada de referință, la nivel național au fost transmise 3 mesaje de avertizare a populației prin sistemul RO-ALERT, dintre care 2 mesaje privind prezența animalelor sălbatice, în județul Harghita și 1 mesaj privind producerea unui incendiu, în județul Ilfov.\n\nDintre cele mai relevante misiuni, amintim:\n\n❗O intervenție complexă a avut loc ieri, în județul Ilfov, pe raza localității Voluntari, unde colegii noștri au intervenit pentru stingerea unui incendiu izbucnit la două depozite în interiorul cărora se aflau materiale lemnoase, recipiente sub presiune și încălțăminte. La sosirea echipajelor de intervenție, arderea se manifesta violent, cu flacără deschisă și degajări mari de fum, pe o suprafață de aproximativ 7.000 mp. Pentru protecția populației din proximitate, din cauza degajărilor mari de fum, a fost emis un mesaj de avertizare RO-ALERT. După mai multe ore de luptă susținută cu flăcările, incendiul a fost lichidat fără a fi înregistrate victime.\n\n❗O altă misiune care a presupus atenție sporită din partea pompierilor militari constănțeni a avut loc ieri, în Eforie Nord, unde echipajele de stingere au acționat pentru localizarea și lichidarea unui incendiu izbucnit la o casă. Forțele de intervenție ajunse la locul solicitării au constatat că arderea se manifesta generalizat, pe o suprafață de aproximativ 90 mp. Pe timpul operațiunilor de stingere din interiorul locuinței au fost extrase o persoană decedată (bărbat, 53 ani) și trei victime conștiente. Colegii noștri au evaluat și asistat medical cele trei persoane, ulterior acestea au fost transportate la spital. Incendiul a fost lichidat în limitele găsite.\n\nPentru acoperirea în cele mai bune condiții a misiunilor din dinamică, 226 pompieri salvatori și 163 mijloace tehnice se află la granița cu Republica Moldova și Ucraina, pentru gestionarea afluxului de persoane care intră pe teritoriul României.\n\nInspectoratele pentru situații de urgență rămân mobilizate pentru a interveni, în cel mai scurt timp, pentru gestionarea operativă a situațiilor de urgență și acordarea de prim ajutor persoanelor aflate în dificultate.\n\nTotodată, evoluția situației din teren va fi atent monitorizată de Centrul Operațional Național al IGSU pentru dispunerea măsurilor imediate care să asigure eficientizarea misiunilor de răspuns.\n\n \nNu uitați! Informații despre modul de comportare în cazul producerii unor situații de urgență pot fi obținute prin accesarea platformei naționale de pregătire în situații de urgență https://fiipregatit.ro\n','2022-10-29 08:44:47.774000','2022-10-29 08:45:29.172000','2022-10-29 08:44:49.810000',1,1,'ro'),(15,'IGSU: Missions carried out by military firefighters, at national level, in the last 24 hours','The missions of the military firefighters in the last 24 hours\n\nThe operative crews were present on duty for the immediate intervention to citizens\' requests and the optimal management of emergency situations produced at the national level. Extinguishing fires, providing first aid, extricating, unlocking or rescuing people and animals from hostile environments are just a few examples of the 1,303 missions carried out by rescuers in the last 24 hours (13.10.2022).\n \n\nAt the national level, 1,088 people received the help of SMURD crews, the most requests for support being registered in the Bucharest-Ilfov area (233 cases), followed by the counties of Mureș (59 cases), Timiș (58 cases) and Cluj (51 cases) .\n \n\nIn the last 24 hours, the operative crews acted to extinguish the 57 fires registered at the national level and promptly managed 146 missions for the protection of communities.\n \n\nOut of the total of 57 fires that took place yesterday, 23 interventions were registered for uncontrolled burning (stubs, dry vegetation, household waste), affecting approximately 40 ha of land.\n \n\nAlso, throughout yesterday, the firefighters rescued 20 people in difficulty.\n\nAt the same time, rescue crews were requested to intervene in 12 cases, to extract victims from cars involved in road accidents. As a result of these events, 6 people lost their lives in the counties of Bacău, Bihor and Neamț.\n\nDuring the reference period, at the national level, 3 messages warning the population were sent through the RO-ALERT system, of which 2 messages regarding the presence of wild animals, in Harghita county and 1 message regarding the occurrence of a fire, in Ilfov county.\n\nAmong the most relevant missions, we mention:\n\n❗A complex intervention took place yesterday, in Ilfov county, within the Voluntari locality, where our colleagues intervened to extinguish a fire that broke out at two warehouses inside which were wooden materials, pressure vessels and shoes. When the intervention crews arrived, the burning was violent, with an open flame and large releases of smoke, on an area of ​​approximately 7,000 square meters. For the protection of the population in the vicinity, due to the large releases of smoke, a RO-ALERT warning message was issued. After several hours of fighting the flames, the fire was extinguished without any casualties.\n\n❗ Another mission that required increased attention from the Constanta military firefighters took place yesterday, in Eforie Nord, where the fire crews acted to locate and extinguish a fire that broke out at a house. The intervention forces that arrived at the scene of the request found that the burning was widespread, on an area of ​​approximately 90 square meters. During the extinguishing operations, one deceased person (man, 53 years old) and three conscious victims were extracted from inside the house. Our colleagues evaluated and medically assisted the three people, later they were transported to the hospital. The fire was extinguished within the limits found.\n\nIn order to cover dynamic missions in the best conditions, 226 firefighters and 163 technical means are on the border with the Republic of Moldova and Ukraine, to manage the influx of people entering the territory of Romania.\n\nThe inspectorates for emergency situations remain mobilized to intervene, in the shortest possible time, for the operative management of emergency situations and the provision of first aid to persons in difficulty.\n\nAt the same time, the evolution of the situation on the ground will be carefully monitored by the National Operational Center of the IGSU in order to arrange immediate measures to ensure the efficiency of the response missions.\n\n\nDo not forget! Information on how to behave in case of emergency situations can be obtained by accessing the national emergency training platform https://fiipregatit.ro','2022-10-29 08:45:29.148000','2022-10-29 08:45:29.148000',NULL,1,1,'en');
/*!40000 ALTER TABLE `articles` ENABLE KEYS */;
UNLOCK TABLES;

--
-- Table structure for table `articles_localizations_links`
--

DROP TABLE IF EXISTS `articles_localizations_links`;
/*!40101 SET @saved_cs_client     = @@character_set_client */;
/*!50503 SET character_set_client = utf8mb4 */;
CREATE TABLE `articles_localizations_links` (
  `id` int(10) unsigned NOT NULL AUTO_INCREMENT,
  `article_id` int(10) unsigned DEFAULT NULL,
  `inv_article_id` int(10) unsigned DEFAULT NULL,
  PRIMARY KEY (`id`),
  KEY `articles_localizations_links_fk` (`article_id`),
  KEY `articles_localizations_links_inv_fk` (`inv_article_id`),
  CONSTRAINT `articles_localizations_links_fk` FOREIGN KEY (`article_id`) REFERENCES `articles` (`id`) ON DELETE CASCADE,
  CONSTRAINT `articles_localizations_links_inv_fk` FOREIGN KEY (`inv_article_id`) REFERENCES `articles` (`id`) ON DELETE CASCADE
) ENGINE=InnoDB AUTO_INCREMENT=9 DEFAULT CHARSET=utf8;
/*!40101 SET character_set_client = @saved_cs_client */;

--
-- Dumping data for table `articles_localizations_links`
--

LOCK TABLES `articles_localizations_links` WRITE;
/*!40000 ALTER TABLE `articles_localizations_links` DISABLE KEYS */;
INSERT INTO `articles_localizations_links` VALUES (1,10,7),(2,7,10),(3,11,9),(4,9,11),(5,13,12),(6,12,13),(7,15,14),(8,14,15);
/*!40000 ALTER TABLE `articles_localizations_links` ENABLE KEYS */;
UNLOCK TABLES;

--
-- Table structure for table `articles_organizaties_links`
--

DROP TABLE IF EXISTS `articles_organizaties_links`;
/*!40101 SET @saved_cs_client     = @@character_set_client */;
/*!50503 SET character_set_client = utf8mb4 */;
CREATE TABLE `articles_organizaties_links` (
  `id` int(10) unsigned NOT NULL AUTO_INCREMENT,
  `article_id` int(10) unsigned DEFAULT NULL,
  `organization_id` int(10) unsigned DEFAULT NULL,
  PRIMARY KEY (`id`),
  KEY `articles_organizaties_links_fk` (`article_id`),
  KEY `articles_organizaties_links_inv_fk` (`organization_id`),
  CONSTRAINT `articles_organizaties_links_fk` FOREIGN KEY (`article_id`) REFERENCES `articles` (`id`) ON DELETE CASCADE,
  CONSTRAINT `articles_organizaties_links_inv_fk` FOREIGN KEY (`organization_id`) REFERENCES `organizations` (`id`) ON DELETE CASCADE
) ENGINE=InnoDB AUTO_INCREMENT=23 DEFAULT CHARSET=utf8;
/*!40101 SET character_set_client = @saved_cs_client */;

--
-- Dumping data for table `articles_organizaties_links`
--

LOCK TABLES `articles_organizaties_links` WRITE;
/*!40000 ALTER TABLE `articles_organizaties_links` DISABLE KEYS */;
INSERT INTO `articles_organizaties_links` VALUES (15,10,1),(16,7,1),(17,9,1),(18,11,1),(19,12,1),(20,13,1),(21,14,1),(22,15,1);
/*!40000 ALTER TABLE `articles_organizaties_links` ENABLE KEYS */;
UNLOCK TABLES;

--
-- Table structure for table `audits`
--

DROP TABLE IF EXISTS `audits`;
/*!40101 SET @saved_cs_client     = @@character_set_client */;
/*!50503 SET character_set_client = utf8mb4 */;
CREATE TABLE `audits` (
  `id` int(10) unsigned NOT NULL AUTO_INCREMENT,
  `action` varchar(255) DEFAULT NULL,
  `ora` datetime(6) DEFAULT NULL,
  `created_at` datetime(6) DEFAULT NULL,
  `updated_at` datetime(6) DEFAULT NULL,
  `published_at` datetime(6) DEFAULT NULL,
  `created_by_id` int(10) unsigned DEFAULT NULL,
  `updated_by_id` int(10) unsigned DEFAULT NULL,
  PRIMARY KEY (`id`),
  KEY `audits_created_by_id_fk` (`created_by_id`),
  KEY `audits_updated_by_id_fk` (`updated_by_id`),
  CONSTRAINT `audits_created_by_id_fk` FOREIGN KEY (`created_by_id`) REFERENCES `admin_users` (`id`) ON DELETE SET NULL,
  CONSTRAINT `audits_updated_by_id_fk` FOREIGN KEY (`updated_by_id`) REFERENCES `admin_users` (`id`) ON DELETE SET NULL
) ENGINE=InnoDB AUTO_INCREMENT=39 DEFAULT CHARSET=latin1;
/*!40101 SET character_set_client = @saved_cs_client */;

--
-- Dumping data for table `audits`
--

LOCK TABLES `audits` WRITE;
/*!40000 ALTER TABLE `audits` DISABLE KEYS */;
INSERT INTO `audits` VALUES (1,'New Content Entry',NULL,'2022-10-26 12:59:31.905000','2022-10-26 12:59:53.781000',NULL,NULL,1),(2,'New Content Entry',NULL,'2022-10-29 09:03:58.887000','2022-10-29 09:03:58.887000',NULL,NULL,NULL),(3,'New Content Entry',NULL,'2022-10-29 09:04:09.502000','2022-10-29 09:04:09.502000',NULL,NULL,NULL),(4,'New Content Entry',NULL,'2022-10-29 09:04:15.578000','2022-10-29 09:04:15.578000',NULL,NULL,NULL),(5,'New Content Entry',NULL,'2022-10-29 09:04:25.155000','2022-10-29 09:04:25.155000',NULL,NULL,NULL),(6,'New Content Entry',NULL,'2022-10-29 10:27:56.868000','2022-10-29 10:27:56.868000',NULL,NULL,NULL),(7,'New Content Entry',NULL,'2022-10-29 10:30:05.894000','2022-10-29 10:30:05.894000',NULL,NULL,NULL),(8,'New Content Entry',NULL,'2022-10-29 10:30:19.327000','2022-10-29 10:30:19.327000',NULL,NULL,NULL),(9,'New Content Entry',NULL,'2022-10-29 10:30:21.436000','2022-10-29 10:30:21.436000',NULL,NULL,NULL),(10,'New Content Entry',NULL,'2022-10-29 10:30:22.502000','2022-10-29 10:30:22.502000',NULL,NULL,NULL),(11,'New Content Entry',NULL,'2022-10-29 10:30:30.413000','2022-10-29 10:30:30.413000',NULL,NULL,NULL),(12,'New Content Entry',NULL,'2022-10-29 10:30:35.380000','2022-10-29 10:30:35.380000',NULL,NULL,NULL),(13,'New Content Entry',NULL,'2022-10-29 10:30:37.912000','2022-10-29 10:30:37.912000',NULL,NULL,NULL),(14,'New Content Entry',NULL,'2022-10-29 10:30:40.563000','2022-10-29 10:30:40.563000',NULL,NULL,NULL),(15,'New Content Entry',NULL,'2022-10-29 10:30:41.767000','2022-10-29 10:30:41.767000',NULL,NULL,NULL),(16,'New Content Entry',NULL,'2022-10-29 10:30:42.791000','2022-10-29 10:30:42.791000',NULL,NULL,NULL),(17,'New Content Entry',NULL,'2022-10-31 14:45:47.027000','2022-10-31 14:45:47.027000',NULL,NULL,NULL),(18,'New Content Entry','2022-10-31 14:45:47.148000','2022-10-31 14:46:04.444000','2022-10-31 14:46:04.444000',NULL,NULL,NULL),(19,'New Content Entry','2022-10-31 14:45:47.148000','2022-10-31 14:55:33.716000','2022-10-31 14:55:33.716000',NULL,NULL,NULL),(20,'New Content Entry','2022-10-31 14:45:47.148000','2022-10-31 15:09:05.513000','2022-10-31 15:09:05.513000',NULL,NULL,NULL),(21,'New Content Entry','2022-10-31 14:45:47.148000','2022-10-31 15:11:21.862000','2022-10-31 15:11:21.862000',NULL,NULL,NULL),(22,'New Content Entry','2022-10-31 14:45:47.148000','2022-10-31 15:13:01.996000','2022-10-31 15:13:01.996000',NULL,NULL,NULL),(23,'New Content Entry','2022-10-31 14:45:47.148000','2022-10-31 15:13:20.715000','2022-10-31 15:13:20.715000',NULL,NULL,NULL),(24,'New Content Entry','2022-10-31 14:45:47.148000','2022-10-31 15:26:11.059000','2022-10-31 15:26:11.059000',NULL,NULL,NULL),(25,'New Content Entry','2022-10-31 14:45:47.148000','2022-10-31 15:26:57.124000','2022-10-31 15:26:57.124000',NULL,NULL,NULL),(26,'New Content Entry','2022-10-31 14:45:47.148000','2022-10-31 15:28:02.753000','2022-10-31 15:28:02.753000',NULL,NULL,NULL),(27,'New Content Entry','2022-10-31 14:45:47.148000','2022-10-31 15:28:59.656000','2022-10-31 15:28:59.656000',NULL,NULL,NULL),(28,'New Content Entry','2022-10-31 14:45:47.148000','2022-10-31 15:29:35.028000','2022-10-31 15:29:35.028000',NULL,NULL,NULL),(29,'New Content Entry','2022-10-31 14:45:47.148000','2022-10-31 15:31:05.311000','2022-10-31 15:31:05.311000',NULL,NULL,NULL),(30,'New Content Entry','2022-10-31 14:45:47.148000','2022-10-31 15:32:10.659000','2022-10-31 15:32:10.659000',NULL,NULL,NULL),(31,'New Content Entry','2022-10-31 14:45:47.148000','2022-10-31 15:33:15.765000','2022-10-31 15:33:15.765000',NULL,NULL,NULL),(32,'New Content Entry','2022-10-31 14:45:47.148000','2022-10-31 15:34:35.155000','2022-10-31 15:34:35.155000',NULL,NULL,NULL),(33,'New Content Entry','2022-10-31 14:45:47.148000','2022-10-31 15:47:49.182000','2022-10-31 15:47:49.182000',NULL,NULL,NULL),(34,'New Content Entry','2022-10-31 14:45:47.148000','2022-10-31 15:51:33.502000','2022-10-31 15:51:33.502000',NULL,NULL,NULL),(35,'New Content Entry',NULL,'2022-10-31 15:52:00.992000','2022-10-31 15:52:00.992000',NULL,NULL,NULL),(36,'New Content Entry','2022-10-31 14:45:47.148000','2022-10-31 15:52:08.735000','2022-10-31 15:52:08.735000',NULL,NULL,NULL),(37,'New Content Entry','2022-10-31 14:45:47.148000','2022-10-31 15:52:31.269000','2022-10-31 15:52:31.269000',NULL,NULL,NULL),(38,'New Content Entry','2022-10-31 14:45:47.148000','2022-10-31 15:54:13.648000','2022-10-31 15:54:13.648000',NULL,NULL,NULL);
/*!40000 ALTER TABLE `audits` ENABLE KEYS */;
UNLOCK TABLES;

--
-- Table structure for table `audits_admin_user_links`
--

DROP TABLE IF EXISTS `audits_admin_user_links`;
/*!40101 SET @saved_cs_client     = @@character_set_client */;
/*!50503 SET character_set_client = utf8mb4 */;
CREATE TABLE `audits_admin_user_links` (
  `id` int(10) unsigned NOT NULL AUTO_INCREMENT,
  `audit_id` int(10) unsigned DEFAULT NULL,
  `user_id` int(10) unsigned DEFAULT NULL,
  PRIMARY KEY (`id`),
  KEY `audits_admin_user_links_fk` (`audit_id`),
  KEY `audits_admin_user_links_inv_fk` (`user_id`),
  CONSTRAINT `audits_admin_user_links_fk` FOREIGN KEY (`audit_id`) REFERENCES `audits` (`id`) ON DELETE CASCADE,
  CONSTRAINT `audits_admin_user_links_inv_fk` FOREIGN KEY (`user_id`) REFERENCES `admin_users` (`id`) ON DELETE CASCADE
) ENGINE=InnoDB AUTO_INCREMENT=2 DEFAULT CHARSET=latin1;
/*!40101 SET character_set_client = @saved_cs_client */;

--
-- Dumping data for table `audits_admin_user_links`
--

LOCK TABLES `audits_admin_user_links` WRITE;
/*!40000 ALTER TABLE `audits_admin_user_links` DISABLE KEYS */;
INSERT INTO `audits_admin_user_links` VALUES (1,1,1);
/*!40000 ALTER TABLE `audits_admin_user_links` ENABLE KEYS */;
UNLOCK TABLES;

--
-- Table structure for table `caravana_dsus`
--

DROP TABLE IF EXISTS `caravana_dsus`;
/*!40101 SET @saved_cs_client     = @@character_set_client */;
/*!50503 SET character_set_client = utf8mb4 */;
CREATE TABLE `caravana_dsus` (
  `id` int(10) unsigned NOT NULL AUTO_INCREMENT,
  `continut` longtext,
  `created_at` datetime(6) DEFAULT NULL,
  `updated_at` datetime(6) DEFAULT NULL,
  `published_at` datetime(6) DEFAULT NULL,
  `created_by_id` int(10) unsigned DEFAULT NULL,
  `updated_by_id` int(10) unsigned DEFAULT NULL,
  `locale` varchar(255) DEFAULT NULL,
  PRIMARY KEY (`id`),
  KEY `caravana_dsus_created_by_id_fk` (`created_by_id`),
  KEY `caravana_dsus_updated_by_id_fk` (`updated_by_id`),
  CONSTRAINT `caravana_dsus_created_by_id_fk` FOREIGN KEY (`created_by_id`) REFERENCES `admin_users` (`id`) ON DELETE SET NULL,
  CONSTRAINT `caravana_dsus_updated_by_id_fk` FOREIGN KEY (`updated_by_id`) REFERENCES `admin_users` (`id`) ON DELETE SET NULL
) ENGINE=InnoDB AUTO_INCREMENT=2 DEFAULT CHARSET=utf8;
/*!40101 SET character_set_client = @saved_cs_client */;

--
-- Dumping data for table `caravana_dsus`
--

LOCK TABLES `caravana_dsus` WRITE;
/*!40000 ALTER TABLE `caravana_dsus` DISABLE KEYS */;
INSERT INTO `caravana_dsus` VALUES (1,'**Caravana Smurd / Centrul Mobil 2022**\n\n- 01.11 - 04.11 - Baia Mare - Școala gimnazială \"Nicolae Iorga\" \n- 08.11 - 10.11 - Slobozia - Liceul Tehnologic \"Al.I.Cuza\"\n- 15.11 - 17.11 - Feteşti  - Liceul Teoretic \"Carol I\"\n- 22.11 - 25.11 - Craiova - Şcoala Gimnazială \"Nicolae Bălcescu\"\n- 29.11 - 30.11 - Galati - Mun. Galaţi - parcare Shopping City\n- 01.12 - București - Arcul de Triumf ','2022-10-27 14:01:58.931000','2022-10-30 12:53:42.364000','2022-10-27 14:02:00.861000',1,1,'ro');
/*!40000 ALTER TABLE `caravana_dsus` ENABLE KEYS */;
UNLOCK TABLES;

--
-- Table structure for table `caravana_dsus_localizations_links`
--

DROP TABLE IF EXISTS `caravana_dsus_localizations_links`;
/*!40101 SET @saved_cs_client     = @@character_set_client */;
/*!50503 SET character_set_client = utf8mb4 */;
CREATE TABLE `caravana_dsus_localizations_links` (
  `id` int(10) unsigned NOT NULL AUTO_INCREMENT,
  `caravana_dsu_id` int(10) unsigned DEFAULT NULL,
  `inv_caravana_dsu_id` int(10) unsigned DEFAULT NULL,
  PRIMARY KEY (`id`),
  KEY `caravana_dsus_localizations_links_fk` (`caravana_dsu_id`),
  KEY `caravana_dsus_localizations_links_inv_fk` (`inv_caravana_dsu_id`),
  CONSTRAINT `caravana_dsus_localizations_links_fk` FOREIGN KEY (`caravana_dsu_id`) REFERENCES `caravana_dsus` (`id`) ON DELETE CASCADE,
  CONSTRAINT `caravana_dsus_localizations_links_inv_fk` FOREIGN KEY (`inv_caravana_dsu_id`) REFERENCES `caravana_dsus` (`id`) ON DELETE CASCADE
) ENGINE=InnoDB DEFAULT CHARSET=latin1;
/*!40101 SET character_set_client = @saved_cs_client */;

--
-- Dumping data for table `caravana_dsus_localizations_links`
--

LOCK TABLES `caravana_dsus_localizations_links` WRITE;
/*!40000 ALTER TABLE `caravana_dsus_localizations_links` DISABLE KEYS */;
/*!40000 ALTER TABLE `caravana_dsus_localizations_links` ENABLE KEYS */;
UNLOCK TABLES;

--
-- Table structure for table `counties`
--

DROP TABLE IF EXISTS `counties`;
/*!40101 SET @saved_cs_client     = @@character_set_client */;
/*!50503 SET character_set_client = utf8mb4 */;
CREATE TABLE `counties` (
  `id` int(10) unsigned NOT NULL AUTO_INCREMENT,
  `nume` varchar(255) DEFAULT NULL,
  `abreviere` varchar(255) DEFAULT NULL,
  `d` longtext,
  `created_at` datetime(6) DEFAULT NULL,
  `updated_at` datetime(6) DEFAULT NULL,
  `created_by_id` int(10) unsigned DEFAULT NULL,
  `updated_by_id` int(10) unsigned DEFAULT NULL,
  PRIMARY KEY (`id`),
  KEY `counties_created_by_id_fk` (`created_by_id`),
  KEY `counties_updated_by_id_fk` (`updated_by_id`),
  CONSTRAINT `counties_created_by_id_fk` FOREIGN KEY (`created_by_id`) REFERENCES `admin_users` (`id`) ON DELETE SET NULL,
  CONSTRAINT `counties_updated_by_id_fk` FOREIGN KEY (`updated_by_id`) REFERENCES `admin_users` (`id`) ON DELETE SET NULL
) ENGINE=InnoDB AUTO_INCREMENT=49 DEFAULT CHARSET=utf8;
/*!40101 SET character_set_client = @saved_cs_client */;

--
-- Dumping data for table `counties`
--

LOCK TABLES `counties` WRITE;
/*!40000 ALTER TABLE `counties` DISABLE KEYS */;
INSERT INTO `counties` VALUES (7,'Bucureşti','B','M207.391,191.951c-.236-.437.352-.921.137-1.284-.3-.5-1.547.2-2.349-.382s-.3-1.814-.874-2.076c-.785-.359-2.9,1.434-2.7,2.9.1.78.839,1.3.629,1.611s-1.1-.139-1.448.273a1.01,1.01,0,0,0,.054,1.038c.346.612.991.521,1.912.928,1.531.677,1.437,1.673,2.95,2.185.205.07,1.33.45,1.666.027.46-.578-.934-2.189-.465-2.676.2-.207.5.04.983-.165.713-.3,1.193-1.291.928-1.748s-1.155-.14-1.42-.628','2022-10-21 13:10:26.494000','2022-10-21 13:10:26.494000',NULL,NULL),(8,'Alba','AB','M116.992,142.866a2.17,2.17,0,0,0,1.2-1.857c-.025-.764-.616-1-1.092-1.748-1.225-1.926.658-3.555-.328-5.9-.688-1.634-2.026-1.846-1.857-2.84.2-1.149,2.045-1.214,2.294-2.512.216-1.124-1.011-1.9-.655-2.513.375-.651,1.746.2,2.84-.437,1.921-1.113.734-5.484,2.4-6.117.607-.23.926.286,1.421,0,1.3-.754-.428-4.615.983-5.571a1.734,1.734,0,0,1,1.857.109c.57.448.308,1.117.873,1.639a1.915,1.915,0,0,0,2.185.218c.974-.72-.372-2.441.437-4.151,1-2.121,4.045-1.529,5.353-3.823.5-.877.114-1.228.438-2.95a11.95,11.95,0,0,1,.671-2.279c-.3-.244-.633-.527-1.026-.861-2.506-2.128-3.224-3.513-4.1-3.277-.907.245-1.2,2.03-1.394,1.966-.174-.059.475-1.438-.163-2.457-.286-.458-.629-.522-.655-.9-.041-.591.773-.764.9-1.393.095-.465-.267-.768-.7-1.23a4.889,4.889,0,0,1-2.986-.737,3.237,3.237,0,0,0-1.693-.737c-.941-.077-1.3.423-2.239.655-1.879.463-2.775-.945-3.769-.437-1.45.742-.55,4.254-1.42,4.478-.573.149-1.655-1.2-2.076-2.621-.492-1.668.034-3.068-.546-3.333-.459-.208-.978.578-1.639.328-.509-.193-.456-.76-.983-1.038-.561-.3-1.078.108-1.748.218-2.066.343-3.555-2.436-4.643-1.911-.572.275-.187,1.06-.983,1.8a2.743,2.743,0,0,1-3.223.327c-.513-.388-.392-.8-.765-.928-.972-.344-1.971,2.377-3.714,2.4a3.128,3.128,0,0,1-2.512-1.857c-.514-1.106-.01-1.936-.492-2.239-.784-.5-2.463,1.488-3.55.873a1.324,1.324,0,0,1-.437-.491A8.221,8.221,0,0,0,88.069,87.2a.652.652,0,0,1-.23.389c-.321.219-.662-.265-1.6-.287-1.048-.025-2.453.541-2.745,1.474-.35,1.127,1.131,2.121.615,3.2-.234.488-.656.527-.656.9,0,.744,1.662.949,1.68,1.639.012.45-.676.965-1.391,1.109.11.187.229.378.367.571.847,1.192,1.7,1.673,1.556,2.294,0,.017-.01.032-.015.048a9.248,9.248,0,0,0,2.064.853c2.83.78,4.719-.2,5.571.9.793,1.026-.527,2.277.328,3.6.921,1.431,3.176,1.1,3.44,2.294.127.567-.366.723-.327,1.556.049,1.063.87,1.293,1.311,2.377.68,1.673-.574,2.857.082,3.522.844.858,3.31-.725,4.015.164.26.329-.034.6.163,1.311.314,1.13,1.235,1.078,2.049,2.212s.267,1.718,1.228,3.522c.478.9.591.714,1.066,1.557a7.4,7.4,0,0,1,.9,5.161c-.306,1.165-.8,1.356-.656,2.13.21,1.11,1.32,1.2,1.475,2.212.185,1.212-1.254,2.009-.9,2.7.336.664,1.812.26,2.129.983.233.532-.395,1.147-.163,1.393s.929-.319,1.639-.41c2.115-.269,5.219,3.583,4.506,6.063a1.879,1.879,0,0,1-.153.378,2.316,2.316,0,0,0,1.572-.16','2022-10-21 13:10:26.524000','2022-10-21 13:10:26.524000',NULL,NULL),(9,'Arad','AR','M22.456,112.151c1.693.33,2.453-.612,3.687.082,1.271.716,1.255,2.163,2.294,2.294.873.11,1.17-.876,2.049-.737,1.06.168,1.282,1.709,2.294,1.72.44,0,.465-.285.983-.409,1.313-.314,2,1.352,3.277,1.31,1-.032,1.1-1.068,3.2-2.621.882-.653,2.209-1.635,2.868-1.229s-.084,1.713.737,2.622c.744.822,1.761.207,2.622,1.065s.491,2.135,1.066,2.294c.636.176,1.225-1.354,2.048-1.229.8.123.758,1.654,1.639,1.885s1.385-1.222,2.7-1.311c1.515-.1,2.4,1.719,3.113,1.393.786-.359-.09-2.658.655-3.113,1.3-.795,5.1,5.493,8.767,4.834a25.66,25.66,0,0,1,3.277-.819c1.268-.18,1.712-.086,2.13-.491.833-.809-.048-2.036.737-3.113s2.2-.529,2.622-1.393c.581-1.18-1.842-2.614-1.393-4.343.343-1.317,1.951-1.253,2.294-2.7.329-1.389-.944-2.3-.492-2.949.493-.711,2.049.309,4.506-.164.951-.183,2.605-.5,3.277-1.721.738-1.336-.3-2.68.656-3.768.575-.657,1.269-.527,1.393-1.065.143-.621-.71-1.1-1.557-2.294-.137-.193-.256-.384-.367-.572a1.773,1.773,0,0,1-.329.039c-.613.016-.763-.309-1.352-.245-.675.073-.871.541-1.434.819-.672.332-1.252.088-2.991-.41-3.225-.923-3.5-.734-4.056-1.311-.7-.729-.332-1.093-1.147-2.622-.168-.318-1.708-3.148-3.154-2.95-.822.114-1.135,1.142-1.72.984-.506-.137-.671-1.012-.7-1.147-.2-1.075.471-1.455.532-2.622.053-.986-.345-2.269-1.106-2.539-.71-.253-1.115.6-2.13.491-1.111-.114-1.171-1.183-2.212-1.434-1.538-.371-2.467,1.709-3.891,1.352-1.2-.3-1.009-1.9-2.295-2.253-1.353-.371-2.28,1.207-3.728.7-.7-.246-.69-.688-1.515-.9a3.34,3.34,0,0,0-2.212.287c-1.214.605-1.213,1.524-2.253,1.721A1.678,1.678,0,0,1,44.5,83.27c-.408-.384-.226-.874-.491-1.515a2.18,2.18,0,0,0-.468-.7,1.677,1.677,0,0,1-.294.178c-.959.447-1.642-.409-2.327,0-1.064.635-.252,3.2-1.113,3.565-.63.269-1.375-.979-2.123-.713-.57.2-.565,1.079-.91,2.445-.782,3.093-2.22,4.181-1.618,5.094.435.66,1.324.3,1.719,1.018A2.222,2.222,0,0,1,35.757,95.4c-.927.288-1.569-.889-2.225-.611-1.156.491.2,4.429-1.416,5.5-.746.5-1.544-.007-2.225.713-.617.654-.2,1.32-.708,1.834-.85.856-3.047.046-4.551-.509-2.149-.794-2.3-1.308-3.439-1.325a4.724,4.724,0,0,0-3.641,1.732c-1.193,1.521-.381,2.781-1.518,4.162.919.756,1.668,1.435,2.244,1.982,2.142,2.035,2.688,2.987,4.178,3.277','2022-10-21 13:10:26.538000','2022-10-21 13:10:26.538000',NULL,NULL),(10,'Arges','AG','M169.672,194.625c.741-.645,1.2-1.539,1.966-1.474.644.054.756.728,1.311.765.93.062,2.054-1.729,2.294-3.441a6.3,6.3,0,0,0-.873-3.933c-1.491-2.671-4.163-3.734-3.878-4.37.186-.415,1.344,0,1.911-.71a1.986,1.986,0,0,0,.164-1.639,16.657,16.657,0,0,0-1.639-4.1c-1.268-2.975-.461-6.229-.163-7.428.42-1.694.757-1.587.71-2.457-.12-2.2-2.285-3.229-2.076-5.462.052-.547.182-.494.218-1.093.094-1.559-.785-2.125-.71-3.44.052-.913.545-1.87.928-1.857.713.023.645,3.388,1.639,3.55.75.123,1.982-1.6,2.239-3.277.158-1.023-.149-1.369.218-2.294.4-1,1.007-1.225.984-1.967-.022-.681-.544-.735-.819-1.529-.44-1.267.6-1.957.382-3.277-.169-1.02-.863-1.041-1.748-2.349-1.31-1.939-.605-3.106-1.529-4.533-.893-1.379-2.485-1.73-4.806-2.24-4.356-.957-6,.162-9.668-.71a14.958,14.958,0,0,1-3.753-1.459c.044.83,0,1.264-.344,1.513-.426.311-.93.057-1.721-.082a4.981,4.981,0,0,0-3.321.624,7.127,7.127,0,0,0,.235,2.953,4.78,4.78,0,0,1,.437,2.185c-.114,1.049-.633,1.2-.983,2.567-.223.873-.031.888-.273,2.4-.231,1.451-.4,1.4-.437,2.129-.07,1.455.607,1.661.765,3.223.167,1.658-.558,1.8-.328,3.222.246,1.52,1.1,1.535,1.474,3.059.416,1.7-.616,1.838-.437,4.043.154,1.883,1,2.873.383,4.26-.189.427-.292.385-.492.874-.517,1.263-.019,2-.163,3.113-.2,1.58-1.57,2.956-2.356,3.022.126,1.445.375,1.9.635,1.948.8.142,1.691-3.595,3.36-3.577a1.415,1.415,0,0,1,1.092.573c.393.563.02,1.173,0,1.857-.06,2.1,3.282,2.58,3.715,5.134.172,1.016-.284,1.37.055,2.785a8.974,8.974,0,0,0,.9,2.049,15.942,15.942,0,0,1,1.338,6.336,7.824,7.824,0,0,0,.11,1.966,5.086,5.086,0,0,0,1.584,2.786c1.656,1.3,3.875.45,4.069,1.092.07.23-.172.488-.52.774a13.921,13.921,0,0,1,3.442-.964c1.848-.262,3.225-.055,4.479-1.147','2022-10-21 13:10:26.553000','2022-10-21 13:10:26.553000',NULL,NULL),(11,'Bacău','BC','M217.837,112.5a1.416,1.416,0,0,0,.983-.546c.991-1.212-.4-3.074.383-3.823.389-.371.828-.01,2.731-.164,1.172-.095,1.228-.25,1.857-.273,2.213-.083,2.607,1.8,4.37,1.8,1.952.007,2.347-2.295,4.916-2.4.811-.034,1.218.176,1.693-.163,1.049-.752.459-2.788,1.2-3.059.442-.162.69.543,1.474.655,1.395.2,1.934-1.838,3.55-1.966,1.478-.117,2.193,1.5,3.277,1.092.829-.308.613-1.326,1.475-1.748,1.351-.66,3.116,1.237,3.714.71.432-.381-.459-1.4-.546-3.55-.065-1.594.4-1.758.164-2.84-.319-1.49-1.307-1.716-2.185-3.222-.826-1.419-.263-1.756-.928-4.7-.641-2.834-1.027-4.536-2.458-5.79-1-.876-2.125-1.192-2.129-2.021,0-.762.944-1.083.873-1.911-.046-.538-.469-.687-1.093-1.421-1.064-1.252-.811-1.972-1.529-2.785a3.056,3.056,0,0,0-1.375-.864,1.361,1.361,0,0,1-.155.591,2.885,2.885,0,0,1-2.622,1.421c-2.043-.134-3.066-2.922-4.1-2.567-.542.186-.327.984-1.092,1.529a2.515,2.515,0,0,1-3.168-.328c-.649-1,.759-2.534.055-3.277a1.064,1.064,0,0,0-1.256-.164c-.413.3-.034.922-.438,1.748-.328.674-.7.518-1.2,1.257-.641.953-.374,1.748-.819,1.911s-.775-.621-1.584-.765c-.9-.161-1.741.6-2.622,1.421-1.876,1.749-1.844,2.88-2.894,3.059-1.028.174-1.533-.827-2.513-.492-.721.247-.681.87-1.42,1.474-1.313,1.075-3.34.657-3.878.546-2.327-.48-2.821-1.984-4.042-1.639-1.076.3-1.031,1.568-2.349,1.912a2.612,2.612,0,0,1-2.13-.383c-1.464-1.086-.752-3.625-1.474-3.823-.523-.144-1.035,1.15-2.428,2.577a1.928,1.928,0,0,1,.652.973c.288,1.093-.738,1.835-.327,2.785.456,1.057,1.936.637,2.7,1.8a3.52,3.52,0,0,1-.165,3.441c-.908,1.564-2.414,1.31-2.785,2.54a3.113,3.113,0,0,0,1.639,3.277c1.7.834,3.558-.808,4.342,0,.722.743-.489,2.506.246,3.113.276.228.631.132,2.7-.328,1.835-.407,2.435-.525,2.539-.328.187.353-1.481,1.146-1.393,2.295.047.593.521.754.633,1.234,1.33-.08,1.905.223,2.153.6.4.6-.18,1.171.163,2.321.312,1.046.923,1.021,1.857,2.458.842,1.3.467,1.506,1.228,2.567,1.082,1.505,2.11,1.463,2.158,2.321,0,.026,0,.05,0,.075a3.335,3.335,0,0,1,1.995.854c.393.381.765.985,1.366.983','2022-10-21 13:10:26.566000','2022-10-21 13:10:26.566000',NULL,NULL),(12,'Bihor','BH','M44.58,83.128a1.678,1.678,0,0,0,1.352.287c1.04-.2,1.039-1.116,2.253-1.721a3.346,3.346,0,0,1,2.212-.287c.825.214.817.655,1.515.9,1.448.511,2.375-1.067,3.729-.7,1.285.352,1.092,1.951,2.294,2.253,1.424.357,2.354-1.723,3.891-1.352,1.041.25,1.1,1.32,2.212,1.434,1.016.1,1.421-.745,2.13-.491.761.271,1.158,1.553,1.106,2.539-.062,1.167-.735,1.547-.532,2.622.026.136.19,1.011.7,1.147.585.158.9-.87,1.721-.983,1.446-.2,2.985,2.631,3.154,2.949.815,1.529.442,1.893,1.146,2.622.559.578.831.388,4.056,1.311,1.739.5,2.319.742,2.991.41.562-.278.759-.747,1.434-.819.589-.064.739.261,1.352.245.815-.021,1.734-.628,1.721-1.146-.018-.69-1.679-.9-1.68-1.639,0-.375.422-.413.655-.9.515-1.075-.965-2.069-.614-3.2.291-.933,1.7-1.5,2.745-1.474.936.022,1.277.506,1.6.287.614-.421.218-2.781-.983-4.589-.75-1.127-1.522-1.6-1.762-2.908-.159-.86.129-.91-.083-1.474-.519-1.389-2.284-1.165-3.031-2.7-.234-.484-.413-1.228-.124-1.475.542-.463,2.071,1.382,3.4.9.974-.352,1.3-1.755,1.434-2.335a4.06,4.06,0,0,0-.245-2.826c-.755-1.392-2.061-1.19-2.786-2.335a3.35,3.35,0,0,1-.217-2.694.318.318,0,0,1-.042-.01c-.482-.2.058-1.411-.546-2.24-.875-1.2-3.256-.36-3.6-1.2-.3-.731,1.384-1.632,1.093-2.731-.156-.588-.7-.566-1.474-1.311-1.026-.987-1.916-2.8-1.366-3.878.5-.977,1.978-.95,2.021-1.748.022-.395-.334-.506-.382-1.093a2.491,2.491,0,0,1,.491-1.421,5.724,5.724,0,0,0,.549-1.6.962.962,0,0,1-.331-.145c-.778-.552.112-1.918-.738-3.032-.683-.9-2.052-1.052-3.6-1.228-1.656-.188-2.348.087-2.7-.41-.508-.712.511-1.831-.082-2.622-.352-.47-.813-.208-1.393-.655-.943-.728-.5-2.019-1.065-3.2a3.925,3.925,0,0,0-2.512-1.886,7.909,7.909,0,0,1-.839,1.484c-2.1,2.939-4.977,2.907-5.056,4.992-.04,1.039.657,1.459.505,3.057-.022.236-.22,2.127-1.213,2.444-.505.162-.726-.241-1.214-.2-1.2.092-1.756,2.678-3.236,6.723a21.741,21.741,0,0,1-1.82,4.279,44.245,44.245,0,0,1-3.743,4.278c-1.46,1.572-1.644,1.713-1.82,2.241-.585,1.757.479,3.153-.4,4.177-.468.541-.855.254-1.416.814-.984.983-.137,2.212-.708,3.871-.782,2.266-3.212,2.433-3.135,3.973.048.974,1.032,1.175,1.011,2.343a2.479,2.479,0,0,1-.919,1.86,2.167,2.167,0,0,1,.468.7c.265.642.084,1.132.491,1.515','2022-10-21 13:10:26.579000','2022-10-21 13:10:26.579000',NULL,NULL),(13,'Bistriţa-Năsăud','BN','M129.247,49.36c-.485.246-1.343-.971-2.021-.655-.528.245-.2,1.073-.874,2.785a6.692,6.692,0,0,0-.655,1.748,2.818,2.818,0,0,0,.163,1.693c.143.291.324.485,1.584,1.421.635.472.953.707,1.2.873,2.815,1.887,3.676,1.791,4.1,2.732.186.416.016.43-.327,3.222-.3,2.453-.23,2.934-.11,3.332.39,1.283,1.137,1.21,1.857,2.4,1.618,2.68-.567,5.668,1.093,7.1a8.322,8.322,0,0,0,1.474.6c1.942.711,2.913,1.067,3.823.819,1.044-.283,1.647-1.112,1.966-.874.241.179-.073.674.164.929.467.5,2.818-.2,3.55-1.8.417-.914-.142-1.134.218-2.4.449-1.58,1.424-1.627,1.8-3.277.186-.814.023-1.122.383-1.694.452-.72,1.375-1.289,1.856-1.038s.077,1.066.656,2.076c.423.737,1.318,1.491,1.966,1.256a1.344,1.344,0,0,0,.711-1.31c-.057-.843-.918-1.017-1.2-1.967a2.644,2.644,0,0,1,.218-1.8c.806-1.843,2.808-1.432,3.715-3.113.721-1.336-.217-2.2.546-3.059.9-1,2.447-.091,4.315-.819a4.712,4.712,0,0,0,1.792-1.276,4.31,4.31,0,0,1-.154-2.478c.157-1.706.481-2.278.082-2.785-.356-.454-.78-.207-1.147-.656-.608-.742-.138-2.256.451-3.2.617-.985,1.078-.882,1.229-1.515.319-1.338-1.578-2.437-1.188-3.237.334-.685,1.915-.267,2.171-.942.191-.5-.666-.8-.778-1.762-.139-1.185,1.04-1.757.778-3.031-.012-.058-.142-.666-.41-.7-.326-.038-.394.9-1.065,1.147-.884.325-1.977-.188-2.049-.7-.077-.552,1.068-.975.943-1.352-.106-.316-.941-.107-1.8-.451a2.693,2.693,0,0,1-.775-.479,1.081,1.081,0,0,1-.155.3c-.874,1.211-3.04-.1-7.428.6-.721.115-1.4.268-2.622.382a8.7,8.7,0,0,1-3.66-.109c-1.365-.43-1.327-1-2.129-.983-1.6.025-2.176,2.274-3.551,2.129-.877-.092-1.089-1.055-1.693-.928-.953.2-.666,2.643-1.966,3.168-.77.31-1.425-.321-1.912.109-.412.363-.086.937-.218,1.857-.184,1.278-1.09,2.083-2.677,3.5a4.5,4.5,0,0,1-2.294,1.366c.458,1.935.37,2.68.055,2.84','2022-10-21 13:10:26.591000','2022-10-21 13:10:26.591000',NULL,NULL),(14,'Botoşani','BT','M219.21,37.893a3.467,3.467,0,0,1,1.639-.273c1.845-.141,1.9-.737,2.84-.6,1.269.183,1.2,1.27,2.731,1.749.847.263.93-.049,2.677.054,2.081.123,2.527.6,3.059.219.987-.708-.046-2.718.928-3.441.843-.627,1.91.661,3.332.055,1.169-.5,1.114-1.654,2.349-1.967.823-.208,1.158.225,1.857,0a2.257,2.257,0,0,0,1.238-1.2,13.491,13.491,0,0,0-1.444-.8c-.654-.424-.545-.633-2.123-2.954-1.03-1.514-1.352-1.83-1.517-2.649a5.68,5.68,0,0,1,0-1.732c.083-1.89-1.224-3.112-2.326-4.787-1.823-2.773-.682-3.133-2.528-6.52a34.323,34.323,0,0,0-4.35-5.6,27.871,27.871,0,0,0-4.248-4.381C221.786,1.922,219.6.346,216.85.511a16.522,16.522,0,0,0-3.034.815c-3.491,1.1-3.257,1.5-5.461,2.038-1.974.483-3.117.395-3.642,1.324-.309.547-.033.795-.2,1.63-.37,1.833-1.982,2.048-3.034,3.871-1,1.736-.135,2.57-.91,3.768a2.924,2.924,0,0,1-2.136,1.213,2.038,2.038,0,0,0,.488,1.776c.516.419.989-.009,2.008.2,1.932.4,2.287,2.375,4.833,4.793,1.038.985,1.021.7,2.418,1.884,2.291,1.946,4.947,4.2,5.817,7.456.827,3.094-.544,4.9.819,6.022.991.812,1.983.073,3.829,1.083a2.035,2.035,0,0,1,.567-.5','2022-10-21 13:10:26.603000','2022-10-21 13:10:26.603000',NULL,NULL),(15,'Braşov','BV','M179.193,143.2c.444-.392,1.286-1.047,4.67-2.13,3.905-1.249,5.857-1.874,7.128-1.228,1.668.846,1.854,2.67,2.868,2.539.884-.114,1.591-1.612,1.8-2.7.249-1.3-.212-1.955.245-2.376.653-.6,2.257.126,2.7.328,1.783.806,2.049,1.858,2.7,1.72,1.24-.262,1.827-4.361.656-5.079-.372-.227-.755-.015-1.066-.348-.52-.558.148-1.588-.328-2.008-.312-.275-.722.066-1.413-.1a2.857,2.857,0,0,1-1.455-1.174c-1.079-1.257-1.537-.792-3.6-2.4-1.711-1.334-1.71-1.9-2.622-2.021-.732-.1-.887.243-2.731.6-1.319.255-2.191.415-2.512,0-.36-.464.408-1.075.218-1.912-.336-1.481-3.088-1.112-3.933-2.785-.552-1.093.513-1.461.383-4.151-.088-1.782-.6-2.473-.11-3.715.376-.958,1.01-1.388.819-1.693-.15-.238-.652-.158-2.95.11-1.225.142-1.428.16-1.584,0-.556-.57.786-2.06.219-3.333a1.8,1.8,0,0,0-.55-.678c.009.351-.016.582-.214.706-.479.3-1.418-.36-2.54-1.147-1.829-1.282-2.333-2.147-2.95-1.966-.82.241-.629,1.983-1.393,2.13-.69.133-1.056-1.25-2.539-1.557a3.706,3.706,0,0,0-.634-.065,2.958,2.958,0,0,1-1.251,1.458c-1.584.869-3.707-.49-4.342.574a5.711,5.711,0,0,0-.3,1.163,1.308,1.308,0,0,1,.3.8c-.013.9-1.178,1.622-2.785,2.622-1.308.813-1.535.73-1.885,1.229-.8,1.148-.089,2.289-.818,2.867-.663.524-1.441-.263-2.458.245a2.349,2.349,0,0,0-1.229,2.54c.289.8,1.216.63,1.639,1.474a2.491,2.491,0,0,1-.983,3.032c-1.208.527-2.758-1.114-3.113-.738-.315.333,1,1.506,1.474,3.688a17.148,17.148,0,0,1,.082,3.031c.043,1.394.144,2.376.18,3.076a14.981,14.981,0,0,0,3.753,1.459c3.665.872,5.313-.248,9.668.71,2.321.51,3.913.86,4.806,2.239.924,1.427.219,2.6,1.529,4.534.884,1.307,1.578,1.329,1.748,2.349a2.369,2.369,0,0,1-.072,1.061,5.391,5.391,0,0,0,2.639-.842c.954-.631,1.122-1.239,2.13-2.13','2022-10-21 13:10:26.615000','2022-10-21 13:10:26.615000',NULL,NULL),(16,'Brăila','BR','M249.9,143.274c-.343.605-.932.445-1.29,1.024-.6.968.6,2.127.02,3.154-.263.465-.547.293-1.29.86-1.242.948-.968,1.822-2.192,3.032-.231.228-1.451,1.435-2.376,1.106-.4-.141-.366-.432-.921-.86-.493-.38-1.54-.937-2.171-.593-.733.4-.071,1.554-1.024,2.785-.472.608-.994.791-1.066,1.434-.041.371.071.864.328.942.523.159,1.211-1.546,1.843-1.393.31.075.224.5.738.983.551.516.955.305,1.311.7.462.508.062,1.172.163,2.335a5.164,5.164,0,0,0,.819,2.294c1.095,1.8,2.48,1.424,2.867,2.622.41,1.269-.693,3.083-1.434,4.3-.4.656-.8,1.16-.7,1.843.117.768.74.906.779,1.639.048.891-.837,1.346-.614,1.843.184.413.945.443,1.146.451,1.343.053,1.6-.919,2.827-1.106,1.439-.218,1.775,1.008,3.44.778.822-.113.868-.43,2.008-.573.756-.095.881.026,2.007-.041,1.271-.075,1.28-.239,1.966-.2,1.395.07,1.575.757,2.377.655,1.436-.181,1.554-2.476,2.745-2.581,1.159-.1,1.511,2.035,3.236,2.294,1.183.178,1.4-.771,2.95-.859,2.11-.122,3.4,1.542,4.1.983.455-.365-.022-1.127.491-2.049a2.211,2.211,0,0,1,.43-.543,2.8,2.8,0,0,1-.511-2.283c.3-1.186,1.426-1.331,1.474-2.376.036-.767-.557-.929-.451-1.639.132-.876,1.088-.969,1.393-1.843.251-.722-.239-1.122-.656-2.417a9.43,9.43,0,0,1-.123-5.407c.318-.972.832-1.763.532-2.049s-1.021.308-1.515-.041c-.41-.29-.431-1.063-.287-1.6.3-1.131,1.364-1.289,1.311-1.884-.056-.64-1.35-1.251-2.539-1.27-1.468-.023-2.213.866-2.786.451-.528-.383-.354-1.472-.327-1.638.152-.945.7-1.1.9-2.008a4.465,4.465,0,0,0-.205-1.884,7.466,7.466,0,0,1-.077-1.676,1.838,1.838,0,0,0-.619-.208c-.866-.128-1.155.424-2.294.779-.416.129-2.3.757-3.688-.165-.63-.42-1.065-1.115-1.925-1.146-.453-.017-.642.163-1.187.369a4.773,4.773,0,0,1-3.769-.042c-.87-.517-.662-1.16-1.474-1.8a3.1,3.1,0,0,0-1.785-.61c.015.049.028.093.037.133.25,1.1-1.545,2.656-2.9,3.536a1.858,1.858,0,0,1-.041,1.468','2022-10-21 13:10:26.632000','2022-10-21 13:10:26.632000',NULL,NULL),(17,'Buzău','BZ','M203.381,140.3a1.407,1.407,0,0,1,.874.492c.312.465-.068.846.109,1.694.161.769.564.889.492,1.42-.079.572-.574.615-.655,1.038-.176.92,2.056,1.33,2.949,3.168a22.283,22.283,0,0,1,.491,3.277c.2,1.655.223,2.231.711,2.567.573.395,1.217.06,1.911.655.4.346.315.57.6.711.866.425,2.017-1.464,2.9-1.2,1.079.322.055,3.386,1.856,5.244.76.783,1.085.386,3.168,1.8,1.424.968,2.307,1.585,2.349,2.457.052,1.08-1.239,1.434-1.093,2.458.115.8.933.811,1.639,2.13.439.82.239,1.033.6,1.8a4.813,4.813,0,0,0,2.512,2.349c1.914.6,2.744-1.214,4.7-.546a4.592,4.592,0,0,0,2.457.655c.486-.074.5-.217.983-.273,1.077-.124,1.476.523,2.458.6,1.128.089,1.36-.707,2.184-.656,1.892.117,2.926,4.442,3.387,4.316s-.77-4.24.328-4.862c.554-.314,1.549.353,2.416,1.094a2.109,2.109,0,0,0,.492-1.257c-.039-.733-.662-.871-.778-1.639-.1-.683.3-1.187.7-1.843.741-1.218,1.843-3.032,1.434-4.3-.387-1.2-1.773-.826-2.867-2.622a5.164,5.164,0,0,1-.819-2.294c-.1-1.161.3-1.826-.163-2.335-.356-.392-.76-.18-1.311-.7-.513-.48-.428-.908-.738-.983-.632-.154-1.32,1.551-1.843,1.393-.256-.078-.369-.571-.328-.942.072-.643.594-.825,1.066-1.434.953-1.231.291-2.388,1.024-2.785.631-.344,1.678.213,2.171.593.555.429.524.72.921.86.925.329,2.145-.877,2.377-1.106,1.223-1.209.949-2.084,2.191-3.032.744-.567,1.027-.4,1.29-.86.583-1.027-.619-2.186-.02-3.154.359-.578.948-.419,1.29-1.024a1.858,1.858,0,0,0,.041-1.468c-.082.053-.161.1-.238.151a7.721,7.721,0,0,1-4.37,1.339,2.893,2.893,0,0,1-2.13-.629c-.867-.917-.107-2.247-.8-2.751-.9-.655-2.641,1.257-4.015.532-.654-.345-.461-.882-1.209-1.352-1.039-.652-1.8.142-3.236-.1-2.094-.355-2.133-2.321-4.137-2.54-1.341-.146-2.272.631-2.806.083-.332-.342-.053-.726-.266-1.516-.415-1.537-2.158-2.617-2.7-2.294-.315.186-.1.769-.491.983-.36.2-.669-.232-1.311-.245-1.018-.022-1.6,1.037-1.966.819-.215-.129.008-.483-.163-1.066-.271-.919-1.068-.85-1.475-1.8-.312-.73-.018-1.174-.41-1.474-.408-.313-.9.037-1.228-.246-.379-.327-.1-1.127,0-1.72a5.125,5.125,0,0,0-1.721-4.671,3.441,3.441,0,0,0-2.129-.575,12.208,12.208,0,0,1-.6,3.142c-.65,2.747-1.01,4.616-1.01,4.616-.3,1.566-.388,2.3-1.066,2.867-.584.488-1.525.782-1.911.437-.644-.574.711-2.516.055-3.086a1.239,1.239,0,0,0-1.475.245c-.636.658.044,1.727-.545,2.322-.421.425-1.055.172-1.749.246a3.333,3.333,0,0,0-2.181,1.378,5.088,5.088,0,0,1-.641,4.288,2.889,2.889,0,0,0,1.484,1.161','2022-10-21 13:10:26.643000','2022-10-21 13:10:26.643000',NULL,NULL),(18,'Călăraşi','CL','M251.635,205.813c1.633-.194,4.566-.543,5.244-2.239.294-.739.066-1.489.655-1.912.407-.291.886-.2,1.639-.109a11.973,11.973,0,0,0,3.222.163c1.9-.369,1.661-2.479,3.55-3,1.682-.468,3.595.723,3.988.054.141-.238,0-.566.273-.818s.542-.058.82-.273c.339-.264.109-.687.382-1.421.235-.63.511-.6.656-1.093a1.93,1.93,0,0,0-.383-1.748c-.727-.779-1.744-.028-3.222-.82-.762-.407-.655-.693-1.366-.983-1-.408-1.446.062-2.731,0a7.912,7.912,0,0,1-3.933-1.529c-.94-.654-1.413-1.265-1.748-1.093-.44.227.132,1.4-.491,2.076-.583.632-1.982.587-2.295.055-.294-.5.593-1.051.929-2.567.268-1.213.158-2.929-.71-3.332a1.18,1.18,0,0,0-1.147.11c-.759.575-.1,2.013-.874,2.621a1.408,1.408,0,0,1-.983.219c-2.386-.111-4.766.376-7.155.382-5.162.013-5.775.429-6.992-.382a4.562,4.562,0,0,0-2.13-1.038c-1.478-.191-1.829.782-3.44.873-1.56.089-1.533-.806-4.261-1.311-1.516-.28-2.021-.1-2.731-.655-.92-.726-1.11-1.856-1.584-1.8-.246.028-.4.355-.6.873-.923,2.35-.735,2.985-1.256,3.332-.817.546-2.65-.1-3.277-1.2-.326-.57-.2-1.042-.71-1.529-.343-.328-1.019-.709-1.474-.491-.938.447-.2,3.07-.929,3.332-.385.138-.756-.53-1.584-.983a3.559,3.559,0,0,0-1.491-.416c.056.344.258.752.427,1.617.274,1.408-.015,1.593.3,1.967.682.807,2.09,0,2.785.818a1.626,1.626,0,0,1,.028,1.912c-.553.67-1.478.023-2.4.655-.873.6-.467,1.461-1.42,2.759-.742,1.01-1.305.919-2.13,1.776a4.954,4.954,0,0,0-1.087,1.79,3.015,3.015,0,0,1,.787.45c2.3,1.569,4.133.6,4.861,1.857.549.948-.321,1.809.382,2.676.617.762,1.722.633,1.748.984.033.425-1.6.516-2.294,1.256-.5.532-.7,1.589.042,3.737.6-.209,1.376.078,2.717-.268a36.069,36.069,0,0,1,6.937-1.421,12.935,12.935,0,0,0,2.868-.437c2.086-.559,2.766-2,4.118-2.837,1.419-.881,1.671-.443,8.9-1.222,3.486-.376,5.588-.712,6.169.306a.993.993,0,0,1,.054.109,13.984,13.984,0,0,0,4.354.176','2022-10-21 13:10:26.655000','2022-10-21 13:10:26.655000',NULL,NULL),(19,'Caraș Severin','CS','M62.913,187.11c.147-.542,0-1.217.41-1.474.519-.323,1.207.459,1.721.163.475-.273.41-1.245.327-2.457-.11-1.626-.4-1.784-.245-2.622.2-1.1.744-1.081.9-2.13.188-1.258-.526-1.719-.163-2.457a2.276,2.276,0,0,1,2.211-.984c1.26.144,1.362,1.277,2.786,1.885a3.978,3.978,0,0,0,3.85-.328c.957-.8.541-1.8,1.474-4.261a16.445,16.445,0,0,1,1.475-2.867c1.936-3.234,3.183-3.617,3.768-5.9a5.073,5.073,0,0,0,.163-2.622c-.537-2.211-2.6-2.563-2.621-4.015-.009-.762.891-.781,2.9-3.453l.052-.07c1.187-1.6,2.459-4.247,1.639-5.161-.557-.621-1.758-.039-2.049-.573-.355-.653,1.409-1.568,2.049-3.523.886-2.708-1.047-5.381-1.311-5.735a3.721,3.721,0,0,0-2.294-1.8c-.881-.111-1.645.372-1.967,0-.244-.283.113-.66,0-1.229-.177-.9-1.323-1.194-2.376-1.884a6.44,6.44,0,0,1-1.426-1.284,2.6,2.6,0,0,1-.95.711c-.962.44-1.362.095-2.13.655-1.191.87-.734,2.068-1.638,2.622-1.01.619-2-.613-4.671-.819-.761-.058-3.023-.232-3.523.738-.622,1.209,2.061,3.09,1.475,4.1-.466.8-2.852.8-4.424-.245-1.145-.763-1.451-1.809-2.212-1.721-.68.079-.715.945-1.721,1.393a2.78,2.78,0,0,1-2.212,0c-1.441-.684-.946-2.487-2.212-3.2a3.487,3.487,0,0,0-4.015,1.146c-1.044,1.455-.134,3.444-.9,3.769-.518.219-.981-.67-2.376-.819-.273-.03-1.542-.165-1.884.41-.564.948,2,2.8,1.393,4.178-.339.771-1.476.948-1.393,1.311.059.254.619.181,1.146.41,1.486.644,1.7,3.25,1.8,4.424.126,1.5.219,2.615-.491,3.768a4.491,4.491,0,0,1-1.744,1.6c.73.6,1.587,1.452,1.4,2.161-.164.612-.926.428-1.618,1.222-1.094,1.256-.148,2.814-1.113,3.668-.859.759-2.121-.026-2.528.611-.393.614.3,2.095,1.416,2.954,1.7,1.314,3.349.368,4.551,1.732a2.219,2.219,0,0,1,.607,2.038c-.417,1.073-2.424,1.239-3.438,1.324-2.062.171-2.979-.376-3.439.2-.489.618.041,1.882.4,2.751a6.22,6.22,0,0,0,1.113,1.834c2.026,2.13,5.383.36,6.676,2.037,1.008,1.31-.579,2.986.4,4.177.852,1.032,2.513.341,6.979.2,5.465-.167,6.382.763,6.676,1.121.689.844.147,1.251,1.113,3.566.059.141.118.282.178.422,1.369-.505,1.881-1.113,2.031-1.668','2022-10-21 13:10:26.666000','2022-10-21 13:10:26.666000',NULL,NULL),(20,'Cluj','CJ','M89.458,88.612a1.324,1.324,0,0,0,.437.491c1.088.614,2.767-1.369,3.551-.874.482.3-.023,1.135.491,2.24a3.128,3.128,0,0,0,2.512,1.857c1.743-.027,2.742-2.748,3.714-2.4.373.132.251.54.765.928a2.743,2.743,0,0,0,3.223-.327c.8-.743.411-1.527.983-1.8,1.088-.524,2.578,2.254,4.643,1.911.67-.111,1.186-.515,1.748-.218.527.278.474.844.983,1.038.661.25,1.18-.537,1.639-.328.58.265.054,1.665.546,3.332.421,1.424,1.5,2.771,2.076,2.622.869-.225-.03-3.737,1.42-4.478.994-.509,1.89.9,3.769.437.944-.232,1.3-.732,2.239-.656a3.253,3.253,0,0,1,1.694.738,4.881,4.881,0,0,0,2.986.736,4.435,4.435,0,0,1-.775-1.064,3.811,3.811,0,0,1,.164-3.932c.655-.743,1.307-.338,1.8-.984,1.052-1.372-1.06-4.276-.246-4.916.323-.253.69.176,1.311-.082a2.466,2.466,0,0,0,1.066-2.949c-.3-.706-.843-.605-1.066-1.229-.368-1.034.7-2.487,1.8-3.2a4.129,4.129,0,0,1,1.568-.6c-.27-1.582.789-3.864-.476-5.96-.721-1.193-1.467-1.121-1.857-2.4-.121-.4-.192-.878.11-3.332.343-2.793.513-2.806.327-3.223-.421-.941-1.281-.844-4.1-2.731-.248-.166-.566-.4-1.2-.874-1.26-.935-1.442-1.13-1.584-1.42a2.821,2.821,0,0,1-.163-1.694,6.692,6.692,0,0,1,.655-1.748c.675-1.712.346-2.54.874-2.785.678-.315,1.536.9,2.021.655.315-.16.4-.905-.055-2.84-.606.09-.654-.095-1.42-.054-1.565.083-1.832.88-2.84.765-1.181-.137-1.667-1.331-2.185-1.093-.387.177-.138.851-.457,1.43.013,1.6-.213,3.322-1.181,3.759a5.8,5.8,0,0,1-2.13.054c-2.151-.118-2.453-.432-2.84-.164-1.191.826.725,4.464-.437,5.3-.747.536-1.827-.761-3.6-.218-.08.025-1.675.532-1.857,1.584-.161.922.889,1.539.6,2.185-.277.621-1.39.369-1.583.873-.3.788,2.234,1.851,2.076,3s-2.857.8-3.933,2.785c-.521.96-.275,1.758-1.147,2.512a2.242,2.242,0,0,1-1.584.6,1.581,1.581,0,0,1-1.2-.546c-.382-.574.184-1.117-.109-1.967-.223-.642-.848-1.2-1.147-1.092-.461.173.309,1.781-.328,3.6-.432,1.237-1.553,2.692-2.731,2.676-1.077-.014-1.114-1.242-2.785-2.129-1.972-1.047-3.1.032-4.37-1.038-1.249-1.057-.719-2.591-1.912-3.113-.94-.412-1.464.457-2.567.055-1.328-.485-1.431-2.056-2.4-2.076-.737-.016-1.132.875-1.542.775a3.345,3.345,0,0,0,.218,2.694c.725,1.144,2.031.943,2.785,2.335a4.062,4.062,0,0,1,.246,2.826c-.135.58-.461,1.983-1.435,2.335-1.33.481-2.858-1.364-3.4-.9-.289.247-.112.992.123,1.475.748,1.538,2.512,1.315,3.032,2.7.211.564-.076.614.082,1.474.24,1.307,1.012,1.782,1.762,2.908a6.5,6.5,0,0,1,1.213,4.2,8.221,8.221,0,0,1,1.395,1.535','2022-10-21 13:10:26.679000','2022-10-21 13:10:26.679000',NULL,NULL),(21,'Constanţa','CT','M301.236,181.287c3.077-1.593,3.2-5.76,4.191-7.854a4.605,4.605,0,0,0-2.116,1.095c-.7.657-.729,1.159-1.611,1.693-1.259.762-3.1.894-3.7.11-.184-.242-.081-.351-.246-.614-.64-1.022-3.327-1.182-4.792.041-.756.63-.741,1.255-1.516,1.474-.71.2-1.09-.22-1.884.041-.651.214-.639.577-1.229.9a3.487,3.487,0,0,1-3.564-.451c-.992-.79-.812-1.714-1.556-1.884-.8-.182-1.2.829-2.417.819-.56,0-1.4-.225-1.639-.779-.365-.861,1.1-1.693.82-2.581-.073-.227-.307-.609-3.646-1.474-1.786-.464-2.264-.5-2.745-1.024-.05-.055-.1-.114-.144-.175a2.243,2.243,0,0,0-.431.544c-.513.921-.036,1.683-.491,2.048-.7.56-1.986-1.1-4.1-.983-1.2.069-1.6.656-2.277.831a10,10,0,0,0-.1,1.34c-.006,1.083,0,1.81.491,2.253.589.53,1.255.09,2.457.327a4.687,4.687,0,0,1,3.073,2.171c.765,1.35.882,3.483-.041,4.588-.213.256-.627.629-.573,1.107a.913.913,0,0,0,.655.779c.576.1.824-.815,1.435-.9,1.215-.172,3.159,3.046,2.376,4.137-.386.537-1.169.193-1.884.942-.488.51-.476,1.04-.7,1.762a5.77,5.77,0,0,1-1.283,2.189,2.009,2.009,0,0,1,.123,1.361c-.145.492-.421.462-.656,1.093-.273.733-.043,1.156-.382,1.42-.277.215-.55.025-.82.273s-.133.581-.273.819c-.393.668-2.306-.522-3.987-.055-1.889.525-1.655,2.635-3.551,3a11.943,11.943,0,0,1-3.222-.164c-.753-.089-1.232-.182-1.639.11-.589.422-.36,1.173-.655,1.911-.678,1.7-3.611,2.046-5.244,2.24a14.015,14.015,0,0,1-4.354-.176c.253.6-.218,1.2.25,2.03.139.245.539.827,2.63,1.427a21.59,21.59,0,0,0,3.742.611c3.191.381,3.772.452,4.35,0,.793-.622.712-1.554,1.314-1.63.728-.092,1.467,1.189,1.72,1.63.83,1.441.425,2.022,1.012,2.546,1.272,1.138,4.487-.429,4.854-.611,1.83-.911,2.367-1.9,3.035-1.63.7.281.51,1.513,1.113,3.668a14.18,14.18,0,0,0,1.516,3.565c2.056,3.2,6.409,3.939,9,4.381a41.239,41.239,0,0,0,4.551.306c5.971.245,7.714,1.053,8.074.653.723-.806-.844-2.653-.185-6.46.045-.257,1.022,1.348,1.906-2.8a12.1,12.1,0,0,0-.49-5.86c-.462-1.247-.6-1.432-.329-2.333.159-.521,1.291-2.946,1.393-3.6.1-.642-2.377-6.4-2.457-6.555-.76-1.41.86-1.721,4.3-6.554,1.482-2.082.246-5.9,2.54-7.087','2022-10-21 13:10:26.698000','2022-10-21 13:10:26.698000',NULL,NULL),(22,'Covasna','CV','M204.649,133.4c.694-.074,1.328.178,1.748-.246.589-.6-.091-1.664.546-2.321a1.238,1.238,0,0,1,1.474-.246c.657.569-.7,2.512-.054,3.087.386.344,1.327.052,1.911-.437.678-.566.764-1.3,1.066-2.868,0,0,.36-1.868,1.01-4.615.528-2.232.8-2.825.465-3.742-.271-.749-.641-.881-.738-1.666-.128-1.037.462-1.255.465-2.458s-.585-1.5-.273-2.184c.275-.6.847-.61,1.065-1.311.133-.428-.023-.606-.027-1.093-.012-1.349,1.172-1.694,1.12-2.622-.049-.858-1.077-.816-2.157-2.321-.762-1.061-.386-1.269-1.229-2.567-.933-1.439-1.544-1.414-1.857-2.458-.343-1.149.235-1.722-.163-2.321-.247-.372-.822-.675-2.153-.6a.936.936,0,0,1,.023.158c.04.781-1,1.153-1.884,2.13a20.891,20.891,0,0,1-3.359,3.36c-1.834,1.024-2.8.384-4.015,1.638-.491.5-.75,1.034-1.393,1.147-.613.109-.919-.276-1.8-.656-1.873-.8-2.752-.044-3.441-.818-.569-.639-.029-1.22-.655-2.377-.436-.8-.825-.76-1.639-1.638-1.483-1.6-1.259-2.905-2.049-3.032-.625-.1-1.279.637-2.457,1.966-.894,1.009-1.007,1.419-1.639,1.639-.923.321-1.35-.324-2.129,0-1.013.421-1.332,1.938-1.475,2.622a7.79,7.79,0,0,0-.113,2.08,1.8,1.8,0,0,1,.55.679c.566,1.272-.776,2.762-.219,3.332.157.16.359.142,1.584,0,2.3-.267,2.8-.348,2.95-.11.19.305-.444.735-.819,1.693-.487,1.241.022,1.933.11,3.715.131,2.691-.934,3.059-.383,4.151.845,1.674,3.6,1.3,3.933,2.785.189.837-.578,1.449-.218,1.912.321.415,1.193.255,2.512,0,1.843-.358,2-.7,2.731-.6.912.124.911.687,2.622,2.021,2.068,1.612,2.526,1.146,3.6,2.4a2.857,2.857,0,0,0,1.455,1.174c.691.167,1.1-.173,1.413.1.476.42-.192,1.45.328,2.008.311.333.694.121,1.066.348a1.11,1.11,0,0,1,.413.531,3.337,3.337,0,0,1,2.181-1.378','2022-10-21 13:10:26.717000','2022-10-21 13:10:26.717000',NULL,NULL),(23,'Dâmboviţa','DB','M174.741,195.5c.557,0,1.19-.437,2.457-1.311.938-.647,1.41-.98,1.557-1.474.319-1.073-.743-2.035-.41-2.376.282-.289,1.03.413,2.294.327a6,6,0,0,0,1.557-.492c2.224-.764,2.679-.561,3.072-1.106.561-.777-.1-1.56.492-2.09a1.909,1.909,0,0,1,2.253.163c.48.4.293.729.656,1.025.941.768,2.573-1.124,4.629-.615.855.212.9.619,2.335,1.025.8.223,1.694.477,2.049.082.466-.518-.529-1.571,0-2.5.268-.471.586-.308,1.229-.942a2.887,2.887,0,0,0,.983-2.171c-.11-.684-.605-.66-.7-1.269-.156-1.04,1.223-1.528,1.107-2.581-.063-.561-.481-.652-.983-1.474a4.535,4.535,0,0,1-.388-.8,4.3,4.3,0,0,1-.637-.427c-1.294-1.057-1.357-2.467-2.129-2.458-.9.012-1.03,1.926-2.13,2.13-1.252.232-3.2-1.85-2.868-3.277.318-1.366,2.534-1.321,2.746-2.663.152-.968-.834-2.055-1.762-2.54-1.582-.828-2.74.224-3.482-.492-1.182-1.139,1.047-4.479-.287-5.694-.508-.464-1.183-.3-1.679-1.025a2.744,2.744,0,0,1-.328-1.556c-.183-2.271-3.052-2.628-3.646-4.957-.413-1.616.85-1.9.41-3.482-.609-2.18-3.215-2.363-3.4-4.343-.087-.926.459-1.159.369-2.376a4.11,4.11,0,0,0-.186-.947,4.549,4.549,0,0,0-.674.5c-1.009.891-1.176,1.5-2.13,2.13a5.371,5.371,0,0,1-2.639.842c-.2.731-.617,1.334-.31,2.216.275.795.8.848.819,1.529.023.741-.586.964-.984,1.966-.367.925-.061,1.272-.218,2.295-.257,1.678-1.489,3.4-2.239,3.277-.994-.163-.926-3.527-1.639-3.55-.383-.013-.876.944-.928,1.856-.075,1.315.8,1.882.71,3.441-.036.6-.166.544-.218,1.093-.209,2.233,1.956,3.264,2.076,5.462.047.87-.29.764-.71,2.457-.3,1.2-1.1,4.453.163,7.428a16.7,16.7,0,0,1,1.639,4.1,1.986,1.986,0,0,1-.164,1.639c-.567.713-1.725.3-1.911.71-.286.636,2.387,1.7,3.878,4.37a6.3,6.3,0,0,1,.873,3.933c-.24,1.713-1.364,3.5-2.294,3.441-.322-.022-.494-.256-.708-.461.667,1.231,1.548,2.017,2.429,2.017','2022-10-21 13:10:26.732000','2022-10-21 13:10:26.732000',NULL,NULL),(24,'Dolj','DJ','M136.017,226.8c.806-.858,2.122-1.29,2.185-2.376.051-.875-.77-1.181-.629-2.049.168-1.033,1.434-1.219,1.421-2.076-.011-.751-.991-1.045-.874-1.556.155-.673,1.931-.506,2.076-1.093.16-.643-1.929-1.039-2.512-2.567-.5-1.313.606-2.157.983-4.37a8.676,8.676,0,0,0-.737-5.271c-1.676-3.024-5.171-2.952-5.435-5.326a5.752,5.752,0,0,0-.41-2.321,2.558,2.558,0,0,0-1.2-1.393c-.63-.271-.863.092-1.776-.083-.67-.128-1.671-.538-1.829-1.228-.1-.415.2-.555.082-1.011-.139-.541-.606-.541-.9-1.093a1.785,1.785,0,0,1,.11-1.829c.4-.5.925-.287,1.529-.738a1.994,1.994,0,0,0,.6-.765l-.058-.027c-1.881-.933-1.216-3.264-3.332-4.7-.909-.616-1.234-.323-1.967-.874-1.205-.907-1.526-2.607-1.53-4.225-1.2.974-2.988.71-3.058,1.276-.085.689,2.528,1.4,2.4,2.076-.057.309-.608.205-1.093.71-.743.773-.085,1.863-.765,2.4a3.15,3.15,0,0,1-2.622.218c-2.063-.417-2.969-1.607-3.6-1.2-.459.292-.127,1-.546,1.638a2.2,2.2,0,0,1-1.713.792,2.74,2.74,0,0,1-1.018,2.6c-1.472.867-3.791-1.35-4.807-.437-.5.45-.049,1.088-.655,1.748-.723.788-1.658.2-2.731.983a2.38,2.38,0,0,0-1.093,2.185c.262.969,1.686.821,1.966,1.748.29.956-.876,2.276-1.857,2.949-1.3.9-2.336.685-2.512,1.311-.191.681,1,1.018,1.529,2.513.393,1.114-.108,1.386.11,3.277.209,1.825.767,2.36.437,2.731-.8.9-4.641-1.651-5.353-.765-.317.395.315,1.063.027,2.185a2.8,2.8,0,0,1-.5,1.011c1.076.126,1.861.084,2.206.762a2.891,2.891,0,0,1-1.011,3.057c-1.252,1.032-2.726.253-4.046,1.527a6.6,6.6,0,0,0-.81,1.223c-1.225,2.076-1.837,3.113-1.719,3.973.2,1.429,2,2.237,4.046,3.157a11.965,11.965,0,0,0,5.36,1.427c3.888-.073,4.466-2.695,9.1-3.158a10.806,10.806,0,0,1,4.753.408c2.143.724,2.52,1.71,4.551,2.343s2.557-.078,5.158.1c1.654.115,3.755.961,7.89,2.649,3.337,1.363,4.268,1.884,5.267,2.151-.344-2.518.2-3.847.91-4.6','2022-10-21 13:10:26.743000','2022-10-21 13:10:26.743000',NULL,NULL),(25,'Galaţi','GL','M256.07,140.444a4.766,4.766,0,0,0,3.768.041c.546-.2.735-.386,1.188-.369.86.033,1.3.727,1.925,1.147,1.383.921,3.271.293,3.687.164,1.139-.355,1.429-.906,2.295-.779.76.113.955.6,1.515.492.754-.146.763-1.1,1.515-1.311s1.213.562,1.884.614c.651.05,1.58-.569,2.859-3.351-.784-.16-1.3.279-1.877-.168-.924-.72-.107-2.27-.91-4.279-.571-1.43-1.18-1.132-1.719-2.343-1.232-2.771,1.716-4.872.606-7.946-.493-1.368-1.27-1.486-1.618-3.158a8.241,8.241,0,0,1,.2-3.362c.551-3.846-1.768-4.567-1.618-8.761.008-.233.024-.447.044-.646-2.867.141-4.009-.353-4.326-1.053-.218-.481-.11-1.194-.7-1.638a1.787,1.787,0,0,0-2.253.163c-.227.3-.093.525-.2,1.024-.242,1.082-1.354,2.149-2.171,2.049-.8-.1-.651-1.223-1.8-2.049a3.948,3.948,0,0,0-4.015-.163c-.15.082-1.5.835-1.393,1.638.137.978,2.292.916,2.458,1.8.205,1.1-2.764,3.04-3.81,2.336-1-.672.076-3.535-1.065-4.1-.51-.251-1.1.137-1.434-.246a.938.938,0,0,1-.114-.808c-1.422-.087-2.844.1-3.574,1.04-.477.613-.264,1.04-.628,1.966-1.056,2.687-4.141,2.383-4.533,4.1-.4,1.731,2.635,2.553,3.8,6.664.238.845.427,1.93.518,2.458.516,2.975.228,3.6.9,4.561.832,1.184,1.569.649,2.567,1.966,1.057,1.394.47,2.307,1.557,3.277.942.841,1.841.564,2.184,1.393.281.678-.223,1.1.165,1.967.267.6.587.575.71,1.146.1.475-.08.677,0,1.393a3.546,3.546,0,0,0,.155.714,3.093,3.093,0,0,1,1.785.611c.813.642.6,1.285,1.474,1.8','2022-10-21 13:10:26.755000','2022-10-21 13:10:26.755000',NULL,NULL),(26,'Giurgiu','GR','M215.389,207.677c.7-.74,2.326-.831,2.294-1.256-.026-.351-1.131-.222-1.748-.983-.7-.867.167-1.729-.383-2.677-.727-1.254-2.563-.287-4.861-1.857a1.8,1.8,0,0,0-1.2-.492c-.828.094-.9,1.107-1.8,1.474-.987.4-2.169-.287-2.9-.71-1.017-.592-1.022-.976-2.13-1.693a14.22,14.22,0,0,0-2.294-1.038c-1.593-.706-3.88-1.72-3.768-2.567.04-.3.342-.257.71-.765a3.453,3.453,0,0,0,.273-2.84c-.3-.9-.731-.977-1.146-1.748a3.728,3.728,0,0,1-.424-1.722l-.341-.095c-1.439-.4-1.48-.813-2.336-1.024-2.055-.509-3.688,1.383-4.629.614-.363-.3-.176-.623-.655-1.024a1.908,1.908,0,0,0-2.253-.164c-.588.529.069,1.313-.491,2.09-.394.544-.847.342-3.073,1.106-.178.062-.325.115-.453.161a2.222,2.222,0,0,1,.78,1.86c-.131.7-.757.813-1.146,1.911a4.447,4.447,0,0,0,.055,2.9,3.928,3.928,0,0,0,1.911,2.4c1.777.739,3.563-1.006,4.316-.273.636.619-.244,2.256.218,2.512.514.284,1.826-1.619,2.294-1.366.533.29-1.26,2.735-.383,5.189.2.568.561,1.169,1.2,2.9.388,1.046.426,1.279.327,1.529-.422,1.077-2.587.484-3.222,1.639-.44.8.448,1.351.055,2.785-.286,1.042-.9,1.284-.765,1.966s.816.722,1.256,1.474c.506.869-.048,1.425,0,2.786.07,1.977,1.293,2.264,1.966,5.243.094.417.154.878.273,1.8q.109.849.186,1.612c.818-.053,1.324.293,2.228-.166.8-.408.773-.868,1.82-1.935,1.225-1.246,1.717-1.075,2.732-2.038,1.435-1.363.8-2.035,2.123-3.668,1.548-1.9,2.751-1.4,4.146-3.362.988-1.387.534-1.846,1.417-2.954,1.035-1.3,2.325-1.5,5.361-2.343a46.509,46.509,0,0,0,4.5-1.456c-.742-2.146-.544-3.2-.042-3.737','2022-10-21 13:10:26.769000','2022-10-21 13:10:26.769000',NULL,NULL),(27,'Gorj','GJ','M112.5,186.86c.42-.635.087-1.346.546-1.639.635-.4,1.541.786,3.6,1.2a3.158,3.158,0,0,0,2.622-.218c.68-.54.021-1.631.765-2.4.485-.5,1.035-.4,1.092-.71.126-.679-2.487-1.387-2.4-2.076.073-.592,2.027-.274,3.222-1.421s1-3.1.874-4.424c-.416-4.448-2.937-5.559-2.239-7.865.59-1.954,2.616-1.875,2.84-3.823.219-1.907-1.569-3.316-.929-4.206.5-.695,1.79-.114,2.13-.71.53-.928-2.467-2.545-2.458-5.026.008-1.9,1.776-2.822,1.366-3.5-.673-1.1-5.232,1.723-8.193-.163a4.182,4.182,0,0,1-1.147-1.107c-.521.387-1.261.012-2.649.779-.8.442-.65.621-1.146.819-1.8.718-3.623-1.7-4.916-.983-.752.413-.577,1.469-1.475,1.72-.508.143-.711-.156-1.393,0-.721.165-.815.572-1.393.738-.809.232-1.344-.36-2.129-.573-1.315-.357-1.982.711-4.1,1.556-1.092.437-3.954,1.58-6.554.656a5.581,5.581,0,0,0-2.95-.656c-.747.1-.963.368-1.638.492a3.559,3.559,0,0,1-1.57-.079c-.077.111-.155.219-.232.325-1.637,2.205-2.964,2.358-2.95,3.523.017,1.451,2.084,1.8,2.622,4.015a3.96,3.96,0,0,1,.1.671,26.432,26.432,0,0,1,2.6.5,5.733,5.733,0,0,1,2.512.984c.956.816,1.012,1.723,2.294,2.621.742.519.865.316,1.2.656,1.28,1.29-.913,3.805-.218,6.554.278,1.1.626.681,4.37,4.7,2.277,2.445,2.973,3.485,4.7,4.043.112.035,1.021.169,2.84.437,2.886.424,3.836.516,4.7,1.311.587.541.351.688,1.093,1.42,1.249,1.234,2.135,1.031,2.622,1.857a2.1,2.1,0,0,1,.253.792,2.2,2.2,0,0,0,1.713-.792','2022-10-21 13:10:26.781000','2022-10-21 13:10:26.781000',NULL,NULL),(28,'Harghita','HR','M169.219,61.848c.446.493,1,.172,1.639.655.543.41.488.9.818,4.589.108,1.2.176,1.849-.245,2.457-.436.627-.926.534-1.065.983-.331,1.069,2.271,2.186,2.048,3.6-.11.7-.773.668-1.065,1.639-.261.867.1,1.438.245,2.376a10.032,10.032,0,0,1-.655,3.6c-1.309,4.774-1.38,4.962-1.721,5.162-1.188.7-2.168-.508-4.752.163-.868.226-1.628.424-1.966,1.065-.66,1.255,1.031,2.813.41,3.688-.6.845-2.622,0-2.95.655-.393.786,2.274,2.5,1.885,3.359-.356.787-2.789-.165-3.441.819-.67,1.012,1.06,3.285,1.8,4.261.979,1.287,1.469,1.93,2.294,2.212,1.645.561,2.7-.691,4.506.082.366.157,1.133.484,1.311,1.146.224.835-.651,1.583-.328,2.049.185.266.539.12,1.147.245,1.483.307,1.849,1.69,2.539,1.557.764-.147.572-1.889,1.394-2.13.616-.18,1.12.685,2.949,1.967,1.123.787,2.062,1.445,2.54,1.146.463-.288-.015-1.156.327-2.785.145-.684.463-2.2,1.475-2.622.78-.324,1.206.321,2.129,0,.633-.219.746-.63,1.639-1.639,1.178-1.329,1.832-2.067,2.458-1.966.789.127.564,1.43,2.048,3.032.814.879,1.2.833,1.639,1.638.626,1.157.087,1.738.655,2.377.69.775,1.568.015,3.441.819.883.379,1.189.764,1.8.655.643-.114.9-.643,1.393-1.147,1.219-1.254,2.18-.613,4.015-1.638a20.891,20.891,0,0,0,3.359-3.36c.886-.977,1.924-1.35,1.884-2.129-.03-.613-.6-.738-.655-1.393-.09-1.148,1.58-1.942,1.393-2.295-.1-.2-.7-.079-2.54.328-2.072.46-2.428.556-2.7.328-.735-.607.476-2.371-.245-3.113-.784-.808-2.637.834-4.343,0a3.113,3.113,0,0,1-1.638-3.277c.372-1.23,1.876-.976,2.785-2.54a3.52,3.52,0,0,0,.163-3.441c-.767-1.165-2.248-.746-2.7-1.8-.41-.95.615-1.693.328-2.785a1.941,1.941,0,0,0-.652-.973,10.449,10.449,0,0,1-1.232,1.083c-.965.72-1.72,1.282-2.622,1.146-1.686-.252-3.115-2.821-2.622-4.588.347-1.24,1.567-1.817,1.311-2.4-.246-.564-1.437-.166-1.912-.874-.384-.572.185-1.143.219-2.567.031-1.353-.472-1.324-.438-2.458.057-1.878,1.471-3.063.983-3.659-.214-.264-.531-.085-.765-.383-.469-.6.554-1.673.164-2.239-.4-.585-1.776.152-2.4-.546-.355-.395-.113-.849-.273-1.529a2.827,2.827,0,0,0-1.166-1.6,1.629,1.629,0,0,1-.431.94,2.43,2.43,0,0,1-2.663.656c-.637-.333-.424-.864-1.147-1.515-.892-.8-1.591-.334-2.663-1.066-.984-.672-.678-1.262-1.6-1.966-1-.768-2.758-1.132-3.687-.41-.955.741-.209,1.983-1.394,3.482-.493.625-1.445,1.448-2.211,1.228a.749.749,0,0,1-.43-.313,2.15,2.15,0,0,0,.183,1.952','2022-10-21 13:10:26.792000','2022-10-21 13:10:26.792000',NULL,NULL),(29,'Hunedoara','HD','M83.832,153.17c.675-.125.891-.387,1.639-.492a5.568,5.568,0,0,1,2.949.655c2.6.925,5.462-.218,6.555-.655,2.115-.845,2.782-1.913,4.1-1.557.786.213,1.321.806,2.13.574.576-.165.672-.572,1.393-.738.681-.156.883.143,1.393,0,.9-.251.724-1.307,1.474-1.721,1.293-.712,3.114,1.7,4.916.983.5-.2.347-.377,1.146-.818,1.513-.836,2.257-.312,2.786-.9.736-.821-.491-2.08.163-4.015.36-1.062.821-.955,1.065-1.8.714-2.48-2.391-6.334-4.506-6.063-.709.091-1.4.658-1.638.41s.4-.86.163-1.393c-.317-.723-1.793-.319-2.13-.983-.352-.695,1.088-1.491.9-2.7-.156-1.016-1.264-1.1-1.474-2.212-.147-.775.35-.965.656-2.13a7.4,7.4,0,0,0-.9-5.161c-.475-.843-.588-.66-1.066-1.557-.961-1.8-.414-2.386-1.229-3.522s-1.734-1.084-2.048-2.212c-.2-.711.1-.982-.163-1.311-.7-.889-3.17.693-4.015-.164-.656-.665.6-1.849-.083-3.522-.44-1.084-1.261-1.314-1.31-2.377-.039-.833.454-.989.327-1.556-.264-1.193-2.519-.863-3.44-2.294-.856-1.328.464-2.579-.328-3.6-.852-1.1-2.742-.122-5.571-.9a9.2,9.2,0,0,1-2.064-.854c-.155.482-.82.383-1.378,1.018-.955,1.089.082,2.433-.656,3.768-.672,1.219-2.326,1.537-3.277,1.721-2.457.474-4.013-.546-4.506.164-.453.652.82,1.56.492,2.949-.343,1.451-1.951,1.387-2.294,2.7-.449,1.729,1.974,3.162,1.393,4.343-.42.853-1.794.319-2.591,1.354a5.2,5.2,0,0,1,2.346,3.152c.324,1.6-.59,2.417,0,3.687.886,1.909,3.684,1.631,3.85,2.867.111.819-1.114.972-2.785,3.032-1.072,1.321-1.368,2.242-1.918,2.894a6.464,6.464,0,0,0,1.427,1.284c1.052.69,2.2.98,2.376,1.885.112.568-.244.946,0,1.228.322.372,1.086-.11,1.967,0a3.721,3.721,0,0,1,2.294,1.8c.264.355,2.2,3.028,1.311,5.735-.64,1.955-2.4,2.87-2.049,3.523.291.534,1.491-.047,2.049.573.737.821-.215,3.116-1.407,4.837a3.574,3.574,0,0,0,1.57.079','2022-10-21 13:10:26.804000','2022-10-21 13:10:26.804000',NULL,NULL),(30,'Ialomiţa','IL','M273.924,189.8c.715-.749,1.5-.4,1.884-.942.785-1.092-1.16-4.31-2.376-4.137-.61.086-.858,1-1.434.9a.914.914,0,0,1-.656-.779c-.053-.478.36-.85.574-1.106.922-1.106.806-3.239.041-4.589a4.685,4.685,0,0,0-3.073-2.17c-1.2-.238-1.868.2-2.458-.328-.491-.443-.5-1.17-.491-2.253a10,10,0,0,1,.1-1.34,1.635,1.635,0,0,1-.672.029c-1.725-.259-2.077-2.4-3.236-2.294-1.19.1-1.309,2.4-2.745,2.581-.8.1-.982-.586-2.377-.656-.686-.034-.695.13-1.966.205-1.126.066-1.251-.055-2.007.041-1.139.144-1.185.46-2.008.573-1.666.229-2-1-3.44-.779-1.23.186-1.484,1.158-2.827,1.107-.2-.008-.962-.038-1.146-.451a.617.617,0,0,1,.121-.587c-.865-.741-1.86-1.407-2.415-1.093-1.1.621.125,4.736-.328,4.861s-1.494-4.2-3.387-4.315c-.824-.051-1.057.744-2.184.655-.982-.077-1.382-.725-2.458-.6-.487.056-.5.2-.983.273a4.608,4.608,0,0,1-2.458-.656c-1.953-.667-2.782,1.151-4.7.546a4.821,4.821,0,0,1-2.513-2.349,2.988,2.988,0,0,1-.2-.567,3.982,3.982,0,0,0-2.212,1.168c-.744.825-.5,1.412-1.188,1.925-1.412,1.05-3.158-.868-5.366.082-.793.341-2.011,1.209-2.09,2.294-.044.6.278,1.052,0,1.434a.675.675,0,0,1-.165.159,3.76,3.76,0,0,0,.493,1.344c.77,1.26,1.842,1.224,2.1,2.212.324,1.231-1.16,1.965-.792,3.168.325,1.061,1.712,1.245,1.638,1.993-.051.521-.731.509-.983,1.229a.98.98,0,0,0-.045.513,3.564,3.564,0,0,1,1.492.416c.828.452,1.2,1.121,1.584.983.732-.262-.01-2.885.928-3.332.456-.217,1.133.163,1.474.491.509.488.384.958.711,1.529.627,1.1,2.458,1.748,3.277,1.2.521-.348.332-.983,1.256-3.332.2-.518.354-.846.6-.873.475-.054.663,1.077,1.584,1.8.709.559,1.214.374,2.731.655,2.728.505,2.7,1.4,4.26,1.311,1.612-.092,1.963-1.065,3.441-.874a4.581,4.581,0,0,1,2.13,1.038c1.216.811,1.828.395,6.992.383,2.388-.006,4.769-.492,7.155-.383a1.408,1.408,0,0,0,.983-.218c.77-.608.116-2.046.874-2.622a1.181,1.181,0,0,1,1.147-.109c.868.4.979,2.118.71,3.332-.335,1.516-1.222,2.067-.928,2.567.313.532,1.712.577,2.294-.055.624-.677.053-1.849.491-2.076.336-.172.809.439,1.748,1.093a7.912,7.912,0,0,0,3.933,1.529c1.286.061,1.732-.408,2.732,0,.71.29.6.576,1.365.983,1.479.792,2.5.04,3.223.82a1.536,1.536,0,0,1,.259.388,5.78,5.78,0,0,0,1.283-2.19c.221-.722.208-1.25.7-1.762','2022-10-21 13:10:26.816000','2022-10-21 13:10:26.816000',NULL,NULL),(31,'Ilfov','IS','M217.561,52.111c.206.634-.03.7-.082,2.622-.054,1.971-.069,2.965.491,3.359.444.313,1.115.154,2.457-.163,1.442-.341,1.586-.644,2.049-.491.966.319.635,1.746,1.884,2.7a2.933,2.933,0,0,0,2.458.573c1.277-.378,1.49-1.861,2.294-1.8.734.054.818,1.315,1.474,1.393,1.219.145,2.24-4.062,3.359-3.933.67.078.471,1.6,1.967,3.032.756.723,1.1.61,1.966,1.474.143.143,1.783,1.8,1.393,2.458-.444.754-2.986-.692-4.015.41a2.633,2.633,0,0,0-.245,2.376,2.183,2.183,0,0,0,.737,1.147c.422.313.655.184,1.393.41,1.238.377,1.352.976,2.049.9.544-.059.524-.43,1.311-.656.806-.231,1.082.085,1.474-.163.739-.467.217-1.866.738-2.13.648-.329,1.645,1.748,3.2,1.721,1.043-.018,1.1-.967,2.622-1.639,2.1-.926,4.037-.031,4.26-.655.145-.4-.553-1.085-.983-1.393-.727-.523-1.235-.374-1.474-.819a1.231,1.231,0,0,1,.492-1.557c.4-.1.614.528,1.721,1.393s1.48.7,1.966,1.394c.418.594.207.814.655,1.72.492.995,1.3,1.847,1.557,1.721.286-.142-.456-1.347.082-2.622.273-.648.851-1.253,1.147-1.146.5.178-.365,2.18.655,4.178a2.343,2.343,0,0,0,1.229,1.311c.985.324,2.158-.451,2.785-1.147.916-1.017.9-2.127,1.311-2.129s.471,1.162,1.065,1.8c.513.552,1.578.869,3.853.292-.024-.263-.051-.525-.084-.784-.234-1.8-1.6-3.042-1.91-4.315-.372-1.517-1.333-2.445-2.629-3.667-1.448-1.364-2.084-1.475-5.665-3.973a15.248,15.248,0,0,1-2.528-1.936c-1.717-2.235-.572-4.214-2.123-5.6-1.3-1.163-2.513-.137-3.945-1.426-.882-.795-1.161-1.888-1.72-4.075-.606-2.375-.449-3.52-1.416-4.176-.644-.438-.869-.033-1.82-.509a4.964,4.964,0,0,1-2.428-3.057c-.21-.8-.045-1.093-.4-1.629a1.668,1.668,0,0,0-.276-.322,2.259,2.259,0,0,1-1.238,1.205c-.7.224-1.034-.209-1.857,0-1.235.313-1.179,1.467-2.348,1.966-1.423.606-2.489-.681-3.332-.055-.974.724.059,2.734-.929,3.441-.531.381-.978-.1-3.059-.218-1.746-.1-1.829.209-2.677-.055-1.534-.479-1.461-1.565-2.731-1.748-.942-.136-.994.461-2.84.6a3.479,3.479,0,0,0-1.639.273,2.047,2.047,0,0,0-.566.5l.184.106c.344.2,2.048,1.214,2.007,2.54,0,.1-.022.711-.41.942-.653.388-1.631-.73-2.129-.41-.58.371.366,2.122-.287,2.663-.634.524-2.339-.463-2.457-.532-1.03-.608-1.229-1.231-1.843-1.188a1.362,1.362,0,0,0-1.188,1.146c-.024,1.06,2.223,1.338,2.335,2.581a1.87,1.87,0,0,1-1.142,1.693,11.806,11.806,0,0,0,1.1,1.3c1.4,1.428,2.326,1.625,2.7,2.785','2022-10-21 13:10:26.827000','2022-10-21 13:10:26.827000',NULL,NULL),(32,'Botoşani','IF','M216.963,191.53c-.7-.814-2.1-.012-2.785-.819-.315-.373-.026-.558-.3-1.966-.252-1.294-.58-1.564-.383-2.13.252-.72.932-.708.984-1.228.074-.749-1.314-.933-1.639-1.994-.369-1.2,1.116-1.937.792-3.168-.26-.988-1.332-.952-2.1-2.212a3.779,3.779,0,0,1-.493-1.344,2.131,2.131,0,0,1-1.309.169c-1.88-.189-2.328-1.485-3.482-1.393-.956.077-.909.986-2.171,1.68a5.541,5.541,0,0,1-5.057-.106,4.635,4.635,0,0,0,.388.8c.5.823.921.913.983,1.475.118,1.053-1.261,1.541-1.106,2.58.091.61.587.586.7,1.27a2.883,2.883,0,0,1-.983,2.171c-.643.634-.96.472-1.229.942-.528.928.467,1.98,0,2.5-.3.339-1.01.2-1.706.012a3.713,3.713,0,0,0,.423,1.722c.416.772.851.848,1.146,1.748a3.456,3.456,0,0,1-.272,2.84c-.368.507-.671.463-.711.765-.112.847,2.176,1.861,3.769,2.567a14.394,14.394,0,0,1,2.294,1.038c1.109.717,1.114,1.1,2.129,1.694.727.423,1.908,1.111,2.9.71.907-.368.975-1.382,1.8-1.474a1.021,1.021,0,0,1,.416.042,4.954,4.954,0,0,1,1.087-1.79c.825-.856,1.389-.766,2.13-1.776.953-1.3.546-2.161,1.42-2.759.925-.632,1.849.015,2.4-.655a1.626,1.626,0,0,0-.028-1.912m-9.094,2.759c-.488.2-.784-.044-.983.163-.47.488.924,2.1.465,2.677-.336.423-1.461.042-1.667-.027-1.512-.512-1.418-1.508-2.949-2.185-.921-.407-1.566-.317-1.912-.928a1.01,1.01,0,0,1-.054-1.038c.343-.412,1.225.051,1.447-.273s-.525-.831-.628-1.611c-.191-1.463,1.919-3.254,2.7-2.9.572.261.075,1.5.874,2.076s2.052-.118,2.349.382c.214.363-.373.846-.137,1.284.264.489,1.153.166,1.42.628s-.216,1.45-.928,1.748','2022-10-21 13:10:26.841000','2022-10-21 13:10:26.841000',NULL,NULL),(33,'Maramureş','MM','M101.511,43.073c.954.246.89.551,2.021.928,1.086.363,1.394.165,2.512.491a13.592,13.592,0,0,1,2.022.929c2.775,1.114,4.893-1.118,6.609.163.626.468.777,1.088,1.529,1.2s1.31-.389,1.8-.055c.285.193.215.442.437.765a2.708,2.708,0,0,0,3.6.218c.536-.613.166-1.44.6-1.639.518-.237,1,.956,2.184,1.093,1.008.117,1.276-.681,2.84-.765.767-.041.815.145,1.421.055a4.5,4.5,0,0,0,2.294-1.366c1.587-1.413,2.491-2.218,2.677-3.5.133-.92-.193-1.494.218-1.857.488-.431,1.141.2,1.911-.11,1.3-.525,1.014-2.968,1.967-3.167.6-.128.815.836,1.693.928,1.375.145,1.953-2.1,3.55-2.13.8-.012.765.554,2.13.984a8.7,8.7,0,0,0,3.66.109c1.225-.114,1.9-.267,2.622-.382,4.388-.7,6.553.61,7.428-.6.531-.736-.179-1.342.491-2.677.512-1.02,1.139-1.085,1.748-2.021a4.132,4.132,0,0,0,.6-1.562,5.977,5.977,0,0,1-4.92-.643c-1.448-1.064-.788-2.251-2.428-3.565-2.014-1.614-4.343-.888-4.956-2.343-.332-.789.3-1.123,0-2.139-.469-1.587-2.46-2.295-3.742-2.751a5.923,5.923,0,0,0-3.743-.509c-1.694.484-1.63,1.742-3.338,2.751-2.562,1.514-5.83.529-6.574.306-2.828-.852-3.109-2.344-4.956-2.139-1.92.211-3.036,1.981-4.046,1.426-.417-.228-.285-.561-.91-1.426a5.11,5.11,0,0,0-2.225-1.834c-1.409-.444-1.911.8-3.641.816-2.455.016-4.015-2.476-4.754-1.936-.489.359.087,1.526-.277,2.1.352.328.746.716,1.162,1.165,1.429,1.538,3.123,3.781,2.7,4.26-.265.3-1.095-.416-1.721,0-.707.47-.189,1.743-.9,2.212-.508.336-.946-.2-1.8,0-1.04.243-.953,1.165-2.048,1.8a4.037,4.037,0,0,1-4.015-.163c-.8-.542-.816-1.124-1.311-1.147-1.063-.051-2.485,2.554-1.8,3.523s3.054-.246,3.768.819c.45.67,0,1.886-.41,2.54-.635,1-1.46,1.093-1.474,1.72-.02.82,1.371,1.29,1.229,1.721-.127.383-1.206-.035-2.13.574-1.006.661-.914,1.935-1.393,1.966-.68.043-.819-2.529-1.967-2.785-.922-.206-2.294,1.13-2.785,2.539s.113,2.3-.573,2.95c-.724.686-1.778.065-2.294.738a1.749,1.749,0,0,0,.492,2.294c.961.416,2.136-1.614,3.032-1.229a1.256,1.256,0,0,1,.6.833,4.656,4.656,0,0,1,.961-.424,4.917,4.917,0,0,1,2.622-.055','2022-10-21 13:10:26.854000','2022-10-21 13:10:26.854000',NULL,NULL),(34,'Mehedinţi','MH','M94.747,208.53c.712-.887,4.55,1.669,5.353.765.33-.372-.227-.905-.437-2.731-.217-1.891.283-2.163-.11-3.278-.526-1.5-1.721-1.831-1.529-2.512.176-.626,1.208-.415,2.513-1.311.98-.673,2.146-1.993,1.856-2.949-.28-.926-1.7-.779-1.966-1.749a2.379,2.379,0,0,1,1.093-2.184c1.073-.782,2.008-.2,2.731-.983.606-.66.156-1.3.656-1.748,1.015-.914,3.334,1.3,4.806.437a2.788,2.788,0,0,0,.765-3.387c-.487-.826-1.373-.623-2.622-1.857-.741-.732-.5-.878-1.093-1.42-.861-.795-1.81-.887-4.7-1.311-1.82-.267-2.73-.4-2.84-.437-1.725-.557-2.42-1.6-4.7-4.043-3.743-4.017-4.091-3.595-4.37-4.7-.695-2.749,1.5-5.264.218-6.554-.337-.34-.461-.137-1.2-.656-1.283-.9-1.338-1.8-2.294-2.621a5.748,5.748,0,0,0-2.513-.984,26.316,26.316,0,0,0-2.6-.5,6.038,6.038,0,0,1-.266,1.95c-.585,2.282-1.832,2.665-3.768,5.9a16.418,16.418,0,0,0-1.475,2.868c-.933,2.464-.517,3.455-1.474,4.26a3.977,3.977,0,0,1-3.851.328c-1.424-.608-1.525-1.741-2.785-1.884a2.276,2.276,0,0,0-2.212.983c-.362.739.353,1.2.164,2.457-.158,1.05-.7,1.032-.9,2.13-.154.838.136,1,.245,2.622.082,1.212.148,2.184-.327,2.457-.513.3-1.2-.486-1.721-.163-.415.257-.264.932-.41,1.474s-.662,1.163-2.032,1.669A5.69,5.69,0,0,0,63.3,191.91a2.98,2.98,0,0,0,2.225.509c.933-.277,1.343-1.26,3.337-6.418.63-1.627,1.215-3.15,2.225-3.259.531-.058,1.007.294,1.619,0,.509-.245.531-.658.91-1.019.794-.758,2.417-.58,3.438-.1,1.81.847,1.291,2.434,3.034,3.463,1.541.909,2.366-.083,4.147.916,1.248.7,2.559,2.15,2.225,3.26a2.089,2.089,0,0,1-1.517,1.223c-2.125.524-4.008-2.085-4.956-1.427-.335.232-.074.54-.505,1.528a4.63,4.63,0,0,1-2.124,2.343c-.9.41-1.488.178-1.618.509-.187.478,1.012,1.023,1.922,2.241,1.557,2.085.368,3.6,1.719,4.992s3.1.476,3.945,1.833c.749,1.209-.426,2.283.3,3.463.762,1.233,2.292.468,4.551,1.732,2.031,1.137,1.582,2.194,3.54,3.26a6.735,6.735,0,0,0,2.547.767,2.8,2.8,0,0,0,.5-1.011c.288-1.123-.344-1.791-.027-2.185','2022-10-21 13:10:26.865000','2022-10-21 13:10:26.865000',NULL,NULL),(35,'Mureş','MS','M131.274,78.732c.222.624.765.523,1.065,1.229a2.465,2.465,0,0,1-1.065,2.949c-.622.258-.988-.171-1.311.082-.814.64,1.3,3.544.246,4.916-.5.646-1.147.241-1.8.984a3.811,3.811,0,0,0-.164,3.932c.617,1.223,1.626,1.553,1.475,2.294-.129.63-.942.8-.9,1.393.025.38.369.445.655.9.638,1.021-.011,2.4.163,2.458.19.064.486-1.721,1.393-1.966.873-.236,1.591,1.148,4.1,3.277a11.15,11.15,0,0,0,2.867,2.048c.429.177,3.277,1.355,5.407.328a4.536,4.536,0,0,1,1.8-.573,4.649,4.649,0,0,1,1.474.163c2.056.4,3.215-1.92,4.588-1.556,1.469.389,2.126,3.569,2.212,5.407.094,1.989-.449,3.107.328,3.85a2.287,2.287,0,0,0,2.376.328c1.217-.556,1.134-2.117,1.967-2.212.654-.075.816.875,2.129,1.311.221.073,1.336.443,1.967-.082.5-.417.262-1.036.573-1.557.636-1.063,2.758.3,4.343-.573a2.967,2.967,0,0,0,1.25-1.458c-.239-.011-.406-.026-.513-.181-.323-.466.552-1.212.328-2.048-.178-.663-.945-.991-1.311-1.147-1.807-.772-2.861.48-4.506-.082-.824-.281-1.315-.925-2.294-2.212-.743-.976-2.472-3.248-1.8-4.26.652-.985,3.086-.034,3.441-.819.389-.861-2.278-2.573-1.885-3.359.328-.655,2.349.189,2.95-.656.621-.873-1.07-2.432-.41-3.687.338-.641,1.1-.839,1.966-1.065,2.584-.673,3.564.532,4.752-.164.341-.2.412-.387,1.721-5.161a10.035,10.035,0,0,0,.655-3.6c-.142-.939-.506-1.508-.245-2.377.292-.971.955-.942,1.065-1.638.223-1.419-2.379-2.536-2.048-3.6.139-.449.629-.356,1.065-.983.422-.608.353-1.258.245-2.458-.331-3.691-.275-4.179-.818-4.588-.641-.483-1.193-.163-1.639-.655a2.15,2.15,0,0,1-.183-1.952c-.242-.346-.319-.865-.881-1.2-1.021-.611-1.9.426-3.36-.124a2.874,2.874,0,0,1-1.474-1.228l-.01-.02a4.723,4.723,0,0,1-1.792,1.276c-1.867.729-3.418-.185-4.315.818-.764.854.173,1.723-.546,3.06-.906,1.681-2.91,1.269-3.715,3.113a2.636,2.636,0,0,0-.218,1.8c.284.95,1.145,1.123,1.2,1.966a1.343,1.343,0,0,1-.71,1.311c-.648.234-1.543-.519-1.966-1.256-.58-1.01-.179-1.827-.656-2.076s-1.4.318-1.856,1.038c-.36.572-.2.88-.383,1.693-.379,1.65-1.354,1.7-1.8,3.277-.36,1.27.2,1.49-.218,2.4-.733,1.6-3.084,2.3-3.55,1.8-.237-.254.077-.749-.164-.928-.319-.238-.922.59-1.966.873-.91.247-1.881-.109-3.823-.819a8.362,8.362,0,0,1-1.474-.6,1.843,1.843,0,0,1-.617-1.142,4.123,4.123,0,0,0-1.568.6c-1.1.708-2.17,2.161-1.8,3.2','2022-10-21 13:10:26.878000','2022-10-21 13:10:26.878000',NULL,NULL),(36,'Neamţ','NT','M186.507,60.429c.16.68-.083,1.135.273,1.529.628.7,2-.039,2.4.546.39.566-.634,1.638-.164,2.239.233.3.55.12.765.383.488.6-.926,1.781-.983,3.66-.034,1.134.469,1.1.437,2.457-.033,1.425-.6,1.995-.218,2.567.476.708,1.666.31,1.912.874.256.585-.964,1.162-1.311,2.4-.493,1.767.936,4.336,2.622,4.588.9.136,1.656-.427,2.622-1.146,2.369-1.768,3-3.839,3.659-3.66.724.2.012,2.738,1.475,3.823a2.61,2.61,0,0,0,2.129.383c1.319-.344,1.274-1.608,2.349-1.912,1.22-.345,1.715,1.159,4.043,1.639.538.111,2.564.528,3.877-.546.739-.6.7-1.227,1.421-1.474.98-.336,1.485.666,2.512.492,1.051-.178,1.018-1.31,2.9-3.059.881-.821,1.718-1.581,2.622-1.421.81.144,1.136.93,1.584.765s.177-.958.818-1.911c.5-.739.873-.583,1.2-1.256.4-.826.025-1.447.437-1.749a1.064,1.064,0,0,1,1.256.164c.7.743-.7,2.273-.055,3.277a2.515,2.515,0,0,0,3.168.328c.765-.545.549-1.343,1.093-1.529,1.031-.355,2.053,2.434,4.1,2.567a2.885,2.885,0,0,0,2.622-1.421c.348-.691.18-1.407-1.2-4.97q-.313-.809-.589-1.5a1.232,1.232,0,0,1-.612-.244,2.19,2.19,0,0,1-.738-1.146,2.636,2.636,0,0,1,.246-2.377c1.028-1.1,3.571.344,4.015-.409.39-.662-1.25-2.316-1.393-2.458-.868-.864-1.21-.753-1.967-1.474-1.5-1.429-1.3-2.954-1.966-3.032-1.12-.13-2.139,4.077-3.359,3.933-.656-.078-.741-1.339-1.475-1.393-.8-.059-1.016,1.425-2.294,1.8a2.932,2.932,0,0,1-2.457-.574c-1.25-.958-.919-2.385-1.884-2.7-.463-.153-.608.152-2.049.492-1.343.317-2.014.476-2.457.163-.56-.394-.545-1.388-.491-3.36.052-1.925.288-1.987.082-2.621-.378-1.161-1.3-1.359-2.7-2.786a11.61,11.61,0,0,1-1.1-1.3,1.358,1.358,0,0,1-.209.07c-1.231.286-1.8-1.505-3.564-1.639-.736-.055-1.583.387-3.277,1.27-1.829.953-1.788,1.232-2.7,1.474-1.661.44-1.985-.429-3.646-.123-2.146.395-2.551,2.015-4.056,1.721a12.1,12.1,0,0,0-2.09-.656,12.469,12.469,0,0,0-1.434,0c-2.044-.173-2.629-2.878-4.1-2.785a1.783,1.783,0,0,0-1.475,1.229c-.4,1.487,2.3,2.429,2.171,4.137s-2.952,1.739-3.728,4.3a8.428,8.428,0,0,0-.224,1.763,2.83,2.83,0,0,1,1.166,1.6','2022-10-21 13:10:26.890000','2022-10-21 13:10:26.890000',NULL,NULL),(37,'Olt','OT','M155.139,229.424c.724-.845.451-1.489.983-2.349.938-1.512,2.887-1.29,2.922-2.021.039-.812-2.344-1.576-2.457-1.611-1.642-.514-2.6-.2-2.84-.711-.29-.605.993-1.169,1.146-2.4.26-2.084-3.018-3.546-2.567-4.725.282-.735,1.576-.217,2.868-1.311,1.331-1.128.813-2.4,1.911-3,1.439-.789,3.216.907,4.07.11.545-.509.277-1.629.137-2.212-.518-2.157-1.987-2.267-2.157-3.66-.252-2.055,2.754-3.386,2.212-4.97-.294-.86-1.307-.842-1.393-1.612-.14-1.252,2.447-2.176,2.239-2.867-.193-.642-2.413.213-4.07-1.093a5.1,5.1,0,0,1-1.584-2.785,7.83,7.83,0,0,1-.109-1.966,15.964,15.964,0,0,0-1.338-6.337,8.923,8.923,0,0,1-.9-2.048c-.339-1.416.117-1.771-.055-2.785-.433-2.554-3.774-3.033-3.715-5.134.02-.684.393-1.294,0-1.857a1.423,1.423,0,0,0-1.093-.574c-1.668-.018-2.56,3.72-3.359,3.578-.26-.046-.509-.5-.635-1.948a.583.583,0,0,1-.211-.018c-.537-.163-.562-1.276-.874-1.256-.369.023-.224,1.581-1.2,2.184-.383.236-.661.155-.819.437-.263.47.346.977.163,1.529s-.889.408-1.42.874c-1.151,1.014-.665,4.189.491,6.282a5.087,5.087,0,0,1,.71,1.693c.194,1.02.064,2.381-.492,2.567-.752.253-1.925-1.77-2.349-1.529-.342.194.369,1.55-.163,2.021-.477.422-1.377-.372-2.13.11-.567.363-.432,1.054-.928,1.2-.537.16-.883-.6-1.421-.491-.795.154-.634,1.926-1.529,2.239-.491.172-.813-.268-2.076-.765-1.385-.544-1.594-.249-2.291-.574a1.987,1.987,0,0,1-.6.766c-.605.451-1.132.241-1.529.738a1.783,1.783,0,0,0-.11,1.829c.3.551.763.55.9,1.093.117.456-.177.6-.082,1.01.159.69,1.159,1.1,1.829,1.229.912.174,1.145-.188,1.776.082a2.565,2.565,0,0,1,1.2,1.393,5.776,5.776,0,0,1,.41,2.322c.263,2.374,3.759,2.3,5.434,5.326a8.671,8.671,0,0,1,.738,5.271c-.377,2.212-1.484,3.057-.983,4.37.583,1.527,2.672,1.924,2.512,2.567-.146.586-1.921.42-2.076,1.093-.118.51.862.8.874,1.556.013.856-1.252,1.043-1.421,2.076-.142.867.68,1.173.628,2.049-.063,1.085-1.379,1.517-2.184,2.376-.706.752-1.254,2.082-.91,4.6a7.531,7.531,0,0,0,1,.191,11.9,11.9,0,0,0,6.271-.713c1.49-.631,1.31-.969,3.035-1.833s4.567-2.289,6.877-1.325a5.259,5.259,0,0,1,2.283,2.152,2.968,2.968,0,0,0,.45-.424','2022-10-21 13:10:26.901000','2022-10-21 13:10:26.901000',NULL,NULL),(38,'Prahova','PH','M179.772,146.119c.185,1.98,2.791,2.162,3.4,4.343.441,1.58-.822,1.865-.41,3.481.594,2.33,3.462,2.687,3.646,4.957a2.755,2.755,0,0,0,.327,1.557c.5.728,1.171.56,1.68,1.024,1.334,1.214-.9,4.555.287,5.695.743.716,1.9-.337,3.482.492.927.486,1.913,1.572,1.761,2.539-.21,1.342-2.427,1.3-2.745,2.663-.332,1.428,1.616,3.51,2.868,3.278,1.1-.2,1.23-2.12,2.129-2.13.774-.01.835,1.4,2.13,2.457a5.484,5.484,0,0,0,5.695.533c1.261-.695,1.215-1.6,2.171-1.68,1.154-.093,1.6,1.2,3.481,1.393.37.037,1.158.108,1.475-.328.278-.382-.044-.832,0-1.434.079-1.085,1.3-1.953,2.089-2.294,2.208-.95,3.954.968,5.367-.082.691-.514.444-1.1,1.188-1.926a3.974,3.974,0,0,1,2.212-1.167,3.86,3.86,0,0,0-.4-1.235c-.706-1.32-1.524-1.33-1.639-2.13-.147-1.025,1.143-1.379,1.093-2.457-.042-.873-.925-1.49-2.349-2.458-2.085-1.417-2.409-1.019-3.168-1.8-1.8-1.857-.778-4.922-1.857-5.243-.878-.262-2.028,1.626-2.894,1.2-.286-.141-.2-.364-.6-.71-.694-.6-1.339-.261-1.912-.656-.487-.335-.506-.912-.71-2.567a22.472,22.472,0,0,0-.491-3.277c-.894-1.838-3.126-2.248-2.95-3.168.082-.423.577-.466.656-1.038.073-.529-.332-.65-.492-1.42-.176-.847.2-1.229-.11-1.694a1.4,1.4,0,0,0-.873-.492,2.894,2.894,0,0,1-1.485-1.161.846.846,0,0,1-.427.26c-.655.139-.921-.914-2.7-1.721-.447-.2-2.051-.927-2.7-.327-.458.421,0,1.08-.246,2.376-.21,1.092-.917,2.59-1.8,2.7-1.013.13-1.2-1.694-2.867-2.54-1.271-.645-3.223-.02-7.128,1.229a18.92,18.92,0,0,0-4,1.634,4.1,4.1,0,0,1,.186.947C180.231,144.959,179.685,145.191,179.772,146.119Z','2022-10-21 13:10:26.913000','2022-10-21 13:10:26.913000',NULL,NULL),(39,'Satu Mare','SM','M70.216,36.394c.566,1.177.122,2.467,1.065,3.2.58.447,1.041.185,1.393.656.594.791-.427,1.91.083,2.621.355.5,1.047.221,2.7.41,1.552.176,2.921.333,3.6,1.229.848,1.114-.04,2.479.737,3.032.638.453,1.911.011,2.7-.656,1.5-1.263,1.172-3.245,2.13-3.44.748-.154,1.225,1,2.212.818.685-.125.662-.717,1.311-.9.588-.166,1.146.168,3.687,2.049,1.411,1.045,1.547,1.17,1.966,1.311.235.079,2.528.815,3.6-.573.889-1.147.6-3.112-.163-3.441-.9-.385-2.071,1.645-3.032,1.229a1.751,1.751,0,0,1-.492-2.294c.516-.673,1.571-.052,2.294-.738.686-.651.082-1.535.574-2.95s1.863-2.746,2.785-2.539c1.146.256,1.286,2.828,1.966,2.785.479-.031.388-1.3,1.393-1.966.925-.609,2-.191,2.13-.574.143-.431-1.248-.9-1.229-1.72.015-.628.839-.719,1.474-1.721.415-.654.859-1.87.41-2.54-.715-1.066-3.09.146-3.768-.819s.74-3.574,1.8-3.523c.5.024.509.605,1.311,1.147a4.035,4.035,0,0,0,4.015.163c1.095-.637,1.008-1.559,2.048-1.8.856-.2,1.294.337,1.8,0,.712-.47.2-1.742.9-2.212.627-.416,1.457.3,1.721,0,.42-.479-1.275-2.722-2.7-4.26-.417-.45-.811-.837-1.161-1.165a.611.611,0,0,1-.128.147c-.358.282-1.187-.08-2.832-.815-2.621-1.172-3.936-1.777-4.146-2.649-.116-.478.082-.6-.1-1.018-.33-.761-1.208-.911-2.731-1.427-2.422-.819-2.651-1.267-3.034-1.019-1.04.673.813,3.864-.709,5.5a2.942,2.942,0,0,1-1.82.815c-2.061.241-3.6-1.632-4.046-1.222-.322.294.577,1.158.3,2.241-.248.982-1.308,1.54-2.832,2.343-1.7.894-2.32.829-2.63,1.528-.4.9.3,1.751-.2,2.241-.39.385-.9-.059-1.618.2-1.242.453-.889,2.185-2.123,2.954-.958.6-2.241.219-3.338-.1-1.939-.569-2.543-1.556-3.237-1.222-.848.408-.31,2.061-1.314,2.648-.692.4-1.251-.2-2.529,0A4.62,4.62,0,0,0,70.2,29.472c-1.767,1.417-1.65,3.087-2.5,5.036a3.923,3.923,0,0,1,2.511,1.886','2022-10-21 13:10:26.925000','2022-10-21 13:10:26.925000',NULL,NULL),(40,'Sălaj','SJ','M79.121,50.805c.049.586.4.7.383,1.093-.044.8-1.522.771-2.022,1.748-.549,1.077.341,2.892,1.366,3.878.775.745,1.319.723,1.474,1.311.291,1.1-1.395,2-1.092,2.731.348.841,2.729,0,3.6,1.2.6.828.064,2.041.545,2.239.426.175.822-.781,1.584-.765.973.02,1.076,1.592,2.4,2.076,1.1.4,1.627-.467,2.567-.055,1.193.522.663,2.057,1.912,3.113,1.265,1.07,2.4-.009,4.37,1.038,1.671.887,1.709,2.116,2.785,2.13,1.177.015,2.3-1.44,2.731-2.677.637-1.824-.133-3.431.328-3.6.3-.113.924.45,1.146,1.093.294.849-.272,1.392.11,1.966a1.581,1.581,0,0,0,1.2.546,2.244,2.244,0,0,0,1.584-.6c.872-.755.626-1.551,1.147-2.512,1.076-1.983,3.771-1.62,3.932-2.785s-2.377-2.216-2.075-3c.193-.505,1.306-.253,1.583-.874.289-.646-.761-1.262-.6-2.185.182-1.052,1.778-1.559,1.857-1.583,1.778-.543,2.857.755,3.6.218,1.16-.834-.756-4.472.437-5.3.387-.268.689.046,2.84.164a5.815,5.815,0,0,0,2.13-.055c.968-.437,1.194-2.157,1.181-3.759A1.152,1.152,0,0,1,122,47.8a2.708,2.708,0,0,1-3.6-.218c-.222-.323-.153-.572-.438-.766-.492-.333-1.057.168-1.8.055s-.9-.734-1.529-1.2c-1.716-1.282-3.833.95-6.609-.163A13.575,13.575,0,0,0,106,44.578c-1.12-.326-1.427-.129-2.513-.491-1.131-.378-1.067-.682-2.021-.928a4.932,4.932,0,0,0-2.622.054,4.71,4.71,0,0,0-.961.425,3.059,3.059,0,0,1-.432,2.607c-1.077,1.389-3.37.653-3.6.573-.419-.141-.555-.266-1.966-1.31-2.54-1.881-3.1-2.215-3.687-2.049-.649.184-.626.777-1.311.9-.988.179-1.465-.972-2.212-.819-.958.2-.629,2.178-2.13,3.441a3.105,3.105,0,0,1-2.373.8,5.712,5.712,0,0,1-.549,1.6,2.486,2.486,0,0,0-.491,1.42','2022-10-21 13:10:26.937000','2022-10-21 13:10:26.937000',NULL,NULL),(41,'Sibiu','SB','M121.649,140.07c.868-.6,2.059-.851,7.62-.163,4.837.6,6.188,1.065,7.7.082.808-.525.8-.905,1.884-1.557,1.516-.913,2.352-.664,4.588-1.146,4.115-.888,4.823-2.5,7.374-2.049.79.139,1.294.394,1.721.082.628-.459.255-1.543.164-4.588a17.25,17.25,0,0,0-.082-3.031c-.476-2.181-1.79-3.355-1.475-3.688.357-.376,1.905,1.265,3.113.738a2.49,2.49,0,0,0,.984-3.032c-.423-.844-1.351-.679-1.639-1.474a2.349,2.349,0,0,1,1.229-2.54c1.017-.508,1.8.279,2.457-.245.731-.578.016-1.72.819-2.868.349-.5.576-.415,1.884-1.228,1.607-1,2.772-1.726,2.785-2.622a1.308,1.308,0,0,0-.3-.8.9.9,0,0,1-.274.393c-.63.524-1.746.156-1.966.082-1.315-.435-1.476-1.386-2.13-1.311-.832.1-.75,1.656-1.966,2.212a2.287,2.287,0,0,1-2.377-.328c-.776-.743-.234-1.861-.327-3.85-.087-1.838-.743-5.019-2.212-5.407-1.373-.364-2.533,1.953-4.589,1.556a4.648,4.648,0,0,0-1.474-.163,4.542,4.542,0,0,0-1.8.573c-2.129,1.028-4.978-.15-5.407-.327a7.231,7.231,0,0,1-1.841-1.187,11.95,11.95,0,0,0-.671,2.279c-.324,1.721.063,2.073-.437,2.95-1.309,2.294-4.351,1.7-5.354,3.823-.809,1.711.537,3.431-.437,4.151a1.913,1.913,0,0,1-2.184-.218c-.566-.522-.3-1.191-.874-1.639a1.732,1.732,0,0,0-1.857-.109c-1.411.956.32,4.817-.983,5.571-.494.286-.813-.23-1.42,0-1.67.633-.482,5-2.4,6.117-1.095.634-2.465-.214-2.84.437-.356.618.871,1.39.655,2.513-.249,1.3-2.1,1.363-2.294,2.512-.168.994,1.169,1.206,1.857,2.84.986,2.344-.9,3.973.328,5.9.476.749,1.068.984,1.093,1.748a1.685,1.685,0,0,1-.012.235,5.657,5.657,0,0,0,1.486-.235,6.068,6.068,0,0,0,1.884-.983','2022-10-21 13:10:26.948000','2022-10-21 13:10:26.948000',NULL,NULL),(42,'Suceava','SV','M162.177,36c.126.377-1.02.8-.942,1.352.071.508,1.164,1.022,2.048.7.671-.247.74-1.185,1.066-1.147.267.031.4.639.41.7.262,1.274-.916,1.845-.779,3.031.113.964.97,1.258.779,1.762-.256.675-1.837.257-2.171.942-.39.8,1.507,1.9,1.188,3.236-.152.634-.612.531-1.229,1.516-.589.939-1.06,2.452-.451,3.2.368.449.791.2,1.146.655.4.508.076,1.081-.082,2.786a4.245,4.245,0,0,0,.164,2.5,2.874,2.874,0,0,0,1.474,1.229c1.459.548,2.339-.489,3.359.123.795.476.618,1.318,1.311,1.515.768.219,1.718-.6,2.212-1.228,1.184-1.5.438-2.741,1.393-3.482.93-.722,2.685-.357,3.687.41.92.7.614,1.294,1.6,1.966,1.071.732,1.771.262,2.663,1.066.724.651.51,1.182,1.146,1.515a2.43,2.43,0,0,0,2.663-.655c.711-.78.287-1.485.656-2.7.776-2.563,3.6-2.579,3.728-4.3s-2.575-2.65-2.171-4.137a1.783,1.783,0,0,1,1.474-1.229c1.468-.093,2.054,2.612,4.1,2.785a12.468,12.468,0,0,1,1.434,0,12.057,12.057,0,0,1,2.089.656c1.5.294,1.91-1.326,4.056-1.721,1.662-.306,1.986.562,3.646.123.916-.242.875-.521,2.7-1.474,1.695-.883,2.542-1.325,3.278-1.27,1.767.134,2.333,1.925,3.564,1.639a1.866,1.866,0,0,0,1.352-1.762c-.112-1.243-2.36-1.522-2.336-2.581a1.361,1.361,0,0,1,1.188-1.146c.614-.043.814.58,1.843,1.187.12.071,1.823,1.058,2.458.532.652-.539-.294-2.291.286-2.663.5-.319,1.477.8,2.13.41.388-.23.407-.84.41-.942.041-1.325-1.664-2.336-2.008-2.539-1.966-1.166-2.991-.35-4.014-1.188-1.364-1.117.008-2.928-.819-6.022-.87-3.254-3.526-5.51-5.817-7.456-1.4-1.186-1.38-.9-2.418-1.884-2.546-2.419-2.9-4.389-4.833-4.793-1.019-.213-1.491.214-2.008-.2a2.038,2.038,0,0,1-.488-1.776c-1.311.232-3.108.17-5.449.315-4.817.3-3.521.953-13.35,2.343a48.321,48.321,0,0,0-6.17,1.223c-2.582.694-3.874,1.042-4.753,1.732-2.837,2.224-1.541,5.205-4.147,7.233a6.117,6.117,0,0,1-2.159,1.05,4.148,4.148,0,0,1-.6,1.562c-.609.936-1.235,1-1.748,2.021-.578,1.149-.133,1.759-.337,2.376a2.731,2.731,0,0,0,.774.479c.862.344,1.7.135,1.8.451','2022-10-21 13:10:26.960000','2022-10-21 13:10:26.960000',NULL,NULL),(43,'Teleorman','TR','M190.558,225.932c-.674-2.979-1.9-3.266-1.966-5.244-.049-1.361.506-1.916,0-2.785-.44-.753-1.121-.788-1.256-1.474s.479-.924.765-1.966c.393-1.436-.494-1.988-.055-2.786.635-1.154,2.8-.561,3.222-1.638.1-.25.061-.484-.327-1.529-.641-1.726-1-2.327-1.2-2.9-.877-2.454.916-4.9.383-5.189-.468-.253-1.78,1.65-2.294,1.366-.463-.256.418-1.893-.219-2.513-.752-.732-2.538,1.013-4.315.273a3.924,3.924,0,0,1-1.911-2.4,4.447,4.447,0,0,1-.055-2.9c.39-1.1,1.016-1.215,1.146-1.912a2.22,2.22,0,0,0-.78-1.859,3.427,3.427,0,0,1-1.1.33c-1.264.087-2.012-.616-2.294-.327-.333.341.729,1.3.41,2.376-.148.494-.619.827-1.556,1.474-1.268.874-1.9,1.311-2.458,1.311-.88,0-1.762-.786-2.429-2.017a.95.95,0,0,0-.6-.3c-.763-.065-1.225.829-1.966,1.474-1.254,1.092-2.631.885-4.479,1.146a13.929,13.929,0,0,0-3.442.965c-.695.571-1.811,1.259-1.719,2.095.086.77,1.1.751,1.393,1.611.541,1.584-2.464,2.915-2.212,4.97.171,1.393,1.64,1.5,2.157,3.66.141.583.409,1.7-.137,2.212-.853.8-2.631-.9-4.069-.109-1.1.6-.581,1.876-1.912,3-1.292,1.094-2.586.576-2.867,1.311-.452,1.178,2.826,2.641,2.567,4.725-.155,1.233-1.438,1.8-1.147,2.4.244.511,1.2.2,2.84.71.114.036,2.5.8,2.458,1.611-.035.731-1.985.508-2.923,2.021-.532.859-.259,1.5-.983,2.349a3.028,3.028,0,0,1-.45.425c.505.73.948,1.331,1.764,1.311,1.1-.028,1.307-1.141,3.135-1.528,1.087-.231,1.177.127,2.629,0,2.158-.188,2.451-1.022,3.843-.917,1.558.118,1.578,1.188,3.338,1.732,2.247.694,2.893-.842,5.26-.407,2.575.474,2.626,2.443,5.158,2.648,1.323.108,1.307-.43,3.944-.611,2.205-.152,2.463.207,3.439-.2,1.632-.689,1.453-1.925,3.034-2.445a2.816,2.816,0,0,1,.7-.139q-.078-.763-.186-1.612c-.12-.924-.179-1.387-.273-1.8','2022-10-21 13:10:26.972000','2022-10-21 13:10:26.972000',NULL,NULL),(44,'Timiş','TM','M43.137,155.075c.711-1.153.617-2.271.491-3.768-.1-1.174-.316-3.78-1.8-4.424-.527-.229-1.089-.156-1.146-.41-.085-.363,1.053-.54,1.393-1.311.605-1.376-1.957-3.23-1.393-4.178.342-.575,1.61-.44,1.884-.41,1.394.15,1.857,1.039,2.376.819.768-.325-.143-2.315.9-3.769a3.485,3.485,0,0,1,4.015-1.146c1.266.708.772,2.511,2.212,3.2a2.78,2.78,0,0,0,2.212,0c1.006-.448,1.04-1.314,1.721-1.393.762-.089,1.066.958,2.211,1.721,1.573,1.046,3.959,1.047,4.424.245.586-1.007-2.1-2.887-1.474-4.1.5-.97,2.762-.8,3.523-.738,2.669.206,3.661,1.438,4.67.819.9-.554.447-1.752,1.639-2.622.768-.56,1.168-.215,2.13-.655,1.39-.635,1.328-1.709,2.867-3.6,1.672-2.061,2.9-2.212,2.785-3.032-.166-1.236-2.964-.958-3.85-2.867-.59-1.27.324-2.089,0-3.687a5.2,5.2,0,0,0-2.346-3.152c-.01.013-.021.025-.031.039-.785,1.078.1,2.3-.737,3.113-.419.406-.862.311-2.13.491a25.66,25.66,0,0,0-3.277.819c-3.666.658-7.469-5.629-8.767-4.834-.745.456.131,2.755-.655,3.113-.714.325-1.6-1.494-3.113-1.393-1.319.088-1.81,1.545-2.7,1.311s-.837-1.763-1.639-1.885c-.822-.125-1.412,1.4-2.048,1.229-.574-.159-.2-1.432-1.066-2.294s-1.878-.242-2.622-1.065c-.82-.91-.085-2.22-.737-2.622s-1.986.576-2.868,1.229c-2.1,1.553-2.194,2.589-3.2,2.621-1.279.042-1.964-1.624-3.277-1.311-.518.124-.543.415-.983.41-1.012-.011-1.234-1.552-2.294-1.72-.878-.14-1.175.846-2.049.737-1.039-.131-1.023-1.578-2.294-2.294-1.233-.694-1.994.248-3.687-.082-1.49-.291-2.036-1.242-4.178-3.277-.576-.547-1.325-1.226-2.244-1.982-.032.039-.065.078-.1.117a4.024,4.024,0,0,1-2.933,1.324c-2.19-.173-2.924-3-4.349-2.751-1.165.209-1.294,2.213-2.428,2.241-.835.021-1.034-1.06-2.225-1.222a2.978,2.978,0,0,0-2.124.714c-.229.174-1.47,1.118-1.314,2.138.152.994,1.454.929,2.123,2.344.429.9-.028,1.09.4,2.138a3.966,3.966,0,0,0,2.63,2.445c.558.091.873-.072,1.416.2a2.393,2.393,0,0,1,1.011,1.07c.671,1.346-.126,2.644.3,2.9.5.3,1.774-1.318,2.225-1.019.27.18-.15.792.05,1.528.341,1.258,1.984,1.024,2.883,2.343s-.148,2.422.809,3.566c.782.934,2.349,1.24,2.933.713.521-.47.107-1.46.506-1.63.365-.156,1.219.455,1.365,1.222.182.962-.886,1.426-.759,2.547.085.74.573.749.658,1.375.191,1.415-2.216,1.98-2.377,3.566-.166,1.632,2.249,2.385,2.023,4.024-.185,1.337-1.939,1.9-1.72,2.5.261.709,2.818.082,3.186.968.216.522-.561,1.009-.354,1.63.24.725,1.527.23,2.528,1.121,1.659,1.477,1.442,3.685,2.831,4.075.7.2.976-.305,1.72,0,1,.412.925,1.5,1.72,1.732.941.28,1.563-1.22,2.428-.916,1.322.466.828,2.927,2.528,3.973.862.531,1.153,0,3.135.408a10.433,10.433,0,0,1,4.046,1.833c.168.127.391.294.626.488a4.5,4.5,0,0,0,1.744-1.6','2022-10-21 13:10:26.983000','2022-10-21 13:10:26.983000',NULL,NULL),(45,'Tulcea','TL','M326,150.163c-.4-2.539-.77-2.525-.91-4.482-.238-3.319.793-3.839.2-5.7a6.581,6.581,0,0,0-4.956-4.279c-1.881-.289-2.205.8-4.552.611-2.5-.205-2.958-1.516-4.652-1.222-1.581.275-1.453,1.463-3.743,3.056-2.839,1.976-4.565,1.212-5.765,3.057-.939,1.443-.447,2.777-1.213,3.056-1.232.449-2.811-2.886-4.248-2.445-.841.259-1.379,1.735-1.213,2.852.153,1.04.857,1.388.708,1.833-.324.967-4.027.526-4.956.408-5.932-.758-8.9-1.137-10.519-3.26-1.9-2.486-1.263-5.842-3.237-6.417-.049-.015-.1-.026-.146-.036-1.279,2.781-2.208,3.4-2.858,3.352-.672-.052-1.147-.825-1.885-.615s-.762,1.166-1.515,1.311c-.368.071-.579-.115-.9-.283a7.466,7.466,0,0,0,.077,1.676,4.465,4.465,0,0,1,.205,1.884c-.2.906-.75,1.063-.9,2.008-.027.165-.2,1.255.327,1.638.573.416,1.318-.474,2.786-.451,1.189.019,2.483.63,2.539,1.27.053.6-1.007.754-1.311,1.884-.144.535-.123,1.309.287,1.6.494.349,1.216-.245,1.515.041s-.214,1.077-.532,2.049a9.43,9.43,0,0,0,.123,5.407c.417,1.3.907,1.695.656,2.417-.305.874-1.261.967-1.393,1.843-.107.71.487.872.451,1.639-.049,1.045-1.171,1.189-1.474,2.376a2.811,2.811,0,0,0,.655,2.457c.481.529.959.561,2.745,1.025,3.34.865,3.574,1.247,3.646,1.474.282.888-1.184,1.72-.82,2.581.235.553,1.08.774,1.639.778,1.222.011,1.621-1,2.417-.818.745.169.564,1.095,1.557,1.884a3.492,3.492,0,0,0,3.564.451c.59-.325.577-.687,1.228-.9.8-.261,1.174.16,1.885-.041.775-.219.761-.845,1.515-1.475,1.466-1.223,4.152-1.063,4.793-.041.165.263.061.372.245.615.6.785,2.441.652,3.7-.11.882-.533.913-1.036,1.611-1.693a4.605,4.605,0,0,1,2.116-1.095,9.612,9.612,0,0,1,3.207-4.011c2.245-1.626,4.933-2.317,8.6-3.26,4.24-1.09,6.158-.872,7.586-2.648.907-1.129,1.043-2.823,1.315-6.214a28.637,28.637,0,0,0-.2-7.029','2022-10-21 13:10:26.995000','2022-10-21 13:10:26.995000',NULL,NULL),(46,'Vâlcea','VL','M123.422,183.926c.732.551,1.058.258,1.966.874,2.117,1.433,1.452,3.763,3.332,4.7.746.37.925.041,2.349.6,1.262.5,1.584.937,2.076.765.9-.313.735-2.086,1.529-2.239.537-.1.883.651,1.421.491.5-.148.361-.838.928-1.2.754-.483,1.654.312,2.13-.11.532-.472-.178-1.826.163-2.021.424-.241,1.6,1.783,2.349,1.529.555-.187.686-1.547.492-2.567a5.123,5.123,0,0,0-.71-1.694c-1.156-2.092-1.643-5.267-.491-6.281.53-.468,1.24-.328,1.42-.874s-.427-1.06-.163-1.529c.159-.282.437-.2.819-.437.977-.6.832-2.161,1.2-2.185.312-.02.337,1.094.874,1.256.719.219,2.343-1.269,2.567-3,.145-1.117-.354-1.849.163-3.113.2-.489.3-.448.491-.873.614-1.388-.228-2.378-.382-4.261-.18-2.2.851-2.34.437-4.042-.372-1.523-1.228-1.539-1.474-3.059-.231-1.423.494-1.565.328-3.223-.158-1.562-.834-1.768-.766-3.222.035-.73.205-.68.438-2.13.242-1.515.05-1.529.273-2.4.35-1.371.869-1.517.983-2.567a4.789,4.789,0,0,0-.437-2.184,7.132,7.132,0,0,1-.235-2.954,17.585,17.585,0,0,1-4.053,1.425c-2.237.483-3.073.233-4.588,1.146-1.082.652-1.078,1.032-1.885,1.557-1.512.983-2.863.515-7.7-.082-5.561-.688-6.75-.438-7.62.163a6.068,6.068,0,0,1-1.884.983,5.657,5.657,0,0,1-1.486.235,2.249,2.249,0,0,1-1.189,1.622,2.317,2.317,0,0,1-1.572.16c-.256.469-.619.554-.913,1.425-.656,1.935.572,3.193-.164,4.015a.909.909,0,0,1-.137.123,4.165,4.165,0,0,0,1.147,1.106c2.961,1.887,7.52-.941,8.193.165.41.673-1.358,1.6-1.366,3.5-.009,2.479,2.989,4.1,2.458,5.026-.341.6-1.631.015-2.13.71-.64.889,1.147,2.3.929,4.206-.224,1.947-2.25,1.869-2.84,3.823-.7,2.306,1.823,3.416,2.239,7.865.124,1.329.307,3.292-.874,4.424-.053.051-.109.1-.164.144,0,1.619.325,3.319,1.53,4.226','2022-10-21 13:10:27.006000','2022-10-21 13:10:27.006000',NULL,NULL),(47,'Vaslui','VS','M249.094,104.717c-.1.507-.278,1.034,0,1.352.335.383.924,0,1.434.246,1.141.561.066,3.424,1.066,4.1,1.047.7,4.016-1.236,3.809-2.336-.166-.886-2.322-.824-2.457-1.8-.113-.8,1.242-1.556,1.393-1.638a3.948,3.948,0,0,1,4.015.163c1.15.825,1.007,1.95,1.8,2.049.816.1,1.928-.967,2.17-2.049.112-.5-.023-.725.205-1.024a1.787,1.787,0,0,1,2.253-.163c.586.444.479,1.157.7,1.638.318.7,1.459,1.193,4.326,1.053.216-2.128,1.035-2.411.766-4.651-.254-2.116-1.132-3.1-.505-4.279.648-1.221,2.1-1.119,2.427-2.343.218-.819-.381-1.056-.505-2.139-.289-2.5,2.608-3.911,2.023-5.7-.227-.7-.683-.532-1.213-1.426-.847-1.428-.185-2.69-.1-4.687a13.072,13.072,0,0,0-1.82-6.723c-.946-1.775-.241-.026-1.3-2.159a13.1,13.1,0,0,1-.653-4.051c-2.275.577-3.34.261-3.853-.292-.594-.64-.646-1.805-1.065-1.8s-.394,1.113-1.311,2.13c-.627.7-1.8,1.471-2.785,1.146a2.344,2.344,0,0,1-1.229-1.31c-1.02-2-.156-4-.655-4.179-.3-.106-.874.5-1.147,1.147-.536,1.274.2,2.48-.082,2.622-.255.126-1.064-.726-1.556-1.721-.449-.905-.237-1.127-.656-1.721-.486-.69-.871-.536-1.966-1.393s-1.317-1.494-1.721-1.393a1.23,1.23,0,0,0-.491,1.556c.239.446.748.3,1.474.819.43.309,1.128.99.983,1.393-.222.625-2.163-.271-4.26.656-1.521.672-1.579,1.62-2.622,1.638-1.55.028-2.547-2.05-3.2-1.721-.52.264,0,1.664-.738,2.13-.393.248-.669-.068-1.474.164-.787.225-.766.6-1.311.655-.7.075-.811-.523-2.048-.9a5.153,5.153,0,0,0-.782-.166q.275.7.59,1.5c1.024,2.641,1.382,3.718,1.356,4.38a3.056,3.056,0,0,1,1.375.864c.719.814.466,1.533,1.529,2.785.624.734,1.047.882,1.093,1.421.071.828-.877,1.149-.874,1.911,0,.828,1.129,1.144,2.13,2.021,1.432,1.254,1.816,2.956,2.458,5.79.665,2.942.1,3.278.928,4.7.878,1.506,1.866,1.732,2.185,3.222.231,1.083-.229,1.245-.164,2.84.088,2.149.978,3.169.546,3.55a.506.506,0,0,1-.47.069,5.888,5.888,0,0,1-.022,2.062','2022-10-21 13:10:27.021000','2022-10-21 13:10:27.021000',NULL,NULL),(48,'Vrancea','VN','M215.183,123.193a5.124,5.124,0,0,1,1.721,4.67c-.1.593-.379,1.394,0,1.721.327.283.82-.067,1.229.246.391.3.1.745.409,1.474.409.952,1.2.883,1.475,1.8.171.582-.052.937.163,1.065.366.217.948-.84,1.966-.818.642.013.951.445,1.311.245.388-.214.176-.8.491-.983.545-.323,2.289.757,2.7,2.294.213.79-.066,1.174.267,1.515.533.549,1.465-.228,2.805-.082,2,.219,2.045,2.184,4.137,2.54,1.438.243,2.2-.55,3.237.1.749.47.554,1.007,1.208,1.352,1.375.724,3.114-1.188,4.015-.533.692.5-.069,1.834.8,2.752a2.894,2.894,0,0,0,2.13.628,7.714,7.714,0,0,0,4.37-1.338c1.374-.842,3.407-2.52,3.14-3.687a4.875,4.875,0,0,1-.191-.846c-.08-.717.1-.919,0-1.393-.122-.572-.443-.549-.71-1.147-.387-.865.118-1.288-.163-1.966-.344-.828-1.243-.552-2.185-1.393-1.087-.971-.5-1.884-1.556-3.278-1-1.317-1.736-.782-2.567-1.966-.674-.959-.385-1.586-.9-4.561-.092-.527-.28-1.613-.519-2.457-1.161-4.11-4.192-4.933-3.8-6.664.393-1.714,3.478-1.41,4.534-4.1.364-.926.151-1.353.628-1.966.73-.937,2.152-1.126,3.574-1.039.031-.177.077-.363.113-.545a5.888,5.888,0,0,0,.022-2.062c-.8-.182-2.156-1.31-3.244-.779-.862.422-.646,1.44-1.475,1.749-1.084.4-1.8-1.209-3.277-1.093-1.616.128-2.155,2.165-3.55,1.966-.785-.112-1.033-.816-1.474-.655-.744.27-.154,2.307-1.2,3.059-.475.34-.882.13-1.693.163-2.569.109-2.964,2.411-4.916,2.4-1.763-.006-2.156-1.885-4.37-1.8-.629.023-.685.178-1.857.273-1.9.154-2.342-.207-2.731.163-.788.75.608,2.611-.383,3.823a1.416,1.416,0,0,1-.983.546c-.6,0-.973-.6-1.366-.983a3.335,3.335,0,0,0-1.995-.853c-.014.871-1.13,1.235-1.119,2.546,0,.487.161.666.028,1.093-.218.7-.79.709-1.066,1.311-.311.681.277.981.273,2.185s-.592,1.422-.464,2.457c.1.785.467.917.737,1.666a2.336,2.336,0,0,1,.138.6,3.432,3.432,0,0,1,2.129.575','2022-10-21 13:10:27.033000','2022-10-21 13:10:27.033000',NULL,NULL);
/*!40000 ALTER TABLE `counties` ENABLE KEYS */;
UNLOCK TABLES;

--
-- Table structure for table `counties_alerte_links`
--

DROP TABLE IF EXISTS `counties_alerte_links`;
/*!40101 SET @saved_cs_client     = @@character_set_client */;
/*!50503 SET character_set_client = utf8mb4 */;
CREATE TABLE `counties_alerte_links` (
  `id` int(10) unsigned NOT NULL AUTO_INCREMENT,
  `county_id` int(10) unsigned DEFAULT NULL,
  `alert_id` int(10) unsigned DEFAULT NULL,
  PRIMARY KEY (`id`),
  KEY `counties_alerte_links_fk` (`county_id`),
  KEY `counties_alerte_links_inv_fk` (`alert_id`),
  CONSTRAINT `counties_alerte_links_fk` FOREIGN KEY (`county_id`) REFERENCES `counties` (`id`) ON DELETE CASCADE,
  CONSTRAINT `counties_alerte_links_inv_fk` FOREIGN KEY (`alert_id`) REFERENCES `alerts` (`id`) ON DELETE CASCADE
) ENGINE=InnoDB DEFAULT CHARSET=utf8;
/*!40101 SET character_set_client = @saved_cs_client */;

--
-- Dumping data for table `counties_alerte_links`
--

LOCK TABLES `counties_alerte_links` WRITE;
/*!40000 ALTER TABLE `counties_alerte_links` DISABLE KEYS */;
/*!40000 ALTER TABLE `counties_alerte_links` ENABLE KEYS */;
UNLOCK TABLES;

--
-- Table structure for table `counties_users_links`
--

DROP TABLE IF EXISTS `counties_users_links`;
/*!40101 SET @saved_cs_client     = @@character_set_client */;
/*!50503 SET character_set_client = utf8mb4 */;
CREATE TABLE `counties_users_links` (
  `id` int(10) unsigned NOT NULL AUTO_INCREMENT,
  `county_id` int(10) unsigned DEFAULT NULL,
  `user_id` int(10) unsigned DEFAULT NULL,
  PRIMARY KEY (`id`),
  KEY `counties_users_links_fk` (`county_id`),
  KEY `counties_users_links_inv_fk` (`user_id`),
  CONSTRAINT `counties_users_links_fk` FOREIGN KEY (`county_id`) REFERENCES `counties` (`id`) ON DELETE CASCADE,
  CONSTRAINT `counties_users_links_inv_fk` FOREIGN KEY (`user_id`) REFERENCES `up_users` (`id`) ON DELETE CASCADE
) ENGINE=InnoDB AUTO_INCREMENT=6 DEFAULT CHARSET=utf8;
/*!40101 SET character_set_client = @saved_cs_client */;

--
-- Dumping data for table `counties_users_links`
--

LOCK TABLES `counties_users_links` WRITE;
/*!40000 ALTER TABLE `counties_users_links` DISABLE KEYS */;
INSERT INTO `counties_users_links` VALUES (1,7,77),(2,8,77),(3,9,77),(4,12,77),(5,13,77);
/*!40000 ALTER TABLE `counties_users_links` ENABLE KEYS */;
UNLOCK TABLES;

--
-- Table structure for table `courses`
--

DROP TABLE IF EXISTS `courses`;
/*!40101 SET @saved_cs_client     = @@character_set_client */;
/*!50503 SET character_set_client = utf8mb4 */;
CREATE TABLE `courses` (
  `id` int(10) unsigned NOT NULL AUTO_INCREMENT,
  `titlu` varchar(255) DEFAULT NULL,
  `continut` longtext,
  `url_youtube` varchar(255) DEFAULT NULL,
  `created_at` datetime(6) DEFAULT NULL,
  `updated_at` datetime(6) DEFAULT NULL,
  `published_at` datetime(6) DEFAULT NULL,
  `created_by_id` int(10) unsigned DEFAULT NULL,
  `updated_by_id` int(10) unsigned DEFAULT NULL,
  `locale` varchar(255) DEFAULT NULL,
  PRIMARY KEY (`id`),
  KEY `courses_created_by_id_fk` (`created_by_id`),
  KEY `courses_updated_by_id_fk` (`updated_by_id`),
  CONSTRAINT `courses_created_by_id_fk` FOREIGN KEY (`created_by_id`) REFERENCES `admin_users` (`id`) ON DELETE SET NULL,
  CONSTRAINT `courses_updated_by_id_fk` FOREIGN KEY (`updated_by_id`) REFERENCES `admin_users` (`id`) ON DELETE SET NULL
) ENGINE=InnoDB AUTO_INCREMENT=6 DEFAULT CHARSET=utf8;
/*!40101 SET character_set_client = @saved_cs_client */;

--
-- Dumping data for table `courses`
--

LOCK TABLES `courses` WRITE;
/*!40000 ALTER TABLE `courses` DISABLE KEYS */;
INSERT INTO `courses` VALUES (4,'Traumatism cranio-cerebral la adulți','Ce este o accidentare la cap?\nLeziunile capului sunt una dintre cele mai frecvente cauze de dizabilitate și deces la adulți. Leziunea poate fi la fel de ușoară ca o umflătură, vânătaie (contuzie) sau tăietură pe cap sau poate fi de natură moderată până la severă din cauza unei comoții, tăieturi adânci sau răni deschise, fracturi ale oaselor craniului sau din cauza internei. sângerări și leziuni ale creierului.\n\nO leziune a capului este un termen larg care descrie o gamă largă de leziuni care apar la nivelul scalpului, craniului, creierului și țesutului subiacent și vaselor de sânge din cap. Leziunile capului sunt, de asemenea, denumite în mod obișnuit leziuni cerebrale sau leziuni cerebrale traumatice (TBI), în funcție de amploarea traumei craniene.\n\nLeziunile la cap cresc dramatic - aproximativ 1,7 milioane de oameni au un TBI în fiecare an. Milioane de americani sunt în viață astăzi, care au suferit o accidentare la cap și au nevoie de ajutor pentru activitățile vieții de zi cu zi, costând țara peste 56 de miliarde de dolari pe an.\n\nCare sunt diferitele tipuri de leziuni la cap?\nUrmătoarele sunt câteva dintre diferitele tipuri de leziuni ale capului:\n\nComoție. O comoție cerebrală este o leziune a zonei capului care poate provoca pierderea instantanee a conștientizării sau a vigilenței timp de câteva minute până la câteva ore după evenimentul traumatic.\n\nFractura craniului. O fractură de craniu este o ruptură a osului craniului. Există patru tipuri majore de fracturi de craniu, inclusiv următoarele:\n\nFracturi liniare ale craniului. Acesta este cel mai frecvent tip de fractură de craniu. Într-o fractură liniară, există o rupere a osului, dar nu mișcă osul. Acești pacienți pot fi observați în spital pentru o perioadă scurtă de timp și, de obicei, pot relua activitățile normale în câteva zile. De obicei, nu sunt necesare intervenții.\n\nFracturi de craniu deprimate. Acest tip de fractură poate fi observată cu sau fără tăietură la nivelul scalpului. În această fractură, o parte a craniului este de fapt scufundată în urma traumei. Acest tip de fractură de craniu poate necesita intervenție chirurgicală, în funcție de severitate, pentru a ajuta la corectarea deformării.\n\nFracturi diastatice ale craniului. Acestea sunt fracturi care apar de-a lungul liniilor de sutură în craniu. Suturile sunt zonele dintre oasele capului care fuzionează când suntem copii. În acest tip de fractură, liniile normale de sutură sunt lărgite. Aceste fracturi sunt mai des întâlnite la nou-născuți și sugari mai mari.\n\nFractură bazilară a craniului. Acesta este cel mai grav tip de fractură a craniului și implică o ruptură a osului de la baza craniului. Pacienții cu acest tip de fractură au frecvent vânătăi în jurul ochilor și o vânătaie în spatele urechii. Ei pot avea, de asemenea, lichid limpede care se scurge din nas sau din urechi din cauza unei rupturi a unei părți a acoperirii creierului. Acești pacienți necesită, de obicei, o observare atentă în spital.\n\nHematom intracranian (ICH). Există mai multe tipuri de ICH, sau cheaguri de sânge, în sau în jurul creierului. Diferitele tipuri sunt clasificate după localizarea lor în creier. Acestea pot varia de la leziuni ușoare ale capului până la leziuni destul de grave și care pot pune viața în pericol. Diferitele tipuri de ICH includ următoarele:\n\nHematom epidural. Hematoamele epidurale apar atunci când se formează un cheag de sânge sub craniu, dar deasupra durei, învelișul dur care înconjoară creierul. De obicei provin dintr-o ruptură a unei artere care trece chiar sub craniu numită artera meningeală medie. Hematoamele epidurale sunt de obicei asociate cu o fractură de craniu.\n\nHematom subdural. Hematoamele subdurale apar atunci când se formează un cheag de sânge sub craniu și sub dura, dar în afara creierului. Acestea se pot forma dintr-o ruptură a venelor care merg de la creier la dura sau dintr-o tăietură pe creier însuși. Acestea sunt uneori, dar nu întotdeauna, asociate cu o fractură de craniu.\n\nContuzie sau hematom intracerebral. O contuzie este o vânătaie la nivelul creierului însuși. O contuzie provoacă sângerări și umflături în interiorul creierului în jurul zonei în care a fost lovit capul. Contuziile pot apărea cu fracturi de craniu sau alte cheaguri de sânge, cum ar fi un hematom subdural sau epidural. Sângerarea care apare în interiorul creierului însuși (numită și hemoragie intraparenchimatoasă) poate să apară uneori spontan. Atunci când trauma nu este cauza, cele mai frecvente cauze sunt de lungă durată, hipertensiunea arterială la adulții în vârstă, tulburările de sângerare la copii sau adulți sau utilizarea medicamentelor care provoacă subțierea sângelui sau anumite droguri ilicite.\n\nLeziune axonală difuză (DAI). Aceste leziuni sunt destul de frecvente și sunt de obicei cauzate de tremurarea creierului înainte și înapoi, care se poate întâmpla în accidente de mașină, în urma căderilor sau a sindromului bebelușului scuturat. Leziunile difuze pot fi ușoare, cum ar fi o comoție cerebrală, sau pot fi foarte severe, ca în leziunea axonală difuză (DAI). În DAI, pacientul este de obicei în comă pentru o perioadă prelungită de timp, cu leziuni în multe părți diferite ale creierului.',NULL,'2022-10-21 21:11:49.639000','2022-10-29 09:16:22.506000','2022-10-10 15:50:09.041000',NULL,1,'ro'),(5,'Craniocerebral trauma in adults','What is a head injury?\nHead injuries are one of the most common causes of disability and death in adults. The injury can be as mild as a bump, bruise (contusion), or cut on the head, or can be moderate to severe in nature due to a concussion, deep cut or open wound, fractured skull bone(s), or from internal bleeding and damage to the brain.\n\nA head injury is a broad term that describes a vast array of injuries that occur to the scalp, skull, brain, and underlying tissue and blood vessels in the head. Head injuries are also commonly referred to as brain injury, or traumatic brain injury (TBI), depending on the extent of the head trauma.\n\nHead injuries are rising dramatically--about 1.7 million people have a TBI each year. Millions of Americans are alive today who have had a head injury and now need help with the activities of daily living, costing the country more than $56 billion per year.\n\nWhat are the different types of head injury?\nThe following are some of the different types of head injuries:\n\nConcussion. A concussion is an injury to the head area that may cause instant loss of awareness or alertness for a few minutes up to a few hours after the traumatic event.\n\nSkull fracture. A skull fracture is a break in the skull bone. There are four major types of skull fractures, including the following:\n\nLinear skull fractures. This is the most common type of skull fracture. In a linear fracture, there is a break in the bone, but it does not move the bone. These patients may be observed in the hospital for a brief amount of time, and can usually resume normal activities in a few days. Usually, no interventions are necessary.\n\nDepressed skull fractures. This type of fracture may be seen with or without a cut in the scalp. In this fracture, part of the skull is actually sunken in from the trauma. This type of skull fracture may require surgical intervention, depending on the severity, to help correct the deformity.\n\nDiastatic skull fractures. These are fractures that occur along the suture lines in the skull. The sutures are the areas between the bones in the head that fuse when we are children. In this type of fracture, the normal suture lines are widened. These fractures are more often seen in newborns and older infants.\n\nBasilar skull fracture. This is the most serious type of skull fracture, and involves a break in the bone at the base of the skull. Patients with this type of fracture frequently have bruises around their eyes and a bruise behind their ear. They may also have clear fluid draining from their nose or ears due to a tear in part of the covering of the brain. These patients usually require close observation in the hospital.\n\nIntracranial hematoma (ICH). There are several types of ICH, or blood clots, in or around the brain. The different types are classified by their location in the brain. These can range from mild head injuries to quite serious and potentially life-threatening injuries. The different types of ICH include the following:\n\nEpidural hematoma. Epidural hematomas occur when a blood clot forms underneath the skull, but on top of the dura, the tough covering that surrounds the brain. They usually come from a tear in an artery that runs just under the skull called the middle meningeal artery. Epidural hematomas are usually associated with a skull fracture.\n\nSubdural hematoma. Subdural hematomas occur when a blood clot forms underneath the skull and underneath the dura, but outside of the brain. These can form from a tear in the veins that go from the brain to the dura, or from a cut on the brain itself. They are sometimes, but not always, associated with a skull fracture.\n\nContusion or intracerebral hematoma. A contusion is a bruise to the brain itself. A contusion causes bleeding and swelling inside of the brain around the area where the head was struck. Contusions may occur with skull fractures or other blood clots such as a subdural or epidural hematoma. Bleeding that occurs inside the brain itself (also called intraparenchymal hemorrhage) can sometimes occur spontaneously. When trauma is not the cause, the most common causes are long-standing, high blood pressure in older adults, bleeding disorders in either children or adults, or the use of medications that cause blood thinning or certain illicit drugs.\n\nDiffuse axonal injury (DAI). These injuries are fairly common and are usually caused by shaking of the brain back and forth, which can happen in car accidents, from falls or shaken baby syndrome. Diffuse injuries can be mild, such as with a concussion, or may be very severe, as in diffuse axonal injury (DAI). In DAI, the patient is usually in a coma for a prolonged period of time, with injury to many different parts of the brain.',NULL,'2022-10-29 09:08:08.580000','2022-10-29 09:15:18.862000','2022-10-29 09:15:18.858000',1,1,'en');
/*!40000 ALTER TABLE `courses` ENABLE KEYS */;
UNLOCK TABLES;

--
-- Table structure for table `courses_categorie_cursuri_links`
--

DROP TABLE IF EXISTS `courses_categorie_cursuri_links`;
/*!40101 SET @saved_cs_client     = @@character_set_client */;
/*!50503 SET character_set_client = utf8mb4 */;
CREATE TABLE `courses_categorie_cursuri_links` (
  `id` int(10) unsigned NOT NULL AUTO_INCREMENT,
  `course_id` int(10) unsigned DEFAULT NULL,
  `courses_category_id` int(10) unsigned DEFAULT NULL,
  PRIMARY KEY (`id`),
  KEY `courses_categorie_cursuri_links_fk` (`course_id`),
  KEY `courses_categorie_cursuri_links_inv_fk` (`courses_category_id`),
  CONSTRAINT `courses_categorie_cursuri_links_fk` FOREIGN KEY (`course_id`) REFERENCES `courses` (`id`) ON DELETE CASCADE,
  CONSTRAINT `courses_categorie_cursuri_links_inv_fk` FOREIGN KEY (`courses_category_id`) REFERENCES `courses_categories` (`id`) ON DELETE CASCADE
) ENGINE=InnoDB AUTO_INCREMENT=5 DEFAULT CHARSET=utf8;
/*!40101 SET character_set_client = @saved_cs_client */;

--
-- Dumping data for table `courses_categorie_cursuri_links`
--

LOCK TABLES `courses_categorie_cursuri_links` WRITE;
/*!40000 ALTER TABLE `courses_categorie_cursuri_links` DISABLE KEYS */;
INSERT INTO `courses_categorie_cursuri_links` VALUES (4,4,5);
/*!40000 ALTER TABLE `courses_categorie_cursuri_links` ENABLE KEYS */;
UNLOCK TABLES;

--
-- Table structure for table `courses_categories`
--

DROP TABLE IF EXISTS `courses_categories`;
/*!40101 SET @saved_cs_client     = @@character_set_client */;
/*!50503 SET character_set_client = utf8mb4 */;
CREATE TABLE `courses_categories` (
  `id` int(10) unsigned NOT NULL AUTO_INCREMENT,
  `nume` varchar(255) DEFAULT NULL,
  `created_at` datetime(6) DEFAULT NULL,
  `updated_at` datetime(6) DEFAULT NULL,
  `created_by_id` int(10) unsigned DEFAULT NULL,
  `updated_by_id` int(10) unsigned DEFAULT NULL,
  `locale` varchar(255) DEFAULT NULL,
  PRIMARY KEY (`id`),
  KEY `courses_categories_created_by_id_fk` (`created_by_id`),
  KEY `courses_categories_updated_by_id_fk` (`updated_by_id`),
  CONSTRAINT `courses_categories_created_by_id_fk` FOREIGN KEY (`created_by_id`) REFERENCES `admin_users` (`id`) ON DELETE SET NULL,
  CONSTRAINT `courses_categories_updated_by_id_fk` FOREIGN KEY (`updated_by_id`) REFERENCES `admin_users` (`id`) ON DELETE SET NULL
) ENGINE=InnoDB AUTO_INCREMENT=16 DEFAULT CHARSET=utf8;
/*!40101 SET character_set_client = @saved_cs_client */;

--
-- Dumping data for table `courses_categories`
--

LOCK TABLES `courses_categories` WRITE;
/*!40000 ALTER TABLE `courses_categories` DISABLE KEYS */;
INSERT INTO `courses_categories` VALUES (5,'Primul ajutor','2022-10-21 13:12:33.553000','2022-10-29 09:05:40.984000',NULL,1,'ro'),(7,'Accident nuclear','2022-10-21 13:12:33.580000','2022-10-29 09:06:08.729000',NULL,1,'ro'),(9,'Furtuni','2022-10-21 13:12:33.599000','2022-10-29 09:06:23.472000',NULL,1,'ro'),(11,'Cutremur','2022-10-21 13:12:33.618000','2022-10-29 09:05:17.506000',NULL,1,'ro'),(12,'Earthquake','2022-10-29 09:05:17.487000','2022-10-29 09:05:17.487000',1,1,'en'),(13,'First aid','2022-10-29 09:05:40.974000','2022-10-29 09:05:40.974000',1,1,'en'),(14,'Nuclear accident','2022-10-29 09:06:08.720000','2022-10-29 09:06:08.720000',1,1,'en'),(15,'Storm','2022-10-29 09:06:23.463000','2022-10-29 09:06:23.463000',1,1,'en');
/*!40000 ALTER TABLE `courses_categories` ENABLE KEYS */;
UNLOCK TABLES;

--
-- Table structure for table `courses_categories_localizations_links`
--

DROP TABLE IF EXISTS `courses_categories_localizations_links`;
/*!40101 SET @saved_cs_client     = @@character_set_client */;
/*!50503 SET character_set_client = utf8mb4 */;
CREATE TABLE `courses_categories_localizations_links` (
  `id` int(10) unsigned NOT NULL AUTO_INCREMENT,
  `courses_category_id` int(10) unsigned DEFAULT NULL,
  `inv_courses_category_id` int(10) unsigned DEFAULT NULL,
  PRIMARY KEY (`id`),
  KEY `courses_categories_localizations_links_fk` (`courses_category_id`),
  KEY `courses_categories_localizations_links_inv_fk` (`inv_courses_category_id`),
  CONSTRAINT `courses_categories_localizations_links_fk` FOREIGN KEY (`courses_category_id`) REFERENCES `courses_categories` (`id`) ON DELETE CASCADE,
  CONSTRAINT `courses_categories_localizations_links_inv_fk` FOREIGN KEY (`inv_courses_category_id`) REFERENCES `courses_categories` (`id`) ON DELETE CASCADE
) ENGINE=InnoDB AUTO_INCREMENT=9 DEFAULT CHARSET=utf8;
/*!40101 SET character_set_client = @saved_cs_client */;

--
-- Dumping data for table `courses_categories_localizations_links`
--

LOCK TABLES `courses_categories_localizations_links` WRITE;
/*!40000 ALTER TABLE `courses_categories_localizations_links` DISABLE KEYS */;
INSERT INTO `courses_categories_localizations_links` VALUES (1,12,11),(2,11,12),(3,13,5),(4,5,13),(5,14,7),(6,7,14),(7,15,9),(8,9,15);
/*!40000 ALTER TABLE `courses_categories_localizations_links` ENABLE KEYS */;
UNLOCK TABLES;

--
-- Table structure for table `courses_localizations_links`
--

DROP TABLE IF EXISTS `courses_localizations_links`;
/*!40101 SET @saved_cs_client     = @@character_set_client */;
/*!50503 SET character_set_client = utf8mb4 */;
CREATE TABLE `courses_localizations_links` (
  `id` int(10) unsigned NOT NULL AUTO_INCREMENT,
  `course_id` int(10) unsigned DEFAULT NULL,
  `inv_course_id` int(10) unsigned DEFAULT NULL,
  PRIMARY KEY (`id`),
  KEY `courses_localizations_links_fk` (`course_id`),
  KEY `courses_localizations_links_inv_fk` (`inv_course_id`),
  CONSTRAINT `courses_localizations_links_fk` FOREIGN KEY (`course_id`) REFERENCES `courses` (`id`) ON DELETE CASCADE,
  CONSTRAINT `courses_localizations_links_inv_fk` FOREIGN KEY (`inv_course_id`) REFERENCES `courses` (`id`) ON DELETE CASCADE
) ENGINE=InnoDB AUTO_INCREMENT=3 DEFAULT CHARSET=utf8;
/*!40101 SET character_set_client = @saved_cs_client */;

--
-- Dumping data for table `courses_localizations_links`
--

LOCK TABLES `courses_localizations_links` WRITE;
/*!40000 ALTER TABLE `courses_localizations_links` DISABLE KEYS */;
INSERT INTO `courses_localizations_links` VALUES (1,5,4),(2,4,5);
/*!40000 ALTER TABLE `courses_localizations_links` ENABLE KEYS */;
UNLOCK TABLES;

--
-- Table structure for table `files`
--

DROP TABLE IF EXISTS `files`;
/*!40101 SET @saved_cs_client     = @@character_set_client */;
/*!50503 SET character_set_client = utf8mb4 */;
CREATE TABLE `files` (
  `id` int(10) unsigned NOT NULL AUTO_INCREMENT,
  `name` varchar(255) DEFAULT NULL,
  `alternative_text` varchar(255) DEFAULT NULL,
  `caption` varchar(255) DEFAULT NULL,
  `width` int(11) DEFAULT NULL,
  `height` int(11) DEFAULT NULL,
  `formats` json DEFAULT NULL,
  `hash` varchar(255) DEFAULT NULL,
  `ext` varchar(255) DEFAULT NULL,
  `mime` varchar(255) DEFAULT NULL,
  `size` decimal(10,2) DEFAULT NULL,
  `url` varchar(255) DEFAULT NULL,
  `preview_url` varchar(255) DEFAULT NULL,
  `provider` varchar(255) DEFAULT NULL,
  `provider_metadata` json DEFAULT NULL,
  `folder_path` varchar(255) DEFAULT NULL,
  `created_at` datetime(6) DEFAULT NULL,
  `updated_at` datetime(6) DEFAULT NULL,
  `created_by_id` int(10) unsigned DEFAULT NULL,
  `updated_by_id` int(10) unsigned DEFAULT NULL,
  PRIMARY KEY (`id`),
  KEY `upload_files_folder_path_index` (`folder_path`),
  KEY `files_created_by_id_fk` (`created_by_id`),
  KEY `files_updated_by_id_fk` (`updated_by_id`),
  CONSTRAINT `files_created_by_id_fk` FOREIGN KEY (`created_by_id`) REFERENCES `admin_users` (`id`) ON DELETE SET NULL,
  CONSTRAINT `files_updated_by_id_fk` FOREIGN KEY (`updated_by_id`) REFERENCES `admin_users` (`id`) ON DELETE SET NULL
) ENGINE=InnoDB AUTO_INCREMENT=106 DEFAULT CHARSET=utf8;
/*!40101 SET character_set_client = @saved_cs_client */;

--
-- Dumping data for table `files`
--

LOCK TABLES `files` WRITE;
/*!40000 ALTER TABLE `files` DISABLE KEYS */;
INSERT INTO `files` VALUES (1,'280049175_416788816938952_1037295428156432242_n.jpg','280049175_416788816938952_1037295428156432242_n.jpg','280049175_416788816938952_1037295428156432242_n.jpg',720,960,'{\"small\": {\"ext\": \".jpg\", \"url\": \"/uploads/small_280049175_416788816938952_1037295428156432242_n_65f59ec2a5.jpg\", \"hash\": \"small_280049175_416788816938952_1037295428156432242_n_65f59ec2a5\", \"mime\": \"image/jpeg\", \"name\": \"small_280049175_416788816938952_1037295428156432242_n.jpg\", \"path\": null, \"size\": 39.98, \"width\": 375, \"height\": 500}, \"medium\": {\"ext\": \".jpg\", \"url\": \"/uploads/medium_280049175_416788816938952_1037295428156432242_n_65f59ec2a5.jpg\", \"hash\": \"medium_280049175_416788816938952_1037295428156432242_n_65f59ec2a5\", \"mime\": \"image/jpeg\", \"name\": \"medium_280049175_416788816938952_1037295428156432242_n.jpg\", \"path\": null, \"size\": 74.03, \"width\": 563, \"height\": 750}, \"thumbnail\": {\"ext\": \".jpg\", \"url\": \"/uploads/thumbnail_280049175_416788816938952_1037295428156432242_n_65f59ec2a5.jpg\", \"hash\": \"thumbnail_280049175_416788816938952_1037295428156432242_n_65f59ec2a5\", \"mime\": \"image/jpeg\", \"name\": \"thumbnail_280049175_416788816938952_1037295428156432242_n.jpg\", \"path\": null, \"size\": 6.45, \"width\": 117, \"height\": 156}}','280049175_416788816938952_1037295428156432242_n_65f59ec2a5','.jpg','image/jpeg',75.47,'/uploads/280049175_416788816938952_1037295428156432242_n_65f59ec2a5.jpg',NULL,'local',NULL,'/','2022-10-27 15:49:45.420000','2022-10-27 15:49:45.420000',1,1),(2,'283671542_424955772788923_8868676659647346972_n.jpg','283671542_424955772788923_8868676659647346972_n.jpg','283671542_424955772788923_8868676659647346972_n.jpg',1024,724,'{\"large\": {\"ext\": \".jpg\", \"url\": \"/uploads/large_283671542_424955772788923_8868676659647346972_n_8144adfb2c.jpg\", \"hash\": \"large_283671542_424955772788923_8868676659647346972_n_8144adfb2c\", \"mime\": \"image/jpeg\", \"name\": \"large_283671542_424955772788923_8868676659647346972_n.jpg\", \"path\": null, \"size\": 126.93, \"width\": 1000, \"height\": 707}, \"small\": {\"ext\": \".jpg\", \"url\": \"/uploads/small_283671542_424955772788923_8868676659647346972_n_8144adfb2c.jpg\", \"hash\": \"small_283671542_424955772788923_8868676659647346972_n_8144adfb2c\", \"mime\": \"image/jpeg\", \"name\": \"small_283671542_424955772788923_8868676659647346972_n.jpg\", \"path\": null, \"size\": 45.23, \"width\": 500, \"height\": 354}, \"medium\": {\"ext\": \".jpg\", \"url\": \"/uploads/medium_283671542_424955772788923_8868676659647346972_n_8144adfb2c.jpg\", \"hash\": \"medium_283671542_424955772788923_8868676659647346972_n_8144adfb2c\", \"mime\": \"image/jpeg\", \"name\": \"medium_283671542_424955772788923_8868676659647346972_n.jpg\", \"path\": null, \"size\": 83.5, \"width\": 750, \"height\": 530}, \"thumbnail\": {\"ext\": \".jpg\", \"url\": \"/uploads/thumbnail_283671542_424955772788923_8868676659647346972_n_8144adfb2c.jpg\", \"hash\": \"thumbnail_283671542_424955772788923_8868676659647346972_n_8144adfb2c\", \"mime\": \"image/jpeg\", \"name\": \"thumbnail_283671542_424955772788923_8868676659647346972_n.jpg\", \"path\": null, \"size\": 12.51, \"width\": 221, \"height\": 156}}','283671542_424955772788923_8868676659647346972_n_8144adfb2c','.jpg','image/jpeg',99.24,'/uploads/283671542_424955772788923_8868676659647346972_n_8144adfb2c.jpg',NULL,'local',NULL,'/','2022-10-27 15:49:45.623000','2022-10-27 15:52:53.166000',1,1),(3,'279548420_416788590272308_3998580730262653328_n.jpg','279548420_416788590272308_3998580730262653328_n.jpg','279548420_416788590272308_3998580730262653328_n.jpg',960,720,'{\"small\": {\"ext\": \".jpg\", \"url\": \"/uploads/small_279548420_416788590272308_3998580730262653328_n_b5ae6e6c86.jpg\", \"hash\": \"small_279548420_416788590272308_3998580730262653328_n_b5ae6e6c86\", \"mime\": \"image/jpeg\", \"name\": \"small_279548420_416788590272308_3998580730262653328_n.jpg\", \"path\": null, \"size\": 48.99, \"width\": 500, \"height\": 375}, \"medium\": {\"ext\": \".jpg\", \"url\": \"/uploads/medium_279548420_416788590272308_3998580730262653328_n_b5ae6e6c86.jpg\", \"hash\": \"medium_279548420_416788590272308_3998580730262653328_n_b5ae6e6c86\", \"mime\": \"image/jpeg\", \"name\": \"medium_279548420_416788590272308_3998580730262653328_n.jpg\", \"path\": null, \"size\": 93.76, \"width\": 750, \"height\": 563}, \"thumbnail\": {\"ext\": \".jpg\", \"url\": \"/uploads/thumbnail_279548420_416788590272308_3998580730262653328_n_b5ae6e6c86.jpg\", \"hash\": \"thumbnail_279548420_416788590272308_3998580730262653328_n_b5ae6e6c86\", \"mime\": \"image/jpeg\", \"name\": \"thumbnail_279548420_416788590272308_3998580730262653328_n.jpg\", \"path\": null, \"size\": 11.18, \"width\": 208, \"height\": 156}}','279548420_416788590272308_3998580730262653328_n_b5ae6e6c86','.jpg','image/jpeg',98.83,'/uploads/279548420_416788590272308_3998580730262653328_n_b5ae6e6c86.jpg',NULL,'local',NULL,'/','2022-10-27 15:49:45.733000','2022-10-27 15:49:45.733000',1,1),(4,'283746987_424955656122268_7640852245193126941_n.jpg','283746987_424955656122268_7640852245193126941_n.jpg','283746987_424955656122268_7640852245193126941_n.jpg',2048,1365,'{\"large\": {\"ext\": \".jpg\", \"url\": \"/uploads/large_283746987_424955656122268_7640852245193126941_n_da62c4424b.jpg\", \"hash\": \"large_283746987_424955656122268_7640852245193126941_n_da62c4424b\", \"mime\": \"image/jpeg\", \"name\": \"large_283746987_424955656122268_7640852245193126941_n.jpg\", \"path\": null, \"size\": 91.92, \"width\": 1000, \"height\": 667}, \"small\": {\"ext\": \".jpg\", \"url\": \"/uploads/small_283746987_424955656122268_7640852245193126941_n_da62c4424b.jpg\", \"hash\": \"small_283746987_424955656122268_7640852245193126941_n_da62c4424b\", \"mime\": \"image/jpeg\", \"name\": \"small_283746987_424955656122268_7640852245193126941_n.jpg\", \"path\": null, \"size\": 31.86, \"width\": 500, \"height\": 333}, \"medium\": {\"ext\": \".jpg\", \"url\": \"/uploads/medium_283746987_424955656122268_7640852245193126941_n_da62c4424b.jpg\", \"hash\": \"medium_283746987_424955656122268_7640852245193126941_n_da62c4424b\", \"mime\": \"image/jpeg\", \"name\": \"medium_283746987_424955656122268_7640852245193126941_n.jpg\", \"path\": null, \"size\": 59.05, \"width\": 750, \"height\": 500}, \"thumbnail\": {\"ext\": \".jpg\", \"url\": \"/uploads/thumbnail_283746987_424955656122268_7640852245193126941_n_da62c4424b.jpg\", \"hash\": \"thumbnail_283746987_424955656122268_7640852245193126941_n_da62c4424b\", \"mime\": \"image/jpeg\", \"name\": \"thumbnail_283746987_424955656122268_7640852245193126941_n.jpg\", \"path\": null, \"size\": 9.94, \"width\": 234, \"height\": 156}}','283746987_424955656122268_7640852245193126941_n_da62c4424b','.jpg','image/jpeg',190.98,'/uploads/283746987_424955656122268_7640852245193126941_n_da62c4424b.jpg',NULL,'local',NULL,'/','2022-10-27 15:49:46.403000','2022-10-27 15:49:46.403000',1,1),(5,'283779727_424955819455585_2301706908743855043_n.jpg','283779727_424955819455585_2301706908743855043_n.jpg','283779727_424955819455585_2301706908743855043_n.jpg',2048,1365,'{\"large\": {\"ext\": \".jpg\", \"url\": \"/uploads/large_283779727_424955819455585_2301706908743855043_n_4bdea6c2a5.jpg\", \"hash\": \"large_283779727_424955819455585_2301706908743855043_n_4bdea6c2a5\", \"mime\": \"image/jpeg\", \"name\": \"large_283779727_424955819455585_2301706908743855043_n.jpg\", \"path\": null, \"size\": 109.8, \"width\": 1000, \"height\": 667}, \"small\": {\"ext\": \".jpg\", \"url\": \"/uploads/small_283779727_424955819455585_2301706908743855043_n_4bdea6c2a5.jpg\", \"hash\": \"small_283779727_424955819455585_2301706908743855043_n_4bdea6c2a5\", \"mime\": \"image/jpeg\", \"name\": \"small_283779727_424955819455585_2301706908743855043_n.jpg\", \"path\": null, \"size\": 38.03, \"width\": 500, \"height\": 333}, \"medium\": {\"ext\": \".jpg\", \"url\": \"/uploads/medium_283779727_424955819455585_2301706908743855043_n_4bdea6c2a5.jpg\", \"hash\": \"medium_283779727_424955819455585_2301706908743855043_n_4bdea6c2a5\", \"mime\": \"image/jpeg\", \"name\": \"medium_283779727_424955819455585_2301706908743855043_n.jpg\", \"path\": null, \"size\": 70.25, \"width\": 750, \"height\": 500}, \"thumbnail\": {\"ext\": \".jpg\", \"url\": \"/uploads/thumbnail_283779727_424955819455585_2301706908743855043_n_4bdea6c2a5.jpg\", \"hash\": \"thumbnail_283779727_424955819455585_2301706908743855043_n_4bdea6c2a5\", \"mime\": \"image/jpeg\", \"name\": \"thumbnail_283779727_424955819455585_2301706908743855043_n.jpg\", \"path\": null, \"size\": 11.75, \"width\": 234, \"height\": 156}}','283779727_424955819455585_2301706908743855043_n_4bdea6c2a5','.jpg','image/jpeg',234.01,'/uploads/283779727_424955819455585_2301706908743855043_n_4bdea6c2a5.jpg',NULL,'local',NULL,'/','2022-10-27 15:49:46.760000','2022-10-27 15:49:46.760000',1,1),(6,'280033031_416579736959860_6239415060857191673_n.jpg','280033031_416579736959860_6239415060857191673_n.jpg','280033031_416579736959860_6239415060857191673_n.jpg',2048,1367,'{\"large\": {\"ext\": \".jpg\", \"url\": \"/uploads/large_280033031_416579736959860_6239415060857191673_n_2a87d052a5.jpg\", \"hash\": \"large_280033031_416579736959860_6239415060857191673_n_2a87d052a5\", \"mime\": \"image/jpeg\", \"name\": \"large_280033031_416579736959860_6239415060857191673_n.jpg\", \"path\": null, \"size\": 77.03, \"width\": 1000, \"height\": 667}, \"small\": {\"ext\": \".jpg\", \"url\": \"/uploads/small_280033031_416579736959860_6239415060857191673_n_2a87d052a5.jpg\", \"hash\": \"small_280033031_416579736959860_6239415060857191673_n_2a87d052a5\", \"mime\": \"image/jpeg\", \"name\": \"small_280033031_416579736959860_6239415060857191673_n.jpg\", \"path\": null, \"size\": 24.11, \"width\": 500, \"height\": 333}, \"medium\": {\"ext\": \".jpg\", \"url\": \"/uploads/medium_280033031_416579736959860_6239415060857191673_n_2a87d052a5.jpg\", \"hash\": \"medium_280033031_416579736959860_6239415060857191673_n_2a87d052a5\", \"mime\": \"image/jpeg\", \"name\": \"medium_280033031_416579736959860_6239415060857191673_n.jpg\", \"path\": null, \"size\": 47.21, \"width\": 750, \"height\": 501}, \"thumbnail\": {\"ext\": \".jpg\", \"url\": \"/uploads/thumbnail_280033031_416579736959860_6239415060857191673_n_2a87d052a5.jpg\", \"hash\": \"thumbnail_280033031_416579736959860_6239415060857191673_n_2a87d052a5\", \"mime\": \"image/jpeg\", \"name\": \"thumbnail_280033031_416579736959860_6239415060857191673_n.jpg\", \"path\": null, \"size\": 7.16, \"width\": 234, \"height\": 156}}','280033031_416579736959860_6239415060857191673_n_2a87d052a5','.jpg','image/jpeg',280.13,'/uploads/280033031_416579736959860_6239415060857191673_n_2a87d052a5.jpg',NULL,'local',NULL,'/','2022-10-27 15:49:46.815000','2022-10-27 15:49:46.815000',1,1),(7,'picture.jpg',NULL,NULL,NULL,NULL,NULL,'picture_690133d6ea','.jpg','video/mp4',19442.31,'/uploads/picture_690133d6ea.jpg',NULL,'local',NULL,'/1','2022-10-28 11:20:41.341000','2022-10-28 11:20:41.341000',NULL,NULL),(8,'6e609595.jpg','6e609595.jpg','6e609595.jpg',2164,1440,'{\"large\": {\"ext\": \".jpg\", \"url\": \"/uploads/large_6e609595_752ca61fb3.jpg\", \"hash\": \"large_6e609595_752ca61fb3\", \"mime\": \"image/jpeg\", \"name\": \"large_6e609595.jpg\", \"path\": null, \"size\": 73.18, \"width\": 1000, \"height\": 665}, \"small\": {\"ext\": \".jpg\", \"url\": \"/uploads/small_6e609595_752ca61fb3.jpg\", \"hash\": \"small_6e609595_752ca61fb3\", \"mime\": \"image/jpeg\", \"name\": \"small_6e609595.jpg\", \"path\": null, \"size\": 24.37, \"width\": 500, \"height\": 333}, \"medium\": {\"ext\": \".jpg\", \"url\": \"/uploads/medium_6e609595_752ca61fb3.jpg\", \"hash\": \"medium_6e609595_752ca61fb3\", \"mime\": \"image/jpeg\", \"name\": \"medium_6e609595.jpg\", \"path\": null, \"size\": 45.01, \"width\": 750, \"height\": 499}, \"thumbnail\": {\"ext\": \".jpg\", \"url\": \"/uploads/thumbnail_6e609595_752ca61fb3.jpg\", \"hash\": \"thumbnail_6e609595_752ca61fb3\", \"mime\": \"image/jpeg\", \"name\": \"thumbnail_6e609595.jpg\", \"path\": null, \"size\": 8.53, \"width\": 234, \"height\": 156}}','6e609595_752ca61fb3','.jpg','image/jpeg',320.25,'/uploads/6e609595_752ca61fb3.jpg',NULL,'local',NULL,'/','2022-10-29 09:08:49.597000','2022-10-29 09:08:49.597000',1,1),(9,'28H.jpg','28H.jpg','28H.jpg',3264,2448,'{\"large\": {\"ext\": \".jpg\", \"url\": \"/uploads/large_28_H_831f503ec5.jpg\", \"hash\": \"large_28_H_831f503ec5\", \"mime\": \"image/jpeg\", \"name\": \"large_28H.jpg\", \"path\": null, \"size\": 54.7, \"width\": 1000, \"height\": 750}, \"small\": {\"ext\": \".jpg\", \"url\": \"/uploads/small_28_H_831f503ec5.jpg\", \"hash\": \"small_28_H_831f503ec5\", \"mime\": \"image/jpeg\", \"name\": \"small_28H.jpg\", \"path\": null, \"size\": 17.32, \"width\": 500, \"height\": 375}, \"medium\": {\"ext\": \".jpg\", \"url\": \"/uploads/medium_28_H_831f503ec5.jpg\", \"hash\": \"medium_28_H_831f503ec5\", \"mime\": \"image/jpeg\", \"name\": \"medium_28H.jpg\", \"path\": null, \"size\": 34.45, \"width\": 750, \"height\": 563}, \"thumbnail\": {\"ext\": \".jpg\", \"url\": \"/uploads/thumbnail_28_H_831f503ec5.jpg\", \"hash\": \"thumbnail_28_H_831f503ec5\", \"mime\": \"image/jpeg\", \"name\": \"thumbnail_28H.jpg\", \"path\": null, \"size\": 4.28, \"width\": 208, \"height\": 156}}','28_H_831f503ec5','.jpg','image/jpeg',377.39,'/uploads/28_H_831f503ec5.jpg',NULL,'local',NULL,'/','2022-10-29 09:08:50.533000','2022-10-29 09:08:50.533000',1,1),(10,'27.jpg','27.jpg','27.jpg',3000,2000,'{\"large\": {\"ext\": \".jpg\", \"url\": \"/uploads/large_27_9cb392b18e.jpg\", \"hash\": \"large_27_9cb392b18e\", \"mime\": \"image/jpeg\", \"name\": \"large_27.jpg\", \"path\": null, \"size\": 38.47, \"width\": 1000, \"height\": 667}, \"small\": {\"ext\": \".jpg\", \"url\": \"/uploads/small_27_9cb392b18e.jpg\", \"hash\": \"small_27_9cb392b18e\", \"mime\": \"image/jpeg\", \"name\": \"small_27.jpg\", \"path\": null, \"size\": 11.59, \"width\": 500, \"height\": 333}, \"medium\": {\"ext\": \".jpg\", \"url\": \"/uploads/medium_27_9cb392b18e.jpg\", \"hash\": \"medium_27_9cb392b18e\", \"mime\": \"image/jpeg\", \"name\": \"medium_27.jpg\", \"path\": null, \"size\": 23.12, \"width\": 750, \"height\": 500}, \"thumbnail\": {\"ext\": \".jpg\", \"url\": \"/uploads/thumbnail_27_9cb392b18e.jpg\", \"hash\": \"thumbnail_27_9cb392b18e\", \"mime\": \"image/jpeg\", \"name\": \"thumbnail_27.jpg\", \"path\": null, \"size\": 3.52, \"width\": 234, \"height\": 156}}','27_9cb392b18e','.jpg','image/jpeg',277.93,'/uploads/27_9cb392b18e.jpg',NULL,'local',NULL,'/','2022-10-29 09:08:52.280000','2022-10-29 09:08:52.280000',1,1),(11,'17.jpg','17.jpg','17.jpg',3000,2000,'{\"large\": {\"ext\": \".jpg\", \"url\": \"/uploads/large_17_f030bad831.jpg\", \"hash\": \"large_17_f030bad831\", \"mime\": \"image/jpeg\", \"name\": \"large_17.jpg\", \"path\": null, \"size\": 40.08, \"width\": 1000, \"height\": 667}, \"small\": {\"ext\": \".jpg\", \"url\": \"/uploads/small_17_f030bad831.jpg\", \"hash\": \"small_17_f030bad831\", \"mime\": \"image/jpeg\", \"name\": \"small_17.jpg\", \"path\": null, \"size\": 14.92, \"width\": 500, \"height\": 333}, \"medium\": {\"ext\": \".jpg\", \"url\": \"/uploads/medium_17_f030bad831.jpg\", \"hash\": \"medium_17_f030bad831\", \"mime\": \"image/jpeg\", \"name\": \"medium_17.jpg\", \"path\": null, \"size\": 26.48, \"width\": 750, \"height\": 500}, \"thumbnail\": {\"ext\": \".jpg\", \"url\": \"/uploads/thumbnail_17_f030bad831.jpg\", \"hash\": \"thumbnail_17_f030bad831\", \"mime\": \"image/jpeg\", \"name\": \"thumbnail_17.jpg\", \"path\": null, \"size\": 5.39, \"width\": 234, \"height\": 156}}','17_f030bad831','.jpg','image/jpeg',237.98,'/uploads/17_f030bad831.jpg',NULL,'local',NULL,'/','2022-10-29 09:08:53.125000','2022-10-29 09:08:53.125000',1,1),(12,'69H-bandw.jpg','69H-bandw.jpg','69H-bandw.jpg',4000,2667,'{\"large\": {\"ext\": \".jpg\", \"url\": \"/uploads/large_69_H_bandw_4a23944f23.jpg\", \"hash\": \"large_69_H_bandw_4a23944f23\", \"mime\": \"image/jpeg\", \"name\": \"large_69H-bandw.jpg\", \"path\": null, \"size\": 43.32, \"width\": 1000, \"height\": 667}, \"small\": {\"ext\": \".jpg\", \"url\": \"/uploads/small_69_H_bandw_4a23944f23.jpg\", \"hash\": \"small_69_H_bandw_4a23944f23\", \"mime\": \"image/jpeg\", \"name\": \"small_69H-bandw.jpg\", \"path\": null, \"size\": 15.93, \"width\": 500, \"height\": 333}, \"medium\": {\"ext\": \".jpg\", \"url\": \"/uploads/medium_69_H_bandw_4a23944f23.jpg\", \"hash\": \"medium_69_H_bandw_4a23944f23\", \"mime\": \"image/jpeg\", \"name\": \"medium_69H-bandw.jpg\", \"path\": null, \"size\": 28.12, \"width\": 750, \"height\": 500}, \"thumbnail\": {\"ext\": \".jpg\", \"url\": \"/uploads/thumbnail_69_H_bandw_4a23944f23.jpg\", \"hash\": \"thumbnail_69_H_bandw_4a23944f23\", \"mime\": \"image/jpeg\", \"name\": \"thumbnail_69H-bandw.jpg\", \"path\": null, \"size\": 5.78, \"width\": 234, \"height\": 156}}','69_H_bandw_4a23944f23','.jpg','image/jpeg',891.44,'/uploads/69_H_bandw_4a23944f23.jpg',NULL,'local',NULL,'/','2022-10-29 09:09:12.787000','2022-10-29 09:09:12.787000',1,1),(13,'92H (1).jpg','92H (1).jpg','92H (1).jpg',5291,3527,'{\"large\": {\"ext\": \".jpg\", \"url\": \"/uploads/large_92_H_1_1586b39a9e.jpg\", \"hash\": \"large_92_H_1_1586b39a9e\", \"mime\": \"image/jpeg\", \"name\": \"large_92H (1).jpg\", \"path\": null, \"size\": 111.29, \"width\": 1000, \"height\": 666}, \"small\": {\"ext\": \".jpg\", \"url\": \"/uploads/small_92_H_1_1586b39a9e.jpg\", \"hash\": \"small_92_H_1_1586b39a9e\", \"mime\": \"image/jpeg\", \"name\": \"small_92H (1).jpg\", \"path\": null, \"size\": 31.85, \"width\": 500, \"height\": 333}, \"medium\": {\"ext\": \".jpg\", \"url\": \"/uploads/medium_92_H_1_1586b39a9e.jpg\", \"hash\": \"medium_92_H_1_1586b39a9e\", \"mime\": \"image/jpeg\", \"name\": \"medium_92H (1).jpg\", \"path\": null, \"size\": 66.67, \"width\": 750, \"height\": 500}, \"thumbnail\": {\"ext\": \".jpg\", \"url\": \"/uploads/thumbnail_92_H_1_1586b39a9e.jpg\", \"hash\": \"thumbnail_92_H_1_1586b39a9e\", \"mime\": \"image/jpeg\", \"name\": \"thumbnail_92H (1).jpg\", \"path\": null, \"size\": 8.66, \"width\": 234, \"height\": 156}}','92_H_1_1586b39a9e','.jpg','image/jpeg',3204.32,'/uploads/92_H_1_1586b39a9e.jpg',NULL,'local',NULL,'/','2022-10-29 09:09:16.681000','2022-10-29 09:09:16.681000',1,1),(14,'159H (1).jpg','159H (1).jpg','159H (1).jpg',6000,4000,'{\"large\": {\"ext\": \".jpg\", \"url\": \"/uploads/large_159_H_1_a73ad39985.jpg\", \"hash\": \"large_159_H_1_a73ad39985\", \"mime\": \"image/jpeg\", \"name\": \"large_159H (1).jpg\", \"path\": null, \"size\": 163.28, \"width\": 1000, \"height\": 667}, \"small\": {\"ext\": \".jpg\", \"url\": \"/uploads/small_159_H_1_a73ad39985.jpg\", \"hash\": \"small_159_H_1_a73ad39985\", \"mime\": \"image/jpeg\", \"name\": \"small_159H (1).jpg\", \"path\": null, \"size\": 49.93, \"width\": 500, \"height\": 333}, \"medium\": {\"ext\": \".jpg\", \"url\": \"/uploads/medium_159_H_1_a73ad39985.jpg\", \"hash\": \"medium_159_H_1_a73ad39985\", \"mime\": \"image/jpeg\", \"name\": \"medium_159H (1).jpg\", \"path\": null, \"size\": 101.98, \"width\": 750, \"height\": 500}, \"thumbnail\": {\"ext\": \".jpg\", \"url\": \"/uploads/thumbnail_159_H_1_a73ad39985.jpg\", \"hash\": \"thumbnail_159_H_1_a73ad39985\", \"mime\": \"image/jpeg\", \"name\": \"thumbnail_159H (1).jpg\", \"path\": null, \"size\": 13.07, \"width\": 234, \"height\": 156}}','159_H_1_a73ad39985','.jpg','image/jpeg',2965.34,'/uploads/159_H_1_a73ad39985.jpg',NULL,'local',NULL,'/','2022-10-29 09:09:21.699000','2022-10-29 09:09:21.699000',1,1),(15,'77H.jpg','77H.jpg','77H.jpg',6000,4000,'{\"large\": {\"ext\": \".jpg\", \"url\": \"/uploads/large_77_H_fc29b9e485.jpg\", \"hash\": \"large_77_H_fc29b9e485\", \"mime\": \"image/jpeg\", \"name\": \"large_77H.jpg\", \"path\": null, \"size\": 111.34, \"width\": 1000, \"height\": 667}, \"small\": {\"ext\": \".jpg\", \"url\": \"/uploads/small_77_H_fc29b9e485.jpg\", \"hash\": \"small_77_H_fc29b9e485\", \"mime\": \"image/jpeg\", \"name\": \"small_77H.jpg\", \"path\": null, \"size\": 36.19, \"width\": 500, \"height\": 333}, \"medium\": {\"ext\": \".jpg\", \"url\": \"/uploads/medium_77_H_fc29b9e485.jpg\", \"hash\": \"medium_77_H_fc29b9e485\", \"mime\": \"image/jpeg\", \"name\": \"medium_77H.jpg\", \"path\": null, \"size\": 71.13, \"width\": 750, \"height\": 500}, \"thumbnail\": {\"ext\": \".jpg\", \"url\": \"/uploads/thumbnail_77_H_fc29b9e485.jpg\", \"hash\": \"thumbnail_77_H_fc29b9e485\", \"mime\": \"image/jpeg\", \"name\": \"thumbnail_77H.jpg\", \"path\": null, \"size\": 10.28, \"width\": 234, \"height\": 156}}','77_H_fc29b9e485','.jpg','image/jpeg',3803.70,'/uploads/77_H_fc29b9e485.jpg',NULL,'local',NULL,'/','2022-10-29 09:09:22.635000','2022-10-29 09:09:22.635000',1,1),(16,'69H (1).jpg','69H (1).jpg','69H (1).jpg',6000,4000,'{\"large\": {\"ext\": \".jpg\", \"url\": \"/uploads/large_69_H_1_0f606f4c96.jpg\", \"hash\": \"large_69_H_1_0f606f4c96\", \"mime\": \"image/jpeg\", \"name\": \"large_69H (1).jpg\", \"path\": null, \"size\": 50.54, \"width\": 1000, \"height\": 667}, \"small\": {\"ext\": \".jpg\", \"url\": \"/uploads/small_69_H_1_0f606f4c96.jpg\", \"hash\": \"small_69_H_1_0f606f4c96\", \"mime\": \"image/jpeg\", \"name\": \"small_69H (1).jpg\", \"path\": null, \"size\": 18.54, \"width\": 500, \"height\": 333}, \"medium\": {\"ext\": \".jpg\", \"url\": \"/uploads/medium_69_H_1_0f606f4c96.jpg\", \"hash\": \"medium_69_H_1_0f606f4c96\", \"mime\": \"image/jpeg\", \"name\": \"medium_69H (1).jpg\", \"path\": null, \"size\": 32.89, \"width\": 750, \"height\": 500}, \"thumbnail\": {\"ext\": \".jpg\", \"url\": \"/uploads/thumbnail_69_H_1_0f606f4c96.jpg\", \"hash\": \"thumbnail_69_H_1_0f606f4c96\", \"mime\": \"image/jpeg\", \"name\": \"thumbnail_69H (1).jpg\", \"path\": null, \"size\": 6.63, \"width\": 234, \"height\": 156}}','69_H_1_0f606f4c96','.jpg','image/jpeg',3544.55,'/uploads/69_H_1_0f606f4c96.jpg',NULL,'local',NULL,'/','2022-10-29 09:09:23.900000','2022-10-29 09:09:23.900000',1,1),(17,'205H.jpg','205H.jpg','205H.jpg',3551,2368,'{\"large\": {\"ext\": \".jpg\", \"url\": \"/uploads/large_205_H_334fe3ca01.jpg\", \"hash\": \"large_205_H_334fe3ca01\", \"mime\": \"image/jpeg\", \"name\": \"large_205H.jpg\", \"path\": null, \"size\": 76.71, \"width\": 1000, \"height\": 667}, \"small\": {\"ext\": \".jpg\", \"url\": \"/uploads/small_205_H_334fe3ca01.jpg\", \"hash\": \"small_205_H_334fe3ca01\", \"mime\": \"image/jpeg\", \"name\": \"small_205H.jpg\", \"path\": null, \"size\": 20.61, \"width\": 500, \"height\": 334}, \"medium\": {\"ext\": \".jpg\", \"url\": \"/uploads/medium_205_H_334fe3ca01.jpg\", \"hash\": \"medium_205_H_334fe3ca01\", \"mime\": \"image/jpeg\", \"name\": \"medium_205H.jpg\", \"path\": null, \"size\": 44.57, \"width\": 750, \"height\": 500}, \"thumbnail\": {\"ext\": \".jpg\", \"url\": \"/uploads/thumbnail_205_H_334fe3ca01.jpg\", \"hash\": \"thumbnail_205_H_334fe3ca01\", \"mime\": \"image/jpeg\", \"name\": \"thumbnail_205H.jpg\", \"path\": null, \"size\": 5.59, \"width\": 233, \"height\": 156}}','205_H_334fe3ca01','.jpg','image/jpeg',794.21,'/uploads/205_H_334fe3ca01.jpg',NULL,'local',NULL,'/','2022-10-29 09:09:24.082000','2022-10-29 09:09:24.082000',1,1),(18,'0165574c.jpg','0165574c.jpg','0165574c.jpg',4096,2305,'{\"large\": {\"ext\": \".jpg\", \"url\": \"/uploads/large_0165574c_b0b71eda98.jpg\", \"hash\": \"large_0165574c_b0b71eda98\", \"mime\": \"image/jpeg\", \"name\": \"large_0165574c.jpg\", \"path\": null, \"size\": 102.45, \"width\": 1000, \"height\": 563}, \"small\": {\"ext\": \".jpg\", \"url\": \"/uploads/small_0165574c_b0b71eda98.jpg\", \"hash\": \"small_0165574c_b0b71eda98\", \"mime\": \"image/jpeg\", \"name\": \"small_0165574c.jpg\", \"path\": null, \"size\": 31.51, \"width\": 500, \"height\": 281}, \"medium\": {\"ext\": \".jpg\", \"url\": \"/uploads/medium_0165574c_b0b71eda98.jpg\", \"hash\": \"medium_0165574c_b0b71eda98\", \"mime\": \"image/jpeg\", \"name\": \"medium_0165574c.jpg\", \"path\": null, \"size\": 61.68, \"width\": 750, \"height\": 422}, \"thumbnail\": {\"ext\": \".jpg\", \"url\": \"/uploads/thumbnail_0165574c_b0b71eda98.jpg\", \"hash\": \"thumbnail_0165574c_b0b71eda98\", \"mime\": \"image/jpeg\", \"name\": \"thumbnail_0165574c.jpg\", \"path\": null, \"size\": 9.11, \"width\": 245, \"height\": 138}}','0165574c_b0b71eda98','.jpg','image/jpeg',1054.52,'/uploads/0165574c_b0b71eda98.jpg',NULL,'local',NULL,'/','2022-10-29 09:09:29.290000','2022-10-29 09:09:29.290000',1,1),(19,'182H.jpg','182H.jpg','182H.jpg',5472,3648,'{\"large\": {\"ext\": \".jpg\", \"url\": \"/uploads/large_182_H_cadac3bcd6.jpg\", \"hash\": \"large_182_H_cadac3bcd6\", \"mime\": \"image/jpeg\", \"name\": \"large_182H.jpg\", \"path\": null, \"size\": 140.22, \"width\": 1000, \"height\": 667}, \"small\": {\"ext\": \".jpg\", \"url\": \"/uploads/small_182_H_cadac3bcd6.jpg\", \"hash\": \"small_182_H_cadac3bcd6\", \"mime\": \"image/jpeg\", \"name\": \"small_182H.jpg\", \"path\": null, \"size\": 37.49, \"width\": 500, \"height\": 333}, \"medium\": {\"ext\": \".jpg\", \"url\": \"/uploads/medium_182_H_cadac3bcd6.jpg\", \"hash\": \"medium_182_H_cadac3bcd6\", \"mime\": \"image/jpeg\", \"name\": \"medium_182H.jpg\", \"path\": null, \"size\": 82.26, \"width\": 750, \"height\": 500}, \"thumbnail\": {\"ext\": \".jpg\", \"url\": \"/uploads/thumbnail_182_H_cadac3bcd6.jpg\", \"hash\": \"thumbnail_182_H_cadac3bcd6\", \"mime\": \"image/jpeg\", \"name\": \"thumbnail_182H.jpg\", \"path\": null, \"size\": 9.49, \"width\": 234, \"height\": 156}}','182_H_cadac3bcd6','.jpg','image/jpeg',3493.68,'/uploads/182_H_cadac3bcd6.jpg',NULL,'local',NULL,'/','2022-10-29 09:09:43.042000','2022-10-29 09:09:43.042000',1,1),(20,'178H.jpg','178H.jpg','178H.jpg',5288,3526,'{\"large\": {\"ext\": \".jpg\", \"url\": \"/uploads/large_178_H_82eb535886.jpg\", \"hash\": \"large_178_H_82eb535886\", \"mime\": \"image/jpeg\", \"name\": \"large_178H.jpg\", \"path\": null, \"size\": 116.36, \"width\": 1000, \"height\": 666}, \"small\": {\"ext\": \".jpg\", \"url\": \"/uploads/small_178_H_82eb535886.jpg\", \"hash\": \"small_178_H_82eb535886\", \"mime\": \"image/jpeg\", \"name\": \"small_178H.jpg\", \"path\": null, \"size\": 29.56, \"width\": 500, \"height\": 333}, \"medium\": {\"ext\": \".jpg\", \"url\": \"/uploads/medium_178_H_82eb535886.jpg\", \"hash\": \"medium_178_H_82eb535886\", \"mime\": \"image/jpeg\", \"name\": \"medium_178H.jpg\", \"path\": null, \"size\": 65.36, \"width\": 750, \"height\": 500}, \"thumbnail\": {\"ext\": \".jpg\", \"url\": \"/uploads/thumbnail_178_H_82eb535886.jpg\", \"hash\": \"thumbnail_178_H_82eb535886\", \"mime\": \"image/jpeg\", \"name\": \"thumbnail_178H.jpg\", \"path\": null, \"size\": 8.1, \"width\": 234, \"height\": 156}}','178_H_82eb535886','.jpg','image/jpeg',6211.42,'/uploads/178_H_82eb535886.jpg',NULL,'local',NULL,'/','2022-10-29 09:09:44.634000','2022-10-29 09:09:44.634000',1,1),(21,'aOcWqRTfQ12uwr3wWevA_14401305508_804b300054_o.jpg','aOcWqRTfQ12uwr3wWevA_14401305508_804b300054_o.jpg','aOcWqRTfQ12uwr3wWevA_14401305508_804b300054_o.jpg',4928,3264,'{\"large\": {\"ext\": \".jpg\", \"url\": \"/uploads/large_a_Oc_Wq_R_Tf_Q12uwr3w_Wev_A_14401305508_804b300054_o_6f33332901.jpg\", \"hash\": \"large_a_Oc_Wq_R_Tf_Q12uwr3w_Wev_A_14401305508_804b300054_o_6f33332901\", \"mime\": \"image/jpeg\", \"name\": \"large_aOcWqRTfQ12uwr3wWevA_14401305508_804b300054_o.jpg\", \"path\": null, \"size\": 25.18, \"width\": 1000, \"height\": 662}, \"small\": {\"ext\": \".jpg\", \"url\": \"/uploads/small_a_Oc_Wq_R_Tf_Q12uwr3w_Wev_A_14401305508_804b300054_o_6f33332901.jpg\", \"hash\": \"small_a_Oc_Wq_R_Tf_Q12uwr3w_Wev_A_14401305508_804b300054_o_6f33332901\", \"mime\": \"image/jpeg\", \"name\": \"small_aOcWqRTfQ12uwr3wWevA_14401305508_804b300054_o.jpg\", \"path\": null, \"size\": 8.43, \"width\": 500, \"height\": 331}, \"medium\": {\"ext\": \".jpg\", \"url\": \"/uploads/medium_a_Oc_Wq_R_Tf_Q12uwr3w_Wev_A_14401305508_804b300054_o_6f33332901.jpg\", \"hash\": \"medium_a_Oc_Wq_R_Tf_Q12uwr3w_Wev_A_14401305508_804b300054_o_6f33332901\", \"mime\": \"image/jpeg\", \"name\": \"medium_aOcWqRTfQ12uwr3wWevA_14401305508_804b300054_o.jpg\", \"path\": null, \"size\": 16, \"width\": 750, \"height\": 497}, \"thumbnail\": {\"ext\": \".jpg\", \"url\": \"/uploads/thumbnail_a_Oc_Wq_R_Tf_Q12uwr3w_Wev_A_14401305508_804b300054_o_6f33332901.jpg\", \"hash\": \"thumbnail_a_Oc_Wq_R_Tf_Q12uwr3w_Wev_A_14401305508_804b300054_o_6f33332901\", \"mime\": \"image/jpeg\", \"name\": \"thumbnail_aOcWqRTfQ12uwr3wWevA_14401305508_804b300054_o.jpg\", \"path\": null, \"size\": 2.93, \"width\": 236, \"height\": 156}}','a_Oc_Wq_R_Tf_Q12uwr3w_Wev_A_14401305508_804b300054_o_6f33332901','.jpg','image/jpeg',386.36,'/uploads/a_Oc_Wq_R_Tf_Q12uwr3w_Wev_A_14401305508_804b300054_o_6f33332901.jpg',NULL,'local',NULL,'/','2022-10-29 09:09:45.579000','2022-10-29 09:09:45.579000',1,1),(22,'7562527b.jpg','7562527b.jpg','7562527b.jpg',5184,3456,'{\"large\": {\"ext\": \".jpg\", \"url\": \"/uploads/large_7562527b_8a34551c33.jpg\", \"hash\": \"large_7562527b_8a34551c33\", \"mime\": \"image/jpeg\", \"name\": \"large_7562527b.jpg\", \"path\": null, \"size\": 60.77, \"width\": 1000, \"height\": 667}, \"small\": {\"ext\": \".jpg\", \"url\": \"/uploads/small_7562527b_8a34551c33.jpg\", \"hash\": \"small_7562527b_8a34551c33\", \"mime\": \"image/jpeg\", \"name\": \"small_7562527b.jpg\", \"path\": null, \"size\": 17.07, \"width\": 500, \"height\": 333}, \"medium\": {\"ext\": \".jpg\", \"url\": \"/uploads/medium_7562527b_8a34551c33.jpg\", \"hash\": \"medium_7562527b_8a34551c33\", \"mime\": \"image/jpeg\", \"name\": \"medium_7562527b.jpg\", \"path\": null, \"size\": 35.81, \"width\": 750, \"height\": 500}, \"thumbnail\": {\"ext\": \".jpg\", \"url\": \"/uploads/thumbnail_7562527b_8a34551c33.jpg\", \"hash\": \"thumbnail_7562527b_8a34551c33\", \"mime\": \"image/jpeg\", \"name\": \"thumbnail_7562527b.jpg\", \"path\": null, \"size\": 4.97, \"width\": 234, \"height\": 156}}','7562527b_8a34551c33','.jpg','image/jpeg',2203.68,'/uploads/7562527b_8a34551c33.jpg',NULL,'local',NULL,'/','2022-10-29 09:09:50.371000','2022-10-29 09:09:50.371000',1,1),(23,'apple-iphone-books-desk.jpg','apple-iphone-books-desk.jpg','apple-iphone-books-desk.jpg',3670,2462,'{\"large\": {\"ext\": \".jpg\", \"url\": \"/uploads/large_apple_iphone_books_desk_7619d655e7.jpg\", \"hash\": \"large_apple_iphone_books_desk_7619d655e7\", \"mime\": \"image/jpeg\", \"name\": \"large_apple-iphone-books-desk.jpg\", \"path\": null, \"size\": 89.15, \"width\": 1000, \"height\": 671}, \"small\": {\"ext\": \".jpg\", \"url\": \"/uploads/small_apple_iphone_books_desk_7619d655e7.jpg\", \"hash\": \"small_apple_iphone_books_desk_7619d655e7\", \"mime\": \"image/jpeg\", \"name\": \"small_apple-iphone-books-desk.jpg\", \"path\": null, \"size\": 29.6, \"width\": 500, \"height\": 335}, \"medium\": {\"ext\": \".jpg\", \"url\": \"/uploads/medium_apple_iphone_books_desk_7619d655e7.jpg\", \"hash\": \"medium_apple_iphone_books_desk_7619d655e7\", \"mime\": \"image/jpeg\", \"name\": \"medium_apple-iphone-books-desk.jpg\", \"path\": null, \"size\": 56.58, \"width\": 750, \"height\": 503}, \"thumbnail\": {\"ext\": \".jpg\", \"url\": \"/uploads/thumbnail_apple_iphone_books_desk_7619d655e7.jpg\", \"hash\": \"thumbnail_apple_iphone_books_desk_7619d655e7\", \"mime\": \"image/jpeg\", \"name\": \"thumbnail_apple-iphone-books-desk.jpg\", \"path\": null, \"size\": 8.76, \"width\": 233, \"height\": 156}}','apple_iphone_books_desk_7619d655e7','.jpg','image/jpeg',945.09,'/uploads/apple_iphone_books_desk_7619d655e7.jpg',NULL,'local',NULL,'/','2022-10-29 09:09:51.459000','2022-10-29 09:09:51.459000',1,1),(24,'books-bookshop-magazines.jpg','books-bookshop-magazines.jpg','books-bookshop-magazines.jpg',5760,3840,'{\"large\": {\"ext\": \".jpg\", \"url\": \"/uploads/large_books_bookshop_magazines_50abfb323f.jpg\", \"hash\": \"large_books_bookshop_magazines_50abfb323f\", \"mime\": \"image/jpeg\", \"name\": \"large_books-bookshop-magazines.jpg\", \"path\": null, \"size\": 94.73, \"width\": 1000, \"height\": 667}, \"small\": {\"ext\": \".jpg\", \"url\": \"/uploads/small_books_bookshop_magazines_50abfb323f.jpg\", \"hash\": \"small_books_bookshop_magazines_50abfb323f\", \"mime\": \"image/jpeg\", \"name\": \"small_books-bookshop-magazines.jpg\", \"path\": null, \"size\": 35.45, \"width\": 500, \"height\": 333}, \"medium\": {\"ext\": \".jpg\", \"url\": \"/uploads/medium_books_bookshop_magazines_50abfb323f.jpg\", \"hash\": \"medium_books_bookshop_magazines_50abfb323f\", \"mime\": \"image/jpeg\", \"name\": \"medium_books-bookshop-magazines.jpg\", \"path\": null, \"size\": 63.54, \"width\": 750, \"height\": 500}, \"thumbnail\": {\"ext\": \".jpg\", \"url\": \"/uploads/thumbnail_books_bookshop_magazines_50abfb323f.jpg\", \"hash\": \"thumbnail_books_bookshop_magazines_50abfb323f\", \"mime\": \"image/jpeg\", \"name\": \"thumbnail_books-bookshop-magazines.jpg\", \"path\": null, \"size\": 11.68, \"width\": 234, \"height\": 156}}','books_bookshop_magazines_50abfb323f','.jpg','image/jpeg',2041.55,'/uploads/books_bookshop_magazines_50abfb323f.jpg',NULL,'local',NULL,'/','2022-10-29 09:09:57.322000','2022-10-29 09:13:44.160000',1,1),(25,'AAP_2217.JPG','AAP_2217.JPG','AAP_2217.JPG',7360,4912,'{\"large\": {\"ext\": \".JPG\", \"url\": \"/uploads/large_AAP_2217_8a0855afa7.JPG\", \"hash\": \"large_AAP_2217_8a0855afa7\", \"mime\": \"image/jpeg\", \"name\": \"large_AAP_2217.JPG\", \"path\": null, \"size\": 86.62, \"width\": 1000, \"height\": 667}, \"small\": {\"ext\": \".JPG\", \"url\": \"/uploads/small_AAP_2217_8a0855afa7.JPG\", \"hash\": \"small_AAP_2217_8a0855afa7\", \"mime\": \"image/jpeg\", \"name\": \"small_AAP_2217.JPG\", \"path\": null, \"size\": 29.68, \"width\": 500, \"height\": 334}, \"medium\": {\"ext\": \".JPG\", \"url\": \"/uploads/medium_AAP_2217_8a0855afa7.JPG\", \"hash\": \"medium_AAP_2217_8a0855afa7\", \"mime\": \"image/jpeg\", \"name\": \"medium_AAP_2217.JPG\", \"path\": null, \"size\": 54.66, \"width\": 750, \"height\": 501}, \"thumbnail\": {\"ext\": \".JPG\", \"url\": \"/uploads/thumbnail_AAP_2217_8a0855afa7.JPG\", \"hash\": \"thumbnail_AAP_2217_8a0855afa7\", \"mime\": \"image/jpeg\", \"name\": \"thumbnail_AAP_2217.JPG\", \"path\": null, \"size\": 9.39, \"width\": 234, \"height\": 156}}','AAP_2217_8a0855afa7','.JPG','image/jpeg',2516.66,'/uploads/AAP_2217_8a0855afa7.JPG',NULL,'local',NULL,'/','2022-10-29 09:09:58.873000','2022-10-29 09:09:58.873000',1,1),(26,'Bookshelf-BarnImages.com-1.jpg','Bookshelf-BarnImages.com-1.jpg','Bookshelf-BarnImages.com-1.jpg',4734,3156,'{\"large\": {\"ext\": \".jpg\", \"url\": \"/uploads/large_Bookshelf_Barn_Images_com_1_adee14c5af.jpg\", \"hash\": \"large_Bookshelf_Barn_Images_com_1_adee14c5af\", \"mime\": \"image/jpeg\", \"name\": \"large_Bookshelf-BarnImages.com-1.jpg\", \"path\": null, \"size\": 150.04, \"width\": 1000, \"height\": 667}, \"small\": {\"ext\": \".jpg\", \"url\": \"/uploads/small_Bookshelf_Barn_Images_com_1_adee14c5af.jpg\", \"hash\": \"small_Bookshelf_Barn_Images_com_1_adee14c5af\", \"mime\": \"image/jpeg\", \"name\": \"small_Bookshelf-BarnImages.com-1.jpg\", \"path\": null, \"size\": 46.54, \"width\": 500, \"height\": 333}, \"medium\": {\"ext\": \".jpg\", \"url\": \"/uploads/medium_Bookshelf_Barn_Images_com_1_adee14c5af.jpg\", \"hash\": \"medium_Bookshelf_Barn_Images_com_1_adee14c5af\", \"mime\": \"image/jpeg\", \"name\": \"medium_Bookshelf-BarnImages.com-1.jpg\", \"path\": null, \"size\": 93.18, \"width\": 750, \"height\": 500}, \"thumbnail\": {\"ext\": \".jpg\", \"url\": \"/uploads/thumbnail_Bookshelf_Barn_Images_com_1_adee14c5af.jpg\", \"hash\": \"thumbnail_Bookshelf_Barn_Images_com_1_adee14c5af\", \"mime\": \"image/jpeg\", \"name\": \"thumbnail_Bookshelf-BarnImages.com-1.jpg\", \"path\": null, \"size\": 13.13, \"width\": 234, \"height\": 156}}','Bookshelf_Barn_Images_com_1_adee14c5af','.jpg','image/jpeg',2893.81,'/uploads/Bookshelf_Barn_Images_com_1_adee14c5af.jpg',NULL,'local',NULL,'/','2022-10-29 09:10:01.417000','2022-10-29 09:10:01.417000',1,1),(27,'coffe.jpg','coffe.jpg','coffe.jpg',4326,7048,'{\"large\": {\"ext\": \".jpg\", \"url\": \"/uploads/large_coffe_0433ca265d.jpg\", \"hash\": \"large_coffe_0433ca265d\", \"mime\": \"image/jpeg\", \"name\": \"large_coffe.jpg\", \"path\": null, \"size\": 22.82, \"width\": 614, \"height\": 1000}, \"small\": {\"ext\": \".jpg\", \"url\": \"/uploads/small_coffe_0433ca265d.jpg\", \"hash\": \"small_coffe_0433ca265d\", \"mime\": \"image/jpeg\", \"name\": \"small_coffe.jpg\", \"path\": null, \"size\": 8.28, \"width\": 306, \"height\": 500}, \"medium\": {\"ext\": \".jpg\", \"url\": \"/uploads/medium_coffe_0433ca265d.jpg\", \"hash\": \"medium_coffe_0433ca265d\", \"mime\": \"image/jpeg\", \"name\": \"medium_coffe.jpg\", \"path\": null, \"size\": 14.69, \"width\": 460, \"height\": 750}, \"thumbnail\": {\"ext\": \".jpg\", \"url\": \"/uploads/thumbnail_coffe_0433ca265d.jpg\", \"hash\": \"thumbnail_coffe_0433ca265d\", \"mime\": \"image/jpeg\", \"name\": \"thumbnail_coffe.jpg\", \"path\": null, \"size\": 1.72, \"width\": 96, \"height\": 156}}','coffe_0433ca265d','.jpg','image/jpeg',550.34,'/uploads/coffe_0433ca265d.jpg',NULL,'local',NULL,'/','2022-10-29 09:10:03.165000','2022-10-29 09:10:03.165000',1,1),(28,'icelandlatte.jpg','icelandlatte.jpg','icelandlatte.jpg',1920,1272,'{\"large\": {\"ext\": \".jpg\", \"url\": \"/uploads/large_icelandlatte_0791bf33d1.jpg\", \"hash\": \"large_icelandlatte_0791bf33d1\", \"mime\": \"image/jpeg\", \"name\": \"large_icelandlatte.jpg\", \"path\": null, \"size\": 171.77, \"width\": 1000, \"height\": 663}, \"small\": {\"ext\": \".jpg\", \"url\": \"/uploads/small_icelandlatte_0791bf33d1.jpg\", \"hash\": \"small_icelandlatte_0791bf33d1\", \"mime\": \"image/jpeg\", \"name\": \"small_icelandlatte.jpg\", \"path\": null, \"size\": 45.56, \"width\": 500, \"height\": 331}, \"medium\": {\"ext\": \".jpg\", \"url\": \"/uploads/medium_icelandlatte_0791bf33d1.jpg\", \"hash\": \"medium_icelandlatte_0791bf33d1\", \"mime\": \"image/jpeg\", \"name\": \"medium_icelandlatte.jpg\", \"path\": null, \"size\": 99.24, \"width\": 750, \"height\": 497}, \"thumbnail\": {\"ext\": \".jpg\", \"url\": \"/uploads/thumbnail_icelandlatte_0791bf33d1.jpg\", \"hash\": \"thumbnail_icelandlatte_0791bf33d1\", \"mime\": \"image/jpeg\", \"name\": \"thumbnail_icelandlatte.jpg\", \"path\": null, \"size\": 11.09, \"width\": 235, \"height\": 156}}','icelandlatte_0791bf33d1','.jpg','image/jpeg',605.57,'/uploads/icelandlatte_0791bf33d1.jpg',NULL,'local',NULL,'/','2022-10-29 09:10:10.239000','2022-10-29 09:10:10.239000',1,1),(29,'coffee-cup-desk-pen.jpg','coffee-cup-desk-pen.jpg','coffee-cup-desk-pen.jpg',5472,3648,'{\"large\": {\"ext\": \".jpg\", \"url\": \"/uploads/large_coffee_cup_desk_pen_3e45c3ba50.jpg\", \"hash\": \"large_coffee_cup_desk_pen_3e45c3ba50\", \"mime\": \"image/jpeg\", \"name\": \"large_coffee-cup-desk-pen.jpg\", \"path\": null, \"size\": 60.57, \"width\": 1000, \"height\": 667}, \"small\": {\"ext\": \".jpg\", \"url\": \"/uploads/small_coffee_cup_desk_pen_3e45c3ba50.jpg\", \"hash\": \"small_coffee_cup_desk_pen_3e45c3ba50\", \"mime\": \"image/jpeg\", \"name\": \"small_coffee-cup-desk-pen.jpg\", \"path\": null, \"size\": 22.77, \"width\": 500, \"height\": 333}, \"medium\": {\"ext\": \".jpg\", \"url\": \"/uploads/medium_coffee_cup_desk_pen_3e45c3ba50.jpg\", \"hash\": \"medium_coffee_cup_desk_pen_3e45c3ba50\", \"mime\": \"image/jpeg\", \"name\": \"medium_coffee-cup-desk-pen.jpg\", \"path\": null, \"size\": 40.46, \"width\": 750, \"height\": 500}, \"thumbnail\": {\"ext\": \".jpg\", \"url\": \"/uploads/thumbnail_coffee_cup_desk_pen_3e45c3ba50.jpg\", \"hash\": \"thumbnail_coffee_cup_desk_pen_3e45c3ba50\", \"mime\": \"image/jpeg\", \"name\": \"thumbnail_coffee-cup-desk-pen.jpg\", \"path\": null, \"size\": 8.01, \"width\": 234, \"height\": 156}}','coffee_cup_desk_pen_3e45c3ba50','.jpg','image/jpeg',794.83,'/uploads/coffee_cup_desk_pen_3e45c3ba50.jpg',NULL,'local',NULL,'/','2022-10-29 09:10:16.227000','2022-10-29 09:10:16.227000',1,1),(30,'d5e1ad1d.jpg','d5e1ad1d.jpg','d5e1ad1d.jpg',5184,3456,'{\"large\": {\"ext\": \".jpg\", \"url\": \"/uploads/large_d5e1ad1d_29577edab4.jpg\", \"hash\": \"large_d5e1ad1d_29577edab4\", \"mime\": \"image/jpeg\", \"name\": \"large_d5e1ad1d.jpg\", \"path\": null, \"size\": 62.26, \"width\": 1000, \"height\": 667}, \"small\": {\"ext\": \".jpg\", \"url\": \"/uploads/small_d5e1ad1d_29577edab4.jpg\", \"hash\": \"small_d5e1ad1d_29577edab4\", \"mime\": \"image/jpeg\", \"name\": \"small_d5e1ad1d.jpg\", \"path\": null, \"size\": 19.97, \"width\": 500, \"height\": 333}, \"medium\": {\"ext\": \".jpg\", \"url\": \"/uploads/medium_d5e1ad1d_29577edab4.jpg\", \"hash\": \"medium_d5e1ad1d_29577edab4\", \"mime\": \"image/jpeg\", \"name\": \"medium_d5e1ad1d.jpg\", \"path\": null, \"size\": 39.14, \"width\": 750, \"height\": 500}, \"thumbnail\": {\"ext\": \".jpg\", \"url\": \"/uploads/thumbnail_d5e1ad1d_29577edab4.jpg\", \"hash\": \"thumbnail_d5e1ad1d_29577edab4\", \"mime\": \"image/jpeg\", \"name\": \"thumbnail_d5e1ad1d.jpg\", \"path\": null, \"size\": 6.2, \"width\": 234, \"height\": 156}}','d5e1ad1d_29577edab4','.jpg','image/jpeg',1364.38,'/uploads/d5e1ad1d_29577edab4.jpg',NULL,'local',NULL,'/','2022-10-29 09:10:23.328000','2022-10-29 09:10:23.328000',1,1),(31,'building.jpg','building.jpg','building.jpg',5434,3623,'{\"large\": {\"ext\": \".jpg\", \"url\": \"/uploads/large_building_1c0bf195cd.jpg\", \"hash\": \"large_building_1c0bf195cd\", \"mime\": \"image/jpeg\", \"name\": \"large_building.jpg\", \"path\": null, \"size\": 83.74, \"width\": 1000, \"height\": 666}, \"small\": {\"ext\": \".jpg\", \"url\": \"/uploads/small_building_1c0bf195cd.jpg\", \"hash\": \"small_building_1c0bf195cd\", \"mime\": \"image/jpeg\", \"name\": \"small_building.jpg\", \"path\": null, \"size\": 25.03, \"width\": 500, \"height\": 333}, \"medium\": {\"ext\": \".jpg\", \"url\": \"/uploads/medium_building_1c0bf195cd.jpg\", \"hash\": \"medium_building_1c0bf195cd\", \"mime\": \"image/jpeg\", \"name\": \"medium_building.jpg\", \"path\": null, \"size\": 50.83, \"width\": 750, \"height\": 500}, \"thumbnail\": {\"ext\": \".jpg\", \"url\": \"/uploads/thumbnail_building_1c0bf195cd.jpg\", \"hash\": \"thumbnail_building_1c0bf195cd\", \"mime\": \"image/jpeg\", \"name\": \"thumbnail_building.jpg\", \"path\": null, \"size\": 7.05, \"width\": 234, \"height\": 156}}','building_1c0bf195cd','.jpg','image/jpeg',2190.24,'/uploads/building_1c0bf195cd.jpg',NULL,'local',NULL,'/','2022-10-29 09:10:24.706000','2022-10-29 09:10:24.706000',1,1),(32,'irish-hands.jpg','irish-hands.jpg','irish-hands.jpg',5616,3744,'{\"large\": {\"ext\": \".jpg\", \"url\": \"/uploads/large_irish_hands_297dee95a5.jpg\", \"hash\": \"large_irish_hands_297dee95a5\", \"mime\": \"image/jpeg\", \"name\": \"large_irish-hands.jpg\", \"path\": null, \"size\": 53.63, \"width\": 1000, \"height\": 667}, \"small\": {\"ext\": \".jpg\", \"url\": \"/uploads/small_irish_hands_297dee95a5.jpg\", \"hash\": \"small_irish_hands_297dee95a5\", \"mime\": \"image/jpeg\", \"name\": \"small_irish-hands.jpg\", \"path\": null, \"size\": 18.98, \"width\": 500, \"height\": 333}, \"medium\": {\"ext\": \".jpg\", \"url\": \"/uploads/medium_irish_hands_297dee95a5.jpg\", \"hash\": \"medium_irish_hands_297dee95a5\", \"mime\": \"image/jpeg\", \"name\": \"medium_irish-hands.jpg\", \"path\": null, \"size\": 34.95, \"width\": 750, \"height\": 500}, \"thumbnail\": {\"ext\": \".jpg\", \"url\": \"/uploads/thumbnail_irish_hands_297dee95a5.jpg\", \"hash\": \"thumbnail_irish_hands_297dee95a5\", \"mime\": \"image/jpeg\", \"name\": \"thumbnail_irish-hands.jpg\", \"path\": null, \"size\": 6.5, \"width\": 234, \"height\": 156}}','irish_hands_297dee95a5','.jpg','image/jpeg',998.40,'/uploads/irish_hands_297dee95a5.jpg',NULL,'local',NULL,'/','2022-10-29 09:10:26.916000','2022-10-29 09:10:26.916000',1,1),(33,'kIlSDateSiyn420ZmgjA_IMG_3768.JPG','kIlSDateSiyn420ZmgjA_IMG_3768.JPG','kIlSDateSiyn420ZmgjA_IMG_3768.JPG',3264,2448,'{\"large\": {\"ext\": \".JPG\", \"url\": \"/uploads/large_k_Il_S_Date_Siyn420_Zmgj_A_IMG_3768_642188b118.JPG\", \"hash\": \"large_k_Il_S_Date_Siyn420_Zmgj_A_IMG_3768_642188b118\", \"mime\": \"image/jpeg\", \"name\": \"large_kIlSDateSiyn420ZmgjA_IMG_3768.JPG\", \"path\": null, \"size\": 83.52, \"width\": 1000, \"height\": 750}, \"small\": {\"ext\": \".JPG\", \"url\": \"/uploads/small_k_Il_S_Date_Siyn420_Zmgj_A_IMG_3768_642188b118.JPG\", \"hash\": \"small_k_Il_S_Date_Siyn420_Zmgj_A_IMG_3768_642188b118\", \"mime\": \"image/jpeg\", \"name\": \"small_kIlSDateSiyn420ZmgjA_IMG_3768.JPG\", \"path\": null, \"size\": 23.82, \"width\": 500, \"height\": 375}, \"medium\": {\"ext\": \".JPG\", \"url\": \"/uploads/medium_k_Il_S_Date_Siyn420_Zmgj_A_IMG_3768_642188b118.JPG\", \"hash\": \"medium_k_Il_S_Date_Siyn420_Zmgj_A_IMG_3768_642188b118\", \"mime\": \"image/jpeg\", \"name\": \"medium_kIlSDateSiyn420ZmgjA_IMG_3768.JPG\", \"path\": null, \"size\": 49.93, \"width\": 750, \"height\": 563}, \"thumbnail\": {\"ext\": \".JPG\", \"url\": \"/uploads/thumbnail_k_Il_S_Date_Siyn420_Zmgj_A_IMG_3768_642188b118.JPG\", \"hash\": \"thumbnail_k_Il_S_Date_Siyn420_Zmgj_A_IMG_3768_642188b118\", \"mime\": \"image/jpeg\", \"name\": \"thumbnail_kIlSDateSiyn420ZmgjA_IMG_3768.JPG\", \"path\": null, \"size\": 5.35, \"width\": 208, \"height\": 156}}','k_Il_S_Date_Siyn420_Zmgj_A_IMG_3768_642188b118','.JPG','image/jpeg',722.75,'/uploads/k_Il_S_Date_Siyn420_Zmgj_A_IMG_3768_642188b118.JPG',NULL,'local',NULL,'/','2022-10-29 09:10:27.916000','2022-10-29 09:10:27.916000',1,1),(34,'m6rT4MYFQ7CT8j9m2AEC_JakeGivens - Sunset in the Park.JPG','m6rT4MYFQ7CT8j9m2AEC_JakeGivens - Sunset in the Park.JPG','m6rT4MYFQ7CT8j9m2AEC_JakeGivens - Sunset in the Park.JPG',2310,1534,'{\"large\": {\"ext\": \".JPG\", \"url\": \"/uploads/large_m6r_T4_MYFQ_7_CT_8j9m2_AEC_Jake_Givens_Sunset_in_the_Park_7b474a2324.JPG\", \"hash\": \"large_m6r_T4_MYFQ_7_CT_8j9m2_AEC_Jake_Givens_Sunset_in_the_Park_7b474a2324\", \"mime\": \"image/jpeg\", \"name\": \"large_m6rT4MYFQ7CT8j9m2AEC_JakeGivens - Sunset in the Park.JPG\", \"path\": null, \"size\": 54.11, \"width\": 1000, \"height\": 664}, \"small\": {\"ext\": \".JPG\", \"url\": \"/uploads/small_m6r_T4_MYFQ_7_CT_8j9m2_AEC_Jake_Givens_Sunset_in_the_Park_7b474a2324.JPG\", \"hash\": \"small_m6r_T4_MYFQ_7_CT_8j9m2_AEC_Jake_Givens_Sunset_in_the_Park_7b474a2324\", \"mime\": \"image/jpeg\", \"name\": \"small_m6rT4MYFQ7CT8j9m2AEC_JakeGivens - Sunset in the Park.JPG\", \"path\": null, \"size\": 17.55, \"width\": 500, \"height\": 332}, \"medium\": {\"ext\": \".JPG\", \"url\": \"/uploads/medium_m6r_T4_MYFQ_7_CT_8j9m2_AEC_Jake_Givens_Sunset_in_the_Park_7b474a2324.JPG\", \"hash\": \"medium_m6r_T4_MYFQ_7_CT_8j9m2_AEC_Jake_Givens_Sunset_in_the_Park_7b474a2324\", \"mime\": \"image/jpeg\", \"name\": \"medium_m6rT4MYFQ7CT8j9m2AEC_JakeGivens - Sunset in the Park.JPG\", \"path\": null, \"size\": 33.59, \"width\": 750, \"height\": 498}, \"thumbnail\": {\"ext\": \".JPG\", \"url\": \"/uploads/thumbnail_m6r_T4_MYFQ_7_CT_8j9m2_AEC_Jake_Givens_Sunset_in_the_Park_7b474a2324.JPG\", \"hash\": \"thumbnail_m6r_T4_MYFQ_7_CT_8j9m2_AEC_Jake_Givens_Sunset_in_the_Park_7b474a2324\", \"mime\": \"image/jpeg\", \"name\": \"thumbnail_m6rT4MYFQ7CT8j9m2AEC_JakeGivens - Sunset in the Park.JPG\", \"path\": null, \"size\": 5.54, \"width\": 235, \"height\": 156}}','m6r_T4_MYFQ_7_CT_8j9m2_AEC_Jake_Givens_Sunset_in_the_Park_7b474a2324','.JPG','image/jpeg',241.84,'/uploads/m6r_T4_MYFQ_7_CT_8j9m2_AEC_Jake_Givens_Sunset_in_the_Park_7b474a2324.JPG',NULL,'local',NULL,'/','2022-10-29 09:10:28.665000','2022-10-29 09:10:28.665000',1,1),(35,'pexels-photo (1).jpg','pexels-photo (1).jpg','pexels-photo (1).jpg',2000,1339,'{\"large\": {\"ext\": \".jpg\", \"url\": \"/uploads/large_pexels_photo_1_ab86fdbd79.jpg\", \"hash\": \"large_pexels_photo_1_ab86fdbd79\", \"mime\": \"image/jpeg\", \"name\": \"large_pexels-photo (1).jpg\", \"path\": null, \"size\": 140.41, \"width\": 1000, \"height\": 670}, \"small\": {\"ext\": \".jpg\", \"url\": \"/uploads/small_pexels_photo_1_ab86fdbd79.jpg\", \"hash\": \"small_pexels_photo_1_ab86fdbd79\", \"mime\": \"image/jpeg\", \"name\": \"small_pexels-photo (1).jpg\", \"path\": null, \"size\": 53.04, \"width\": 500, \"height\": 335}, \"medium\": {\"ext\": \".jpg\", \"url\": \"/uploads/medium_pexels_photo_1_ab86fdbd79.jpg\", \"hash\": \"medium_pexels_photo_1_ab86fdbd79\", \"mime\": \"image/jpeg\", \"name\": \"medium_pexels-photo (1).jpg\", \"path\": null, \"size\": 94.78, \"width\": 750, \"height\": 502}, \"thumbnail\": {\"ext\": \".jpg\", \"url\": \"/uploads/thumbnail_pexels_photo_1_ab86fdbd79.jpg\", \"hash\": \"thumbnail_pexels_photo_1_ab86fdbd79\", \"mime\": \"image/jpeg\", \"name\": \"thumbnail_pexels-photo (1).jpg\", \"path\": null, \"size\": 15.9, \"width\": 234, \"height\": 156}}','pexels_photo_1_ab86fdbd79','.jpg','image/jpeg',296.07,'/uploads/pexels_photo_1_ab86fdbd79.jpg',NULL,'local',NULL,'/','2022-10-29 09:10:30.311000','2022-10-29 09:10:30.311000',1,1),(36,'coffee-apple-iphone-desk.jpg','coffee-apple-iphone-desk.jpg','coffee-apple-iphone-desk.jpg',5616,3744,'{\"large\": {\"ext\": \".jpg\", \"url\": \"/uploads/large_coffee_apple_iphone_desk_8d0d154f88.jpg\", \"hash\": \"large_coffee_apple_iphone_desk_8d0d154f88\", \"mime\": \"image/jpeg\", \"name\": \"large_coffee-apple-iphone-desk.jpg\", \"path\": null, \"size\": 63.05, \"width\": 1000, \"height\": 667}, \"small\": {\"ext\": \".jpg\", \"url\": \"/uploads/small_coffee_apple_iphone_desk_8d0d154f88.jpg\", \"hash\": \"small_coffee_apple_iphone_desk_8d0d154f88\", \"mime\": \"image/jpeg\", \"name\": \"small_coffee-apple-iphone-desk.jpg\", \"path\": null, \"size\": 22.45, \"width\": 500, \"height\": 333}, \"medium\": {\"ext\": \".jpg\", \"url\": \"/uploads/medium_coffee_apple_iphone_desk_8d0d154f88.jpg\", \"hash\": \"medium_coffee_apple_iphone_desk_8d0d154f88\", \"mime\": \"image/jpeg\", \"name\": \"medium_coffee-apple-iphone-desk.jpg\", \"path\": null, \"size\": 41.43, \"width\": 750, \"height\": 500}, \"thumbnail\": {\"ext\": \".jpg\", \"url\": \"/uploads/thumbnail_coffee_apple_iphone_desk_8d0d154f88.jpg\", \"hash\": \"thumbnail_coffee_apple_iphone_desk_8d0d154f88\", \"mime\": \"image/jpeg\", \"name\": \"thumbnail_coffee-apple-iphone-desk.jpg\", \"path\": null, \"size\": 7.35, \"width\": 234, \"height\": 156}}','coffee_apple_iphone_desk_8d0d154f88','.jpg','image/jpeg',1209.23,'/uploads/coffee_apple_iphone_desk_8d0d154f88.jpg',NULL,'local',NULL,'/','2022-10-29 09:10:31.075000','2022-10-29 09:10:31.075000',1,1),(37,'pexels-photo sudat.jpg','pexels-photo sudat.jpg','pexels-photo sudat.jpg',3000,2000,'{\"large\": {\"ext\": \".jpg\", \"url\": \"/uploads/large_pexels_photo_sudat_91ecdce9cf.jpg\", \"hash\": \"large_pexels_photo_sudat_91ecdce9cf\", \"mime\": \"image/jpeg\", \"name\": \"large_pexels-photo sudat.jpg\", \"path\": null, \"size\": 111.62, \"width\": 1000, \"height\": 667}, \"small\": {\"ext\": \".jpg\", \"url\": \"/uploads/small_pexels_photo_sudat_91ecdce9cf.jpg\", \"hash\": \"small_pexels_photo_sudat_91ecdce9cf\", \"mime\": \"image/jpeg\", \"name\": \"small_pexels-photo sudat.jpg\", \"path\": null, \"size\": 37.79, \"width\": 500, \"height\": 333}, \"medium\": {\"ext\": \".jpg\", \"url\": \"/uploads/medium_pexels_photo_sudat_91ecdce9cf.jpg\", \"hash\": \"medium_pexels_photo_sudat_91ecdce9cf\", \"mime\": \"image/jpeg\", \"name\": \"medium_pexels-photo sudat.jpg\", \"path\": null, \"size\": 70.82, \"width\": 750, \"height\": 500}, \"thumbnail\": {\"ext\": \".jpg\", \"url\": \"/uploads/thumbnail_pexels_photo_sudat_91ecdce9cf.jpg\", \"hash\": \"thumbnail_pexels_photo_sudat_91ecdce9cf\", \"mime\": \"image/jpeg\", \"name\": \"thumbnail_pexels-photo sudat.jpg\", \"path\": null, \"size\": 12.08, \"width\": 234, \"height\": 156}}','pexels_photo_sudat_91ecdce9cf','.jpg','image/jpeg',963.49,'/uploads/pexels_photo_sudat_91ecdce9cf.jpg',NULL,'local',NULL,'/','2022-10-29 09:10:42.189000','2022-10-29 09:10:42.189000',1,1),(38,'pexels-photo (2).jpg','pexels-photo (2).jpg','pexels-photo (2).jpg',4928,3264,'{\"large\": {\"ext\": \".jpg\", \"url\": \"/uploads/large_pexels_photo_2_454411fd56.jpg\", \"hash\": \"large_pexels_photo_2_454411fd56\", \"mime\": \"image/jpeg\", \"name\": \"large_pexels-photo (2).jpg\", \"path\": null, \"size\": 116.13, \"width\": 1000, \"height\": 662}, \"small\": {\"ext\": \".jpg\", \"url\": \"/uploads/small_pexels_photo_2_454411fd56.jpg\", \"hash\": \"small_pexels_photo_2_454411fd56\", \"mime\": \"image/jpeg\", \"name\": \"small_pexels-photo (2).jpg\", \"path\": null, \"size\": 30.82, \"width\": 500, \"height\": 331}, \"medium\": {\"ext\": \".jpg\", \"url\": \"/uploads/medium_pexels_photo_2_454411fd56.jpg\", \"hash\": \"medium_pexels_photo_2_454411fd56\", \"mime\": \"image/jpeg\", \"name\": \"medium_pexels-photo (2).jpg\", \"path\": null, \"size\": 67.42, \"width\": 750, \"height\": 497}, \"thumbnail\": {\"ext\": \".jpg\", \"url\": \"/uploads/thumbnail_pexels_photo_2_454411fd56.jpg\", \"hash\": \"thumbnail_pexels_photo_2_454411fd56\", \"mime\": \"image/jpeg\", \"name\": \"thumbnail_pexels-photo (2).jpg\", \"path\": null, \"size\": 7.83, \"width\": 236, \"height\": 156}}','pexels_photo_2_454411fd56','.jpg','image/jpeg',1901.78,'/uploads/pexels_photo_2_454411fd56.jpg',NULL,'local',NULL,'/','2022-10-29 09:10:55.838000','2022-10-29 09:10:55.838000',1,1),(39,'photo-1415226620463-aedee27159c5.jpg','photo-1415226620463-aedee27159c5.jpg','photo-1415226620463-aedee27159c5.jpg',4585,3439,'{\"large\": {\"ext\": \".jpg\", \"url\": \"/uploads/large_photo_1415226620463_aedee27159c5_2d96d9ad5c.jpg\", \"hash\": \"large_photo_1415226620463_aedee27159c5_2d96d9ad5c\", \"mime\": \"image/jpeg\", \"name\": \"large_photo-1415226620463-aedee27159c5.jpg\", \"path\": null, \"size\": 99.91, \"width\": 1000, \"height\": 750}, \"small\": {\"ext\": \".jpg\", \"url\": \"/uploads/small_photo_1415226620463_aedee27159c5_2d96d9ad5c.jpg\", \"hash\": \"small_photo_1415226620463_aedee27159c5_2d96d9ad5c\", \"mime\": \"image/jpeg\", \"name\": \"small_photo-1415226620463-aedee27159c5.jpg\", \"path\": null, \"size\": 30.32, \"width\": 500, \"height\": 374}, \"medium\": {\"ext\": \".jpg\", \"url\": \"/uploads/medium_photo_1415226620463_aedee27159c5_2d96d9ad5c.jpg\", \"hash\": \"medium_photo_1415226620463_aedee27159c5_2d96d9ad5c\", \"mime\": \"image/jpeg\", \"name\": \"medium_photo-1415226620463-aedee27159c5.jpg\", \"path\": null, \"size\": 60.63, \"width\": 750, \"height\": 562}, \"thumbnail\": {\"ext\": \".jpg\", \"url\": \"/uploads/thumbnail_photo_1415226620463_aedee27159c5_2d96d9ad5c.jpg\", \"hash\": \"thumbnail_photo_1415226620463_aedee27159c5_2d96d9ad5c\", \"mime\": \"image/jpeg\", \"name\": \"thumbnail_photo-1415226620463-aedee27159c5.jpg\", \"path\": null, \"size\": 7.32, \"width\": 208, \"height\": 156}}','photo_1415226620463_aedee27159c5_2d96d9ad5c','.jpg','image/jpeg',2934.56,'/uploads/photo_1415226620463_aedee27159c5_2d96d9ad5c.jpg',NULL,'local',NULL,'/','2022-10-29 09:11:01.621000','2022-10-29 09:11:01.621000',1,1),(40,'pexels-photo.jpeg','pexels-photo.jpeg','pexels-photo.jpeg',5451,3634,'{\"large\": {\"ext\": \".jpeg\", \"url\": \"/uploads/large_pexels_photo_cbb33b5d54.jpeg\", \"hash\": \"large_pexels_photo_cbb33b5d54\", \"mime\": \"image/jpeg\", \"name\": \"large_pexels-photo.jpeg\", \"path\": null, \"size\": 172.18, \"width\": 1000, \"height\": 667}, \"small\": {\"ext\": \".jpeg\", \"url\": \"/uploads/small_pexels_photo_cbb33b5d54.jpeg\", \"hash\": \"small_pexels_photo_cbb33b5d54\", \"mime\": \"image/jpeg\", \"name\": \"small_pexels-photo.jpeg\", \"path\": null, \"size\": 48.16, \"width\": 500, \"height\": 333}, \"medium\": {\"ext\": \".jpeg\", \"url\": \"/uploads/medium_pexels_photo_cbb33b5d54.jpeg\", \"hash\": \"medium_pexels_photo_cbb33b5d54\", \"mime\": \"image/jpeg\", \"name\": \"medium_pexels-photo.jpeg\", \"path\": null, \"size\": 103.3, \"width\": 750, \"height\": 500}, \"thumbnail\": {\"ext\": \".jpeg\", \"url\": \"/uploads/thumbnail_pexels_photo_cbb33b5d54.jpeg\", \"hash\": \"thumbnail_pexels_photo_cbb33b5d54\", \"mime\": \"image/jpeg\", \"name\": \"thumbnail_pexels-photo.jpeg\", \"path\": null, \"size\": 12.28, \"width\": 234, \"height\": 156}}','pexels_photo_cbb33b5d54','.jpeg','image/jpeg',3752.03,'/uploads/pexels_photo_cbb33b5d54.jpeg',NULL,'local',NULL,'/','2022-10-29 09:11:03.958000','2022-10-29 09:11:03.958000',1,1),(42,'photo-1416431168657-a6c4184348ab.jpg','photo-1416431168657-a6c4184348ab.jpg','photo-1416431168657-a6c4184348ab.jpg',4608,3072,'{\"large\": {\"ext\": \".jpg\", \"url\": \"/uploads/large_photo_1416431168657_a6c4184348ab_fa56921529.jpg\", \"hash\": \"large_photo_1416431168657_a6c4184348ab_fa56921529\", \"mime\": \"image/jpeg\", \"name\": \"large_photo-1416431168657-a6c4184348ab.jpg\", \"path\": null, \"size\": 51.49, \"width\": 1000, \"height\": 667}, \"small\": {\"ext\": \".jpg\", \"url\": \"/uploads/small_photo_1416431168657_a6c4184348ab_fa56921529.jpg\", \"hash\": \"small_photo_1416431168657_a6c4184348ab_fa56921529\", \"mime\": \"image/jpeg\", \"name\": \"small_photo-1416431168657-a6c4184348ab.jpg\", \"path\": null, \"size\": 14.13, \"width\": 500, \"height\": 333}, \"medium\": {\"ext\": \".jpg\", \"url\": \"/uploads/medium_photo_1416431168657_a6c4184348ab_fa56921529.jpg\", \"hash\": \"medium_photo_1416431168657_a6c4184348ab_fa56921529\", \"mime\": \"image/jpeg\", \"name\": \"medium_photo-1416431168657-a6c4184348ab.jpg\", \"path\": null, \"size\": 28.67, \"width\": 750, \"height\": 500}, \"thumbnail\": {\"ext\": \".jpg\", \"url\": \"/uploads/thumbnail_photo_1416431168657_a6c4184348ab_fa56921529.jpg\", \"hash\": \"thumbnail_photo_1416431168657_a6c4184348ab_fa56921529\", \"mime\": \"image/jpeg\", \"name\": \"thumbnail_photo-1416431168657-a6c4184348ab.jpg\", \"path\": null, \"size\": 4.76, \"width\": 234, \"height\": 156}}','photo_1416431168657_a6c4184348ab_fa56921529','.jpg','image/jpeg',2137.16,'/uploads/photo_1416431168657_a6c4184348ab_fa56921529.jpg',NULL,'local',NULL,'/','2022-10-29 09:11:13.515000','2022-10-29 09:11:13.515000',1,1),(43,'LJIZlzHgQ7WPSh5KVTCB_Typewriter.jpg','LJIZlzHgQ7WPSh5KVTCB_Typewriter.jpg','LJIZlzHgQ7WPSh5KVTCB_Typewriter.jpg',7500,11000,'{\"large\": {\"ext\": \".jpg\", \"url\": \"/uploads/large_LJI_Zlz_Hg_Q7_WP_Sh5_KVTCB_Typewriter_c9f63cb9c0.jpg\", \"hash\": \"large_LJI_Zlz_Hg_Q7_WP_Sh5_KVTCB_Typewriter_c9f63cb9c0\", \"mime\": \"image/jpeg\", \"name\": \"large_LJIZlzHgQ7WPSh5KVTCB_Typewriter.jpg\", \"path\": null, \"size\": 38.8, \"width\": 681, \"height\": 1000}, \"small\": {\"ext\": \".jpg\", \"url\": \"/uploads/small_LJI_Zlz_Hg_Q7_WP_Sh5_KVTCB_Typewriter_c9f63cb9c0.jpg\", \"hash\": \"small_LJI_Zlz_Hg_Q7_WP_Sh5_KVTCB_Typewriter_c9f63cb9c0\", \"mime\": \"image/jpeg\", \"name\": \"small_LJIZlzHgQ7WPSh5KVTCB_Typewriter.jpg\", \"path\": null, \"size\": 11.96, \"width\": 341, \"height\": 500}, \"medium\": {\"ext\": \".jpg\", \"url\": \"/uploads/medium_LJI_Zlz_Hg_Q7_WP_Sh5_KVTCB_Typewriter_c9f63cb9c0.jpg\", \"hash\": \"medium_LJI_Zlz_Hg_Q7_WP_Sh5_KVTCB_Typewriter_c9f63cb9c0\", \"mime\": \"image/jpeg\", \"name\": \"medium_LJIZlzHgQ7WPSh5KVTCB_Typewriter.jpg\", \"path\": null, \"size\": 23.65, \"width\": 511, \"height\": 750}, \"thumbnail\": {\"ext\": \".jpg\", \"url\": \"/uploads/thumbnail_LJI_Zlz_Hg_Q7_WP_Sh5_KVTCB_Typewriter_c9f63cb9c0.jpg\", \"hash\": \"thumbnail_LJI_Zlz_Hg_Q7_WP_Sh5_KVTCB_Typewriter_c9f63cb9c0\", \"mime\": \"image/jpeg\", \"name\": \"thumbnail_LJIZlzHgQ7WPSh5KVTCB_Typewriter.jpg\", \"path\": null, \"size\": 1.97, \"width\": 106, \"height\": 156}}','LJI_Zlz_Hg_Q7_WP_Sh5_KVTCB_Typewriter_c9f63cb9c0','.jpg','image/jpeg',6763.95,'/uploads/LJI_Zlz_Hg_Q7_WP_Sh5_KVTCB_Typewriter_c9f63cb9c0.jpg',NULL,'local',NULL,'/','2022-10-29 09:11:18.983000','2022-10-29 09:11:18.983000',1,1),(44,'pexels-photo-24802.jpg','pexels-photo-24802.jpg','pexels-photo-24802.jpg',5184,3456,'{\"large\": {\"ext\": \".jpg\", \"url\": \"/uploads/large_pexels_photo_24802_033a10d21a.jpg\", \"hash\": \"large_pexels_photo_24802_033a10d21a\", \"mime\": \"image/jpeg\", \"name\": \"large_pexels-photo-24802.jpg\", \"path\": null, \"size\": 25.43, \"width\": 1000, \"height\": 667}, \"small\": {\"ext\": \".jpg\", \"url\": \"/uploads/small_pexels_photo_24802_033a10d21a.jpg\", \"hash\": \"small_pexels_photo_24802_033a10d21a\", \"mime\": \"image/jpeg\", \"name\": \"small_pexels-photo-24802.jpg\", \"path\": null, \"size\": 9.19, \"width\": 500, \"height\": 333}, \"medium\": {\"ext\": \".jpg\", \"url\": \"/uploads/medium_pexels_photo_24802_033a10d21a.jpg\", \"hash\": \"medium_pexels_photo_24802_033a10d21a\", \"mime\": \"image/jpeg\", \"name\": \"medium_pexels-photo-24802.jpg\", \"path\": null, \"size\": 16.5, \"width\": 750, \"height\": 500}, \"thumbnail\": {\"ext\": \".jpg\", \"url\": \"/uploads/thumbnail_pexels_photo_24802_033a10d21a.jpg\", \"hash\": \"thumbnail_pexels_photo_24802_033a10d21a\", \"mime\": \"image/jpeg\", \"name\": \"thumbnail_pexels-photo-24802.jpg\", \"path\": null, \"size\": 3.32, \"width\": 234, \"height\": 156}}','pexels_photo_24802_033a10d21a','.jpg','image/jpeg',970.42,'/uploads/pexels_photo_24802_033a10d21a.jpg',NULL,'local',NULL,'/','2022-10-29 09:11:19.420000','2022-10-29 09:11:19.420000',1,1),(45,'pexels-photo.jpg','pexels-photo.jpg','pexels-photo.jpg',5425,3615,'{\"large\": {\"ext\": \".jpg\", \"url\": \"/uploads/large_pexels_photo_97d450d1be.jpg\", \"hash\": \"large_pexels_photo_97d450d1be\", \"mime\": \"image/jpeg\", \"name\": \"large_pexels-photo.jpg\", \"path\": null, \"size\": 55.66, \"width\": 1000, \"height\": 666}, \"small\": {\"ext\": \".jpg\", \"url\": \"/uploads/small_pexels_photo_97d450d1be.jpg\", \"hash\": \"small_pexels_photo_97d450d1be\", \"mime\": \"image/jpeg\", \"name\": \"small_pexels-photo.jpg\", \"path\": null, \"size\": 18.87, \"width\": 500, \"height\": 333}, \"medium\": {\"ext\": \".jpg\", \"url\": \"/uploads/medium_pexels_photo_97d450d1be.jpg\", \"hash\": \"medium_pexels_photo_97d450d1be\", \"mime\": \"image/jpeg\", \"name\": \"medium_pexels-photo.jpg\", \"path\": null, \"size\": 35.21, \"width\": 750, \"height\": 499}, \"thumbnail\": {\"ext\": \".jpg\", \"url\": \"/uploads/thumbnail_pexels_photo_97d450d1be.jpg\", \"hash\": \"thumbnail_pexels_photo_97d450d1be\", \"mime\": \"image/jpeg\", \"name\": \"thumbnail_pexels-photo.jpg\", \"path\": null, \"size\": 6.08, \"width\": 235, \"height\": 156}}','pexels_photo_97d450d1be','.jpg','image/jpeg',1574.11,'/uploads/pexels_photo_97d450d1be.jpg',NULL,'local',NULL,'/','2022-10-29 09:11:20.088000','2022-10-29 09:11:20.088000',1,1),(46,'photo-1417444900330-dc44c79af021.jpg','photo-1417444900330-dc44c79af021.jpg','photo-1417444900330-dc44c79af021.jpg',3402,2268,'{\"large\": {\"ext\": \".jpg\", \"url\": \"/uploads/large_photo_1417444900330_dc44c79af021_2888361392.jpg\", \"hash\": \"large_photo_1417444900330_dc44c79af021_2888361392\", \"mime\": \"image/jpeg\", \"name\": \"large_photo-1417444900330-dc44c79af021.jpg\", \"path\": null, \"size\": 177.98, \"width\": 1000, \"height\": 667}, \"small\": {\"ext\": \".jpg\", \"url\": \"/uploads/small_photo_1417444900330_dc44c79af021_2888361392.jpg\", \"hash\": \"small_photo_1417444900330_dc44c79af021_2888361392\", \"mime\": \"image/jpeg\", \"name\": \"small_photo-1417444900330-dc44c79af021.jpg\", \"path\": null, \"size\": 52.67, \"width\": 500, \"height\": 334}, \"medium\": {\"ext\": \".jpg\", \"url\": \"/uploads/medium_photo_1417444900330_dc44c79af021_2888361392.jpg\", \"hash\": \"medium_photo_1417444900330_dc44c79af021_2888361392\", \"mime\": \"image/jpeg\", \"name\": \"medium_photo-1417444900330-dc44c79af021.jpg\", \"path\": null, \"size\": 109.23, \"width\": 750, \"height\": 500}, \"thumbnail\": {\"ext\": \".jpg\", \"url\": \"/uploads/thumbnail_photo_1417444900330_dc44c79af021_2888361392.jpg\", \"hash\": \"thumbnail_photo_1417444900330_dc44c79af021_2888361392\", \"mime\": \"image/jpeg\", \"name\": \"thumbnail_photo-1417444900330-dc44c79af021.jpg\", \"path\": null, \"size\": 13.56, \"width\": 234, \"height\": 156}}','photo_1417444900330_dc44c79af021_2888361392','.jpg','image/jpeg',1239.05,'/uploads/photo_1417444900330_dc44c79af021_2888361392.jpg',NULL,'local',NULL,'/','2022-10-29 09:11:22.898000','2022-10-29 09:11:22.898000',1,1),(47,'photo-1418065460487-3e41a6c84dc5.jpg','photo-1418065460487-3e41a6c84dc5.jpg','photo-1418065460487-3e41a6c84dc5.jpg',2200,1467,'{\"large\": {\"ext\": \".jpg\", \"url\": \"/uploads/large_photo_1418065460487_3e41a6c84dc5_34b7e7c6b7.jpg\", \"hash\": \"large_photo_1418065460487_3e41a6c84dc5_34b7e7c6b7\", \"mime\": \"image/jpeg\", \"name\": \"large_photo-1418065460487-3e41a6c84dc5.jpg\", \"path\": null, \"size\": 95.35, \"width\": 1000, \"height\": 667}, \"small\": {\"ext\": \".jpg\", \"url\": \"/uploads/small_photo_1418065460487_3e41a6c84dc5_34b7e7c6b7.jpg\", \"hash\": \"small_photo_1418065460487_3e41a6c84dc5_34b7e7c6b7\", \"mime\": \"image/jpeg\", \"name\": \"small_photo-1418065460487-3e41a6c84dc5.jpg\", \"path\": null, \"size\": 23, \"width\": 500, \"height\": 333}, \"medium\": {\"ext\": \".jpg\", \"url\": \"/uploads/medium_photo_1418065460487_3e41a6c84dc5_34b7e7c6b7.jpg\", \"hash\": \"medium_photo_1418065460487_3e41a6c84dc5_34b7e7c6b7\", \"mime\": \"image/jpeg\", \"name\": \"medium_photo-1418065460487-3e41a6c84dc5.jpg\", \"path\": null, \"size\": 52.34, \"width\": 750, \"height\": 500}, \"thumbnail\": {\"ext\": \".jpg\", \"url\": \"/uploads/thumbnail_photo_1418065460487_3e41a6c84dc5_34b7e7c6b7.jpg\", \"hash\": \"thumbnail_photo_1418065460487_3e41a6c84dc5_34b7e7c6b7\", \"mime\": \"image/jpeg\", \"name\": \"thumbnail_photo-1418065460487-3e41a6c84dc5.jpg\", \"path\": null, \"size\": 5.46, \"width\": 234, \"height\": 156}}','photo_1418065460487_3e41a6c84dc5_34b7e7c6b7','.jpg','image/jpeg',472.00,'/uploads/photo_1418065460487_3e41a6c84dc5_34b7e7c6b7.jpg',NULL,'local',NULL,'/','2022-10-29 09:11:24.636000','2022-10-29 09:11:24.636000',1,1),(48,'photo-1414502622871-b90b0bec7b1f.jpg','photo-1414502622871-b90b0bec7b1f.jpg','photo-1414502622871-b90b0bec7b1f.jpg',4928,3264,'{\"large\": {\"ext\": \".jpg\", \"url\": \"/uploads/large_photo_1414502622871_b90b0bec7b1f_c872fa955d.jpg\", \"hash\": \"large_photo_1414502622871_b90b0bec7b1f_c872fa955d\", \"mime\": \"image/jpeg\", \"name\": \"large_photo-1414502622871-b90b0bec7b1f.jpg\", \"path\": null, \"size\": 96.09, \"width\": 1000, \"height\": 662}, \"small\": {\"ext\": \".jpg\", \"url\": \"/uploads/small_photo_1414502622871_b90b0bec7b1f_c872fa955d.jpg\", \"hash\": \"small_photo_1414502622871_b90b0bec7b1f_c872fa955d\", \"mime\": \"image/jpeg\", \"name\": \"small_photo-1414502622871-b90b0bec7b1f.jpg\", \"path\": null, \"size\": 26.92, \"width\": 500, \"height\": 331}, \"medium\": {\"ext\": \".jpg\", \"url\": \"/uploads/medium_photo_1414502622871_b90b0bec7b1f_c872fa955d.jpg\", \"hash\": \"medium_photo_1414502622871_b90b0bec7b1f_c872fa955d\", \"mime\": \"image/jpeg\", \"name\": \"medium_photo-1414502622871-b90b0bec7b1f.jpg\", \"path\": null, \"size\": 56.77, \"width\": 750, \"height\": 497}, \"thumbnail\": {\"ext\": \".jpg\", \"url\": \"/uploads/thumbnail_photo_1414502622871_b90b0bec7b1f_c872fa955d.jpg\", \"hash\": \"thumbnail_photo_1414502622871_b90b0bec7b1f_c872fa955d\", \"mime\": \"image/jpeg\", \"name\": \"thumbnail_photo-1414502622871-b90b0bec7b1f.jpg\", \"path\": null, \"size\": 7.56, \"width\": 236, \"height\": 156}}','photo_1414502622871_b90b0bec7b1f_c872fa955d','.jpg','image/jpeg',1838.94,'/uploads/photo_1414502622871_b90b0bec7b1f_c872fa955d.jpg',NULL,'local',NULL,'/','2022-10-29 09:11:25.651000','2022-10-29 09:11:25.651000',1,1),(49,'photo-1416854905195-f4c96ea8f949.jpg','photo-1416854905195-f4c96ea8f949.jpg','photo-1416854905195-f4c96ea8f949.jpg',2448,3264,'{\"large\": {\"ext\": \".jpg\", \"url\": \"/uploads/large_photo_1416854905195_f4c96ea8f949_02773e546e.jpg\", \"hash\": \"large_photo_1416854905195_f4c96ea8f949_02773e546e\", \"mime\": \"image/jpeg\", \"name\": \"large_photo-1416854905195-f4c96ea8f949.jpg\", \"path\": null, \"size\": 97.71, \"width\": 750, \"height\": 1000}, \"small\": {\"ext\": \".jpg\", \"url\": \"/uploads/small_photo_1416854905195_f4c96ea8f949_02773e546e.jpg\", \"hash\": \"small_photo_1416854905195_f4c96ea8f949_02773e546e\", \"mime\": \"image/jpeg\", \"name\": \"small_photo-1416854905195-f4c96ea8f949.jpg\", \"path\": null, \"size\": 25.36, \"width\": 375, \"height\": 500}, \"medium\": {\"ext\": \".jpg\", \"url\": \"/uploads/medium_photo_1416854905195_f4c96ea8f949_02773e546e.jpg\", \"hash\": \"medium_photo_1416854905195_f4c96ea8f949_02773e546e\", \"mime\": \"image/jpeg\", \"name\": \"medium_photo-1416854905195-f4c96ea8f949.jpg\", \"path\": null, \"size\": 55.38, \"width\": 563, \"height\": 750}, \"thumbnail\": {\"ext\": \".jpg\", \"url\": \"/uploads/thumbnail_photo_1416854905195_f4c96ea8f949_02773e546e.jpg\", \"hash\": \"thumbnail_photo_1416854905195_f4c96ea8f949_02773e546e\", \"mime\": \"image/jpeg\", \"name\": \"thumbnail_photo-1416854905195-f4c96ea8f949.jpg\", \"path\": null, \"size\": 3.55, \"width\": 117, \"height\": 156}}','photo_1416854905195_f4c96ea8f949_02773e546e','.jpg','image/jpeg',1361.13,'/uploads/photo_1416854905195_f4c96ea8f949_02773e546e.jpg',NULL,'local',NULL,'/','2022-10-29 09:11:30.297000','2022-10-29 09:11:30.297000',1,1),(50,'photo-1419640303358-44f0d27f48e7.jpg','photo-1419640303358-44f0d27f48e7.jpg','photo-1419640303358-44f0d27f48e7.jpg',5429,4016,'{\"large\": {\"ext\": \".jpg\", \"url\": \"/uploads/large_photo_1419640303358_44f0d27f48e7_8ce7af5ced.jpg\", \"hash\": \"large_photo_1419640303358_44f0d27f48e7_8ce7af5ced\", \"mime\": \"image/jpeg\", \"name\": \"large_photo-1419640303358-44f0d27f48e7.jpg\", \"path\": null, \"size\": 54.06, \"width\": 1000, \"height\": 740}, \"small\": {\"ext\": \".jpg\", \"url\": \"/uploads/small_photo_1419640303358_44f0d27f48e7_8ce7af5ced.jpg\", \"hash\": \"small_photo_1419640303358_44f0d27f48e7_8ce7af5ced\", \"mime\": \"image/jpeg\", \"name\": \"small_photo-1419640303358-44f0d27f48e7.jpg\", \"path\": null, \"size\": 16.05, \"width\": 500, \"height\": 370}, \"medium\": {\"ext\": \".jpg\", \"url\": \"/uploads/medium_photo_1419640303358_44f0d27f48e7_8ce7af5ced.jpg\", \"hash\": \"medium_photo_1419640303358_44f0d27f48e7_8ce7af5ced\", \"mime\": \"image/jpeg\", \"name\": \"medium_photo-1419640303358-44f0d27f48e7.jpg\", \"path\": null, \"size\": 32.73, \"width\": 750, \"height\": 555}, \"thumbnail\": {\"ext\": \".jpg\", \"url\": \"/uploads/thumbnail_photo_1419640303358_44f0d27f48e7_8ce7af5ced.jpg\", \"hash\": \"thumbnail_photo_1419640303358_44f0d27f48e7_8ce7af5ced\", \"mime\": \"image/jpeg\", \"name\": \"thumbnail_photo-1419640303358-44f0d27f48e7.jpg\", \"path\": null, \"size\": 4.06, \"width\": 211, \"height\": 156}}','photo_1419640303358_44f0d27f48e7_8ce7af5ced','.jpg','image/jpeg',1298.18,'/uploads/photo_1419640303358_44f0d27f48e7_8ce7af5ced.jpg',NULL,'local',NULL,'/','2022-10-29 09:11:31.479000','2022-10-29 09:11:31.479000',1,1),(51,'photo-1422022098106-b3a9edc463af.jpg','photo-1422022098106-b3a9edc463af.jpg','photo-1422022098106-b3a9edc463af.jpg',6000,4000,'{\"large\": {\"ext\": \".jpg\", \"url\": \"/uploads/large_photo_1422022098106_b3a9edc463af_c81648bbce.jpg\", \"hash\": \"large_photo_1422022098106_b3a9edc463af_c81648bbce\", \"mime\": \"image/jpeg\", \"name\": \"large_photo-1422022098106-b3a9edc463af.jpg\", \"path\": null, \"size\": 63.31, \"width\": 1000, \"height\": 667}, \"small\": {\"ext\": \".jpg\", \"url\": \"/uploads/small_photo_1422022098106_b3a9edc463af_c81648bbce.jpg\", \"hash\": \"small_photo_1422022098106_b3a9edc463af_c81648bbce\", \"mime\": \"image/jpeg\", \"name\": \"small_photo-1422022098106-b3a9edc463af.jpg\", \"path\": null, \"size\": 21.48, \"width\": 500, \"height\": 333}, \"medium\": {\"ext\": \".jpg\", \"url\": \"/uploads/medium_photo_1422022098106_b3a9edc463af_c81648bbce.jpg\", \"hash\": \"medium_photo_1422022098106_b3a9edc463af_c81648bbce\", \"mime\": \"image/jpeg\", \"name\": \"medium_photo-1422022098106-b3a9edc463af.jpg\", \"path\": null, \"size\": 40.46, \"width\": 750, \"height\": 500}, \"thumbnail\": {\"ext\": \".jpg\", \"url\": \"/uploads/thumbnail_photo_1422022098106_b3a9edc463af_c81648bbce.jpg\", \"hash\": \"thumbnail_photo_1422022098106_b3a9edc463af_c81648bbce\", \"mime\": \"image/jpeg\", \"name\": \"thumbnail_photo-1422022098106-b3a9edc463af.jpg\", \"path\": null, \"size\": 7.13, \"width\": 234, \"height\": 156}}','photo_1422022098106_b3a9edc463af_c81648bbce','.jpg','image/jpeg',2711.91,'/uploads/photo_1422022098106_b3a9edc463af_c81648bbce.jpg',NULL,'local',NULL,'/','2022-10-29 09:11:34.909000','2022-10-29 09:11:34.909000',1,1),(52,'photo-1425315283416-2acc50323ee6.jpg','photo-1425315283416-2acc50323ee6.jpg','photo-1425315283416-2acc50323ee6.jpg',5760,3840,'{\"large\": {\"ext\": \".jpg\", \"url\": \"/uploads/large_photo_1425315283416_2acc50323ee6_1c780c01a6.jpg\", \"hash\": \"large_photo_1425315283416_2acc50323ee6_1c780c01a6\", \"mime\": \"image/jpeg\", \"name\": \"large_photo-1425315283416-2acc50323ee6.jpg\", \"path\": null, \"size\": 42.03, \"width\": 1000, \"height\": 667}, \"small\": {\"ext\": \".jpg\", \"url\": \"/uploads/small_photo_1425315283416_2acc50323ee6_1c780c01a6.jpg\", \"hash\": \"small_photo_1425315283416_2acc50323ee6_1c780c01a6\", \"mime\": \"image/jpeg\", \"name\": \"small_photo-1425315283416-2acc50323ee6.jpg\", \"path\": null, \"size\": 15.98, \"width\": 500, \"height\": 333}, \"medium\": {\"ext\": \".jpg\", \"url\": \"/uploads/medium_photo_1425315283416_2acc50323ee6_1c780c01a6.jpg\", \"hash\": \"medium_photo_1425315283416_2acc50323ee6_1c780c01a6\", \"mime\": \"image/jpeg\", \"name\": \"medium_photo-1425315283416-2acc50323ee6.jpg\", \"path\": null, \"size\": 28.05, \"width\": 750, \"height\": 500}, \"thumbnail\": {\"ext\": \".jpg\", \"url\": \"/uploads/thumbnail_photo_1425315283416_2acc50323ee6_1c780c01a6.jpg\", \"hash\": \"thumbnail_photo_1425315283416_2acc50323ee6_1c780c01a6\", \"mime\": \"image/jpeg\", \"name\": \"thumbnail_photo-1425315283416-2acc50323ee6.jpg\", \"path\": null, \"size\": 5.88, \"width\": 234, \"height\": 156}}','photo_1425315283416_2acc50323ee6_1c780c01a6','.jpg','image/jpeg',909.94,'/uploads/photo_1425315283416_2acc50323ee6_1c780c01a6.jpg',NULL,'local',NULL,'/','2022-10-29 09:11:37.090000','2022-10-29 09:11:37.090000',1,1),(53,'photo-1428342109953-409d2876cdab.jpg','photo-1428342109953-409d2876cdab.jpg','photo-1428342109953-409d2876cdab.jpg',3264,2448,'{\"large\": {\"ext\": \".jpg\", \"url\": \"/uploads/large_photo_1428342109953_409d2876cdab_cd63efeb35.jpg\", \"hash\": \"large_photo_1428342109953_409d2876cdab_cd63efeb35\", \"mime\": \"image/jpeg\", \"name\": \"large_photo-1428342109953-409d2876cdab.jpg\", \"path\": null, \"size\": 109.99, \"width\": 1000, \"height\": 750}, \"small\": {\"ext\": \".jpg\", \"url\": \"/uploads/small_photo_1428342109953_409d2876cdab_cd63efeb35.jpg\", \"hash\": \"small_photo_1428342109953_409d2876cdab_cd63efeb35\", \"mime\": \"image/jpeg\", \"name\": \"small_photo-1428342109953-409d2876cdab.jpg\", \"path\": null, \"size\": 27.95, \"width\": 500, \"height\": 375}, \"medium\": {\"ext\": \".jpg\", \"url\": \"/uploads/medium_photo_1428342109953_409d2876cdab_cd63efeb35.jpg\", \"hash\": \"medium_photo_1428342109953_409d2876cdab_cd63efeb35\", \"mime\": \"image/jpeg\", \"name\": \"medium_photo-1428342109953-409d2876cdab.jpg\", \"path\": null, \"size\": 63.38, \"width\": 750, \"height\": 563}, \"thumbnail\": {\"ext\": \".jpg\", \"url\": \"/uploads/thumbnail_photo_1428342109953_409d2876cdab_cd63efeb35.jpg\", \"hash\": \"thumbnail_photo_1428342109953_409d2876cdab_cd63efeb35\", \"mime\": \"image/jpeg\", \"name\": \"thumbnail_photo-1428342109953-409d2876cdab.jpg\", \"path\": null, \"size\": 5.35, \"width\": 208, \"height\": 156}}','photo_1428342109953_409d2876cdab_cd63efeb35','.jpg','image/jpeg',1085.65,'/uploads/photo_1428342109953_409d2876cdab_cd63efeb35.jpg',NULL,'local',NULL,'/','2022-10-29 09:11:39.236000','2022-10-29 09:11:39.236000',1,1),(54,'photo-1427348693976-99e4aca06bb9.jpg','photo-1427348693976-99e4aca06bb9.jpg','photo-1427348693976-99e4aca06bb9.jpg',3000,2000,'{\"large\": {\"ext\": \".jpg\", \"url\": \"/uploads/large_photo_1427348693976_99e4aca06bb9_9885849e60.jpg\", \"hash\": \"large_photo_1427348693976_99e4aca06bb9_9885849e60\", \"mime\": \"image/jpeg\", \"name\": \"large_photo-1427348693976-99e4aca06bb9.jpg\", \"path\": null, \"size\": 74.27, \"width\": 1000, \"height\": 667}, \"small\": {\"ext\": \".jpg\", \"url\": \"/uploads/small_photo_1427348693976_99e4aca06bb9_9885849e60.jpg\", \"hash\": \"small_photo_1427348693976_99e4aca06bb9_9885849e60\", \"mime\": \"image/jpeg\", \"name\": \"small_photo-1427348693976-99e4aca06bb9.jpg\", \"path\": null, \"size\": 22.97, \"width\": 500, \"height\": 333}, \"medium\": {\"ext\": \".jpg\", \"url\": \"/uploads/medium_photo_1427348693976_99e4aca06bb9_9885849e60.jpg\", \"hash\": \"medium_photo_1427348693976_99e4aca06bb9_9885849e60\", \"mime\": \"image/jpeg\", \"name\": \"medium_photo-1427348693976-99e4aca06bb9.jpg\", \"path\": null, \"size\": 45.64, \"width\": 750, \"height\": 500}, \"thumbnail\": {\"ext\": \".jpg\", \"url\": \"/uploads/thumbnail_photo_1427348693976_99e4aca06bb9_9885849e60.jpg\", \"hash\": \"thumbnail_photo_1427348693976_99e4aca06bb9_9885849e60\", \"mime\": \"image/jpeg\", \"name\": \"thumbnail_photo-1427348693976-99e4aca06bb9.jpg\", \"path\": null, \"size\": 6.74, \"width\": 234, \"height\": 156}}','photo_1427348693976_99e4aca06bb9_9885849e60','.jpg','image/jpeg',689.04,'/uploads/photo_1427348693976_99e4aca06bb9_9885849e60.jpg',NULL,'local',NULL,'/','2022-10-29 09:11:39.708000','2022-10-29 09:11:39.708000',1,1),(55,'photo-1428677361686-f9d23be145c9.jpg','photo-1428677361686-f9d23be145c9.jpg','photo-1428677361686-f9d23be145c9.jpg',5760,3840,'{\"large\": {\"ext\": \".jpg\", \"url\": \"/uploads/large_photo_1428677361686_f9d23be145c9_b950f080bf.jpg\", \"hash\": \"large_photo_1428677361686_f9d23be145c9_b950f080bf\", \"mime\": \"image/jpeg\", \"name\": \"large_photo-1428677361686-f9d23be145c9.jpg\", \"path\": null, \"size\": 124.29, \"width\": 1000, \"height\": 667}, \"small\": {\"ext\": \".jpg\", \"url\": \"/uploads/small_photo_1428677361686_f9d23be145c9_b950f080bf.jpg\", \"hash\": \"small_photo_1428677361686_f9d23be145c9_b950f080bf\", \"mime\": \"image/jpeg\", \"name\": \"small_photo-1428677361686-f9d23be145c9.jpg\", \"path\": null, \"size\": 34.99, \"width\": 500, \"height\": 333}, \"medium\": {\"ext\": \".jpg\", \"url\": \"/uploads/medium_photo_1428677361686_f9d23be145c9_b950f080bf.jpg\", \"hash\": \"medium_photo_1428677361686_f9d23be145c9_b950f080bf\", \"mime\": \"image/jpeg\", \"name\": \"medium_photo-1428677361686-f9d23be145c9.jpg\", \"path\": null, \"size\": 74.36, \"width\": 750, \"height\": 500}, \"thumbnail\": {\"ext\": \".jpg\", \"url\": \"/uploads/thumbnail_photo_1428677361686_f9d23be145c9_b950f080bf.jpg\", \"hash\": \"thumbnail_photo_1428677361686_f9d23be145c9_b950f080bf\", \"mime\": \"image/jpeg\", \"name\": \"thumbnail_photo-1428677361686-f9d23be145c9.jpg\", \"path\": null, \"size\": 8.85, \"width\": 234, \"height\": 156}}','photo_1428677361686_f9d23be145c9_b950f080bf','.jpg','image/jpeg',2293.02,'/uploads/photo_1428677361686_f9d23be145c9_b950f080bf.jpg',NULL,'local',NULL,'/','2022-10-29 09:11:50.176000','2022-10-29 09:11:50.176000',1,1),(56,'photo-1428908728789-d2de25dbd4e2.jpg','photo-1428908728789-d2de25dbd4e2.jpg','photo-1428908728789-d2de25dbd4e2.jpg',5464,3643,'{\"large\": {\"ext\": \".jpg\", \"url\": \"/uploads/large_photo_1428908728789_d2de25dbd4e2_83b5caa6a8.jpg\", \"hash\": \"large_photo_1428908728789_d2de25dbd4e2_83b5caa6a8\", \"mime\": \"image/jpeg\", \"name\": \"large_photo-1428908728789-d2de25dbd4e2.jpg\", \"path\": null, \"size\": 25.5, \"width\": 1000, \"height\": 666}, \"small\": {\"ext\": \".jpg\", \"url\": \"/uploads/small_photo_1428908728789_d2de25dbd4e2_83b5caa6a8.jpg\", \"hash\": \"small_photo_1428908728789_d2de25dbd4e2_83b5caa6a8\", \"mime\": \"image/jpeg\", \"name\": \"small_photo-1428908728789-d2de25dbd4e2.jpg\", \"path\": null, \"size\": 9.68, \"width\": 500, \"height\": 333}, \"medium\": {\"ext\": \".jpg\", \"url\": \"/uploads/medium_photo_1428908728789_d2de25dbd4e2_83b5caa6a8.jpg\", \"hash\": \"medium_photo_1428908728789_d2de25dbd4e2_83b5caa6a8\", \"mime\": \"image/jpeg\", \"name\": \"medium_photo-1428908728789-d2de25dbd4e2.jpg\", \"path\": null, \"size\": 17.06, \"width\": 750, \"height\": 500}, \"thumbnail\": {\"ext\": \".jpg\", \"url\": \"/uploads/thumbnail_photo_1428908728789_d2de25dbd4e2_83b5caa6a8.jpg\", \"hash\": \"thumbnail_photo_1428908728789_d2de25dbd4e2_83b5caa6a8\", \"mime\": \"image/jpeg\", \"name\": \"thumbnail_photo-1428908728789-d2de25dbd4e2.jpg\", \"path\": null, \"size\": 3.31, \"width\": 234, \"height\": 156}}','photo_1428908728789_d2de25dbd4e2_83b5caa6a8','.jpg','image/jpeg',650.19,'/uploads/photo_1428908728789_d2de25dbd4e2_83b5caa6a8.jpg',NULL,'local',NULL,'/','2022-10-29 09:11:51.079000','2022-10-29 09:11:51.079000',1,1),(57,'photo-1428908684367-2fe456a630bb.jpg','photo-1428908684367-2fe456a630bb.jpg','photo-1428908684367-2fe456a630bb.jpg',5616,3744,'{\"large\": {\"ext\": \".jpg\", \"url\": \"/uploads/large_photo_1428908684367_2fe456a630bb_db5a9b107d.jpg\", \"hash\": \"large_photo_1428908684367_2fe456a630bb_db5a9b107d\", \"mime\": \"image/jpeg\", \"name\": \"large_photo-1428908684367-2fe456a630bb.jpg\", \"path\": null, \"size\": 52.84, \"width\": 1000, \"height\": 667}, \"small\": {\"ext\": \".jpg\", \"url\": \"/uploads/small_photo_1428908684367_2fe456a630bb_db5a9b107d.jpg\", \"hash\": \"small_photo_1428908684367_2fe456a630bb_db5a9b107d\", \"mime\": \"image/jpeg\", \"name\": \"small_photo-1428908684367-2fe456a630bb.jpg\", \"path\": null, \"size\": 15.99, \"width\": 500, \"height\": 333}, \"medium\": {\"ext\": \".jpg\", \"url\": \"/uploads/medium_photo_1428908684367_2fe456a630bb_db5a9b107d.jpg\", \"hash\": \"medium_photo_1428908684367_2fe456a630bb_db5a9b107d\", \"mime\": \"image/jpeg\", \"name\": \"medium_photo-1428908684367-2fe456a630bb.jpg\", \"path\": null, \"size\": 32.25, \"width\": 750, \"height\": 500}, \"thumbnail\": {\"ext\": \".jpg\", \"url\": \"/uploads/thumbnail_photo_1428908684367_2fe456a630bb_db5a9b107d.jpg\", \"hash\": \"thumbnail_photo_1428908684367_2fe456a630bb_db5a9b107d\", \"mime\": \"image/jpeg\", \"name\": \"thumbnail_photo-1428908684367-2fe456a630bb.jpg\", \"path\": null, \"size\": 4.92, \"width\": 234, \"height\": 156}}','photo_1428908684367_2fe456a630bb_db5a9b107d','.jpg','image/jpeg',1550.95,'/uploads/photo_1428908684367_2fe456a630bb_db5a9b107d.jpg',NULL,'local',NULL,'/','2022-10-29 09:11:53.002000','2022-10-29 09:11:53.002000',1,1),(58,'photo-1422207134147-65fb81f59e38.jpg','photo-1422207134147-65fb81f59e38.jpg','photo-1422207134147-65fb81f59e38.jpg',6302,4789,'{\"large\": {\"ext\": \".jpg\", \"url\": \"/uploads/large_photo_1422207134147_65fb81f59e38_1fe524210b.jpg\", \"hash\": \"large_photo_1422207134147_65fb81f59e38_1fe524210b\", \"mime\": \"image/jpeg\", \"name\": \"large_photo-1422207134147-65fb81f59e38.jpg\", \"path\": null, \"size\": 82.13, \"width\": 1000, \"height\": 760}, \"small\": {\"ext\": \".jpg\", \"url\": \"/uploads/small_photo_1422207134147_65fb81f59e38_1fe524210b.jpg\", \"hash\": \"small_photo_1422207134147_65fb81f59e38_1fe524210b\", \"mime\": \"image/jpeg\", \"name\": \"small_photo-1422207134147-65fb81f59e38.jpg\", \"path\": null, \"size\": 27.75, \"width\": 500, \"height\": 380}, \"medium\": {\"ext\": \".jpg\", \"url\": \"/uploads/medium_photo_1422207134147_65fb81f59e38_1fe524210b.jpg\", \"hash\": \"medium_photo_1422207134147_65fb81f59e38_1fe524210b\", \"mime\": \"image/jpeg\", \"name\": \"medium_photo-1422207134147-65fb81f59e38.jpg\", \"path\": null, \"size\": 52.4, \"width\": 750, \"height\": 570}, \"thumbnail\": {\"ext\": \".jpg\", \"url\": \"/uploads/thumbnail_photo_1422207134147_65fb81f59e38_1fe524210b.jpg\", \"hash\": \"thumbnail_photo_1422207134147_65fb81f59e38_1fe524210b\", \"mime\": \"image/jpeg\", \"name\": \"thumbnail_photo-1422207134147-65fb81f59e38.jpg\", \"path\": null, \"size\": 7.09, \"width\": 205, \"height\": 156}}','photo_1422207134147_65fb81f59e38_1fe524210b','.jpg','image/jpeg',2871.34,'/uploads/photo_1422207134147_65fb81f59e38_1fe524210b.jpg',NULL,'local',NULL,'/','2022-10-29 09:12:02.788000','2022-10-29 09:12:02.788000',1,1),(59,'photo-1428953773181-b4cf23cd7195.jpg','photo-1428953773181-b4cf23cd7195.jpg','photo-1428953773181-b4cf23cd7195.jpg',3632,5075,'{\"large\": {\"ext\": \".jpg\", \"url\": \"/uploads/large_photo_1428953773181_b4cf23cd7195_9bab046c5b.jpg\", \"hash\": \"large_photo_1428953773181_b4cf23cd7195_9bab046c5b\", \"mime\": \"image/jpeg\", \"name\": \"large_photo-1428953773181-b4cf23cd7195.jpg\", \"path\": null, \"size\": 102.59, \"width\": 716, \"height\": 1000}, \"small\": {\"ext\": \".jpg\", \"url\": \"/uploads/small_photo_1428953773181_b4cf23cd7195_9bab046c5b.jpg\", \"hash\": \"small_photo_1428953773181_b4cf23cd7195_9bab046c5b\", \"mime\": \"image/jpeg\", \"name\": \"small_photo-1428953773181-b4cf23cd7195.jpg\", \"path\": null, \"size\": 30.57, \"width\": 358, \"height\": 500}, \"medium\": {\"ext\": \".jpg\", \"url\": \"/uploads/medium_photo_1428953773181_b4cf23cd7195_9bab046c5b.jpg\", \"hash\": \"medium_photo_1428953773181_b4cf23cd7195_9bab046c5b\", \"mime\": \"image/jpeg\", \"name\": \"medium_photo-1428953773181-b4cf23cd7195.jpg\", \"path\": null, \"size\": 63.1, \"width\": 537, \"height\": 750}, \"thumbnail\": {\"ext\": \".jpg\", \"url\": \"/uploads/thumbnail_photo_1428953773181_b4cf23cd7195_9bab046c5b.jpg\", \"hash\": \"thumbnail_photo_1428953773181_b4cf23cd7195_9bab046c5b\", \"mime\": \"image/jpeg\", \"name\": \"thumbnail_photo-1428953773181-b4cf23cd7195.jpg\", \"path\": null, \"size\": 4.26, \"width\": 112, \"height\": 156}}','photo_1428953773181_b4cf23cd7195_9bab046c5b','.jpg','image/jpeg',1760.08,'/uploads/photo_1428953773181_b4cf23cd7195_9bab046c5b.jpg',NULL,'local',NULL,'/','2022-10-29 09:12:02.909000','2022-10-29 09:12:02.909000',1,1),(60,'photo-1429091967365-492aaa5accfe.jpg','photo-1429091967365-492aaa5accfe.jpg','photo-1429091967365-492aaa5accfe.jpg',1510,2445,'{\"large\": {\"ext\": \".jpg\", \"url\": \"/uploads/large_photo_1429091967365_492aaa5accfe_0ad6485510.jpg\", \"hash\": \"large_photo_1429091967365_492aaa5accfe_0ad6485510\", \"mime\": \"image/jpeg\", \"name\": \"large_photo-1429091967365-492aaa5accfe.jpg\", \"path\": null, \"size\": 80.25, \"width\": 618, \"height\": 1000}, \"small\": {\"ext\": \".jpg\", \"url\": \"/uploads/small_photo_1429091967365_492aaa5accfe_0ad6485510.jpg\", \"hash\": \"small_photo_1429091967365_492aaa5accfe_0ad6485510\", \"mime\": \"image/jpeg\", \"name\": \"small_photo-1429091967365-492aaa5accfe.jpg\", \"path\": null, \"size\": 22.39, \"width\": 309, \"height\": 500}, \"medium\": {\"ext\": \".jpg\", \"url\": \"/uploads/medium_photo_1429091967365_492aaa5accfe_0ad6485510.jpg\", \"hash\": \"medium_photo_1429091967365_492aaa5accfe_0ad6485510\", \"mime\": \"image/jpeg\", \"name\": \"medium_photo-1429091967365-492aaa5accfe.jpg\", \"path\": null, \"size\": 45.68, \"width\": 463, \"height\": 750}, \"thumbnail\": {\"ext\": \".jpg\", \"url\": \"/uploads/thumbnail_photo_1429091967365_492aaa5accfe_0ad6485510.jpg\", \"hash\": \"thumbnail_photo_1429091967365_492aaa5accfe_0ad6485510\", \"mime\": \"image/jpeg\", \"name\": \"thumbnail_photo-1429091967365-492aaa5accfe.jpg\", \"path\": null, \"size\": 3.09, \"width\": 96, \"height\": 156}}','photo_1429091967365_492aaa5accfe_0ad6485510','.jpg','image/jpeg',447.17,'/uploads/photo_1429091967365_492aaa5accfe_0ad6485510.jpg',NULL,'local',NULL,'/','2022-10-29 09:12:05.576000','2022-10-29 09:12:05.576000',1,1),(61,'photo-1429032021766-c6a53949594f.jpg','photo-1429032021766-c6a53949594f.jpg','photo-1429032021766-c6a53949594f.jpg',5472,3648,'{\"large\": {\"ext\": \".jpg\", \"url\": \"/uploads/large_photo_1429032021766_c6a53949594f_25cc680032.jpg\", \"hash\": \"large_photo_1429032021766_c6a53949594f_25cc680032\", \"mime\": \"image/jpeg\", \"name\": \"large_photo-1429032021766-c6a53949594f.jpg\", \"path\": null, \"size\": 96.65, \"width\": 1000, \"height\": 667}, \"small\": {\"ext\": \".jpg\", \"url\": \"/uploads/small_photo_1429032021766_c6a53949594f_25cc680032.jpg\", \"hash\": \"small_photo_1429032021766_c6a53949594f_25cc680032\", \"mime\": \"image/jpeg\", \"name\": \"small_photo-1429032021766-c6a53949594f.jpg\", \"path\": null, \"size\": 27.62, \"width\": 500, \"height\": 333}, \"medium\": {\"ext\": \".jpg\", \"url\": \"/uploads/medium_photo_1429032021766_c6a53949594f_25cc680032.jpg\", \"hash\": \"medium_photo_1429032021766_c6a53949594f_25cc680032\", \"mime\": \"image/jpeg\", \"name\": \"medium_photo-1429032021766-c6a53949594f.jpg\", \"path\": null, \"size\": 58.83, \"width\": 750, \"height\": 500}, \"thumbnail\": {\"ext\": \".jpg\", \"url\": \"/uploads/thumbnail_photo_1429032021766_c6a53949594f_25cc680032.jpg\", \"hash\": \"thumbnail_photo_1429032021766_c6a53949594f_25cc680032\", \"mime\": \"image/jpeg\", \"name\": \"thumbnail_photo-1429032021766-c6a53949594f.jpg\", \"path\": null, \"size\": 6.7, \"width\": 234, \"height\": 156}}','photo_1429032021766_c6a53949594f_25cc680032','.jpg','image/jpeg',2255.12,'/uploads/photo_1429032021766_c6a53949594f_25cc680032.jpg',NULL,'local',NULL,'/','2022-10-29 09:12:10.604000','2022-10-29 09:12:10.604000',1,1),(62,'photo-1417436026361-a033044d901f.jpg','photo-1417436026361-a033044d901f.jpg','photo-1417436026361-a033044d901f.jpg',7360,4912,'{\"large\": {\"ext\": \".jpg\", \"url\": \"/uploads/large_photo_1417436026361_a033044d901f_69ad8d240e.jpg\", \"hash\": \"large_photo_1417436026361_a033044d901f_69ad8d240e\", \"mime\": \"image/jpeg\", \"name\": \"large_photo-1417436026361-a033044d901f.jpg\", \"path\": null, \"size\": 146.5, \"width\": 1000, \"height\": 667}, \"small\": {\"ext\": \".jpg\", \"url\": \"/uploads/small_photo_1417436026361_a033044d901f_69ad8d240e.jpg\", \"hash\": \"small_photo_1417436026361_a033044d901f_69ad8d240e\", \"mime\": \"image/jpeg\", \"name\": \"small_photo-1417436026361-a033044d901f.jpg\", \"path\": null, \"size\": 39.38, \"width\": 500, \"height\": 334}, \"medium\": {\"ext\": \".jpg\", \"url\": \"/uploads/medium_photo_1417436026361_a033044d901f_69ad8d240e.jpg\", \"hash\": \"medium_photo_1417436026361_a033044d901f_69ad8d240e\", \"mime\": \"image/jpeg\", \"name\": \"medium_photo-1417436026361-a033044d901f.jpg\", \"path\": null, \"size\": 83.07, \"width\": 750, \"height\": 501}, \"thumbnail\": {\"ext\": \".jpg\", \"url\": \"/uploads/thumbnail_photo_1417436026361_a033044d901f_69ad8d240e.jpg\", \"hash\": \"thumbnail_photo_1417436026361_a033044d901f_69ad8d240e\", \"mime\": \"image/jpeg\", \"name\": \"thumbnail_photo-1417436026361-a033044d901f.jpg\", \"path\": null, \"size\": 10.08, \"width\": 234, \"height\": 156}}','photo_1417436026361_a033044d901f_69ad8d240e','.jpg','image/jpeg',4537.55,'/uploads/photo_1417436026361_a033044d901f_69ad8d240e.jpg',NULL,'local',NULL,'/','2022-10-29 09:12:13.744000','2022-10-29 09:12:13.744000',1,1),(63,'photo-1429637119272-20043840c013.jpg','photo-1429637119272-20043840c013.jpg','photo-1429637119272-20043840c013.jpg',2200,1467,'{\"large\": {\"ext\": \".jpg\", \"url\": \"/uploads/large_photo_1429637119272_20043840c013_fcfc0b838d.jpg\", \"hash\": \"large_photo_1429637119272_20043840c013_fcfc0b838d\", \"mime\": \"image/jpeg\", \"name\": \"large_photo-1429637119272-20043840c013.jpg\", \"path\": null, \"size\": 45.15, \"width\": 1000, \"height\": 667}, \"small\": {\"ext\": \".jpg\", \"url\": \"/uploads/small_photo_1429637119272_20043840c013_fcfc0b838d.jpg\", \"hash\": \"small_photo_1429637119272_20043840c013_fcfc0b838d\", \"mime\": \"image/jpeg\", \"name\": \"small_photo-1429637119272-20043840c013.jpg\", \"path\": null, \"size\": 15.59, \"width\": 500, \"height\": 333}, \"medium\": {\"ext\": \".jpg\", \"url\": \"/uploads/medium_photo_1429637119272_20043840c013_fcfc0b838d.jpg\", \"hash\": \"medium_photo_1429637119272_20043840c013_fcfc0b838d\", \"mime\": \"image/jpeg\", \"name\": \"medium_photo-1429637119272-20043840c013.jpg\", \"path\": null, \"size\": 28.92, \"width\": 750, \"height\": 500}, \"thumbnail\": {\"ext\": \".jpg\", \"url\": \"/uploads/thumbnail_photo_1429637119272_20043840c013_fcfc0b838d.jpg\", \"hash\": \"thumbnail_photo_1429637119272_20043840c013_fcfc0b838d\", \"mime\": \"image/jpeg\", \"name\": \"thumbnail_photo-1429637119272-20043840c013.jpg\", \"path\": null, \"size\": 5.25, \"width\": 234, \"height\": 156}}','photo_1429637119272_20043840c013_fcfc0b838d','.jpg','image/jpeg',175.63,'/uploads/photo_1429637119272_20043840c013_fcfc0b838d.jpg',NULL,'local',NULL,'/','2022-10-29 09:12:17.293000','2022-10-29 09:12:17.293000',1,1),(64,'photo-1429198739803-7db875882052.jpg','photo-1429198739803-7db875882052.jpg','photo-1429198739803-7db875882052.jpg',3456,5184,'{\"large\": {\"ext\": \".jpg\", \"url\": \"/uploads/large_photo_1429198739803_7db875882052_92faa5f22a.jpg\", \"hash\": \"large_photo_1429198739803_7db875882052_92faa5f22a\", \"mime\": \"image/jpeg\", \"name\": \"large_photo-1429198739803-7db875882052.jpg\", \"path\": null, \"size\": 94.15, \"width\": 667, \"height\": 1000}, \"small\": {\"ext\": \".jpg\", \"url\": \"/uploads/small_photo_1429198739803_7db875882052_92faa5f22a.jpg\", \"hash\": \"small_photo_1429198739803_7db875882052_92faa5f22a\", \"mime\": \"image/jpeg\", \"name\": \"small_photo-1429198739803-7db875882052.jpg\", \"path\": null, \"size\": 33.61, \"width\": 333, \"height\": 500}, \"medium\": {\"ext\": \".jpg\", \"url\": \"/uploads/medium_photo_1429198739803_7db875882052_92faa5f22a.jpg\", \"hash\": \"medium_photo_1429198739803_7db875882052_92faa5f22a\", \"mime\": \"image/jpeg\", \"name\": \"medium_photo-1429198739803-7db875882052.jpg\", \"path\": null, \"size\": 61.76, \"width\": 500, \"height\": 750}, \"thumbnail\": {\"ext\": \".jpg\", \"url\": \"/uploads/thumbnail_photo_1429198739803_7db875882052_92faa5f22a.jpg\", \"hash\": \"thumbnail_photo_1429198739803_7db875882052_92faa5f22a\", \"mime\": \"image/jpeg\", \"name\": \"thumbnail_photo-1429198739803-7db875882052.jpg\", \"path\": null, \"size\": 5.84, \"width\": 104, \"height\": 156}}','photo_1429198739803_7db875882052_92faa5f22a','.jpg','image/jpeg',1532.22,'/uploads/photo_1429198739803_7db875882052_92faa5f22a.jpg',NULL,'local',NULL,'/','2022-10-29 09:12:21.516000','2022-10-29 09:12:21.516000',1,1),(65,'FFCU_special_20x_live_on_stage_2.zip','FFCU_special_20x_live_on_stage_2.zip','FFCU_special_20x_live_on_stage_2.zip',NULL,NULL,NULL,'FFCU_special_20x_live_on_stage_2_a6935b04e6','.zip','application/x-zip-compressed',122757.52,'/uploads/FFCU_special_20x_live_on_stage_2_a6935b04e6.zip',NULL,'local',NULL,'/','2022-10-29 09:12:21.581000','2022-10-29 09:12:21.581000',1,1),(66,'photo-1429043794791-eb8f26f44081.png','photo-1429043794791-eb8f26f44081.png','photo-1429043794791-eb8f26f44081.png',3926,2848,'{\"large\": {\"ext\": \".png\", \"url\": \"/uploads/large_photo_1429043794791_eb8f26f44081_9c92540555.png\", \"hash\": \"large_photo_1429043794791_eb8f26f44081_9c92540555\", \"mime\": \"image/png\", \"name\": \"large_photo-1429043794791-eb8f26f44081.png\", \"path\": null, \"size\": 1312.21, \"width\": 1000, \"height\": 725}, \"small\": {\"ext\": \".png\", \"url\": \"/uploads/small_photo_1429043794791_eb8f26f44081_9c92540555.png\", \"hash\": \"small_photo_1429043794791_eb8f26f44081_9c92540555\", \"mime\": \"image/png\", \"name\": \"small_photo-1429043794791-eb8f26f44081.png\", \"path\": null, \"size\": 335.43, \"width\": 500, \"height\": 363}, \"medium\": {\"ext\": \".png\", \"url\": \"/uploads/medium_photo_1429043794791_eb8f26f44081_9c92540555.png\", \"hash\": \"medium_photo_1429043794791_eb8f26f44081_9c92540555\", \"mime\": \"image/png\", \"name\": \"medium_photo-1429043794791-eb8f26f44081.png\", \"path\": null, \"size\": 745.88, \"width\": 750, \"height\": 544}, \"thumbnail\": {\"ext\": \".png\", \"url\": \"/uploads/thumbnail_photo_1429043794791_eb8f26f44081_9c92540555.png\", \"hash\": \"thumbnail_photo_1429043794791_eb8f26f44081_9c92540555\", \"mime\": \"image/png\", \"name\": \"thumbnail_photo-1429043794791-eb8f26f44081.png\", \"path\": null, \"size\": 65.31, \"width\": 215, \"height\": 156}}','photo_1429043794791_eb8f26f44081_9c92540555','.png','image/png',12318.49,'/uploads/photo_1429043794791_eb8f26f44081_9c92540555.png',NULL,'local',NULL,'/','2022-10-29 09:12:25.667000','2022-10-29 09:12:25.667000',1,1),(67,'photo-1433840496881-cbd845929862.jpg','photo-1433840496881-cbd845929862.jpg','photo-1433840496881-cbd845929862.jpg',3084,2056,'{\"large\": {\"ext\": \".jpg\", \"url\": \"/uploads/large_photo_1433840496881_cbd845929862_1fd4e34e23.jpg\", \"hash\": \"large_photo_1433840496881_cbd845929862_1fd4e34e23\", \"mime\": \"image/jpeg\", \"name\": \"large_photo-1433840496881-cbd845929862.jpg\", \"path\": null, \"size\": 55.06, \"width\": 1000, \"height\": 667}, \"small\": {\"ext\": \".jpg\", \"url\": \"/uploads/small_photo_1433840496881_cbd845929862_1fd4e34e23.jpg\", \"hash\": \"small_photo_1433840496881_cbd845929862_1fd4e34e23\", \"mime\": \"image/jpeg\", \"name\": \"small_photo-1433840496881-cbd845929862.jpg\", \"path\": null, \"size\": 18.71, \"width\": 500, \"height\": 333}, \"medium\": {\"ext\": \".jpg\", \"url\": \"/uploads/medium_photo_1433840496881_cbd845929862_1fd4e34e23.jpg\", \"hash\": \"medium_photo_1433840496881_cbd845929862_1fd4e34e23\", \"mime\": \"image/jpeg\", \"name\": \"medium_photo-1433840496881-cbd845929862.jpg\", \"path\": null, \"size\": 35.01, \"width\": 750, \"height\": 500}, \"thumbnail\": {\"ext\": \".jpg\", \"url\": \"/uploads/thumbnail_photo_1433840496881_cbd845929862_1fd4e34e23.jpg\", \"hash\": \"thumbnail_photo_1433840496881_cbd845929862_1fd4e34e23\", \"mime\": \"image/jpeg\", \"name\": \"thumbnail_photo-1433840496881-cbd845929862.jpg\", \"path\": null, \"size\": 6.13, \"width\": 234, \"height\": 156}}','photo_1433840496881_cbd845929862_1fd4e34e23','.jpg','image/jpeg',435.36,'/uploads/photo_1433840496881_cbd845929862_1fd4e34e23.jpg',NULL,'local',NULL,'/','2022-10-29 09:12:27.713000','2022-10-29 09:12:27.713000',1,1),(68,'photo-1432821596592-e2c18b78144f.jpg','photo-1432821596592-e2c18b78144f.jpg','photo-1432821596592-e2c18b78144f.jpg',4000,2667,'{\"large\": {\"ext\": \".jpg\", \"url\": \"/uploads/large_photo_1432821596592_e2c18b78144f_62d281b4b5.jpg\", \"hash\": \"large_photo_1432821596592_e2c18b78144f_62d281b4b5\", \"mime\": \"image/jpeg\", \"name\": \"large_photo-1432821596592-e2c18b78144f.jpg\", \"path\": null, \"size\": 131.79, \"width\": 1000, \"height\": 667}, \"small\": {\"ext\": \".jpg\", \"url\": \"/uploads/small_photo_1432821596592_e2c18b78144f_62d281b4b5.jpg\", \"hash\": \"small_photo_1432821596592_e2c18b78144f_62d281b4b5\", \"mime\": \"image/jpeg\", \"name\": \"small_photo-1432821596592-e2c18b78144f.jpg\", \"path\": null, \"size\": 31.97, \"width\": 500, \"height\": 333}, \"medium\": {\"ext\": \".jpg\", \"url\": \"/uploads/medium_photo_1432821596592_e2c18b78144f_62d281b4b5.jpg\", \"hash\": \"medium_photo_1432821596592_e2c18b78144f_62d281b4b5\", \"mime\": \"image/jpeg\", \"name\": \"medium_photo-1432821596592-e2c18b78144f.jpg\", \"path\": null, \"size\": 72.01, \"width\": 750, \"height\": 500}, \"thumbnail\": {\"ext\": \".jpg\", \"url\": \"/uploads/thumbnail_photo_1432821596592_e2c18b78144f_62d281b4b5.jpg\", \"hash\": \"thumbnail_photo_1432821596592_e2c18b78144f_62d281b4b5\", \"mime\": \"image/jpeg\", \"name\": \"thumbnail_photo-1432821596592-e2c18b78144f.jpg\", \"path\": null, \"size\": 8.05, \"width\": 234, \"height\": 156}}','photo_1432821596592_e2c18b78144f_62d281b4b5','.jpg','image/jpeg',1745.61,'/uploads/photo_1432821596592_e2c18b78144f_62d281b4b5.jpg',NULL,'local',NULL,'/','2022-10-29 09:12:34.465000','2022-10-29 09:12:34.465000',1,1),(69,'photo-1430620081187-c59647bac29e.jpg','photo-1430620081187-c59647bac29e.jpg','photo-1430620081187-c59647bac29e.jpg',4896,3264,'{\"large\": {\"ext\": \".jpg\", \"url\": \"/uploads/large_photo_1430620081187_c59647bac29e_5e20384eeb.jpg\", \"hash\": \"large_photo_1430620081187_c59647bac29e_5e20384eeb\", \"mime\": \"image/jpeg\", \"name\": \"large_photo-1430620081187-c59647bac29e.jpg\", \"path\": null, \"size\": 251.08, \"width\": 1000, \"height\": 667}, \"small\": {\"ext\": \".jpg\", \"url\": \"/uploads/small_photo_1430620081187_c59647bac29e_5e20384eeb.jpg\", \"hash\": \"small_photo_1430620081187_c59647bac29e_5e20384eeb\", \"mime\": \"image/jpeg\", \"name\": \"small_photo-1430620081187-c59647bac29e.jpg\", \"path\": null, \"size\": 67.91, \"width\": 500, \"height\": 333}, \"medium\": {\"ext\": \".jpg\", \"url\": \"/uploads/medium_photo_1430620081187_c59647bac29e_5e20384eeb.jpg\", \"hash\": \"medium_photo_1430620081187_c59647bac29e_5e20384eeb\", \"mime\": \"image/jpeg\", \"name\": \"medium_photo-1430620081187-c59647bac29e.jpg\", \"path\": null, \"size\": 146.78, \"width\": 750, \"height\": 500}, \"thumbnail\": {\"ext\": \".jpg\", \"url\": \"/uploads/thumbnail_photo_1430620081187_c59647bac29e_5e20384eeb.jpg\", \"hash\": \"thumbnail_photo_1430620081187_c59647bac29e_5e20384eeb\", \"mime\": \"image/jpeg\", \"name\": \"thumbnail_photo-1430620081187-c59647bac29e.jpg\", \"path\": null, \"size\": 17.1, \"width\": 234, \"height\": 156}}','photo_1430620081187_c59647bac29e_5e20384eeb','.jpg','image/jpeg',3327.47,'/uploads/photo_1430620081187_c59647bac29e_5e20384eeb.jpg',NULL,'local',NULL,'/','2022-10-29 09:12:36.023000','2022-10-29 09:12:36.023000',1,1),(70,'photo-1446797376004-9352dfc9f789.jpg','photo-1446797376004-9352dfc9f789.jpg','photo-1446797376004-9352dfc9f789.jpg',3757,2468,'{\"large\": {\"ext\": \".jpg\", \"url\": \"/uploads/large_photo_1446797376004_9352dfc9f789_cf2861b0e2.jpg\", \"hash\": \"large_photo_1446797376004_9352dfc9f789_cf2861b0e2\", \"mime\": \"image/jpeg\", \"name\": \"large_photo-1446797376004-9352dfc9f789.jpg\", \"path\": null, \"size\": 68.64, \"width\": 1000, \"height\": 657}, \"small\": {\"ext\": \".jpg\", \"url\": \"/uploads/small_photo_1446797376004_9352dfc9f789_cf2861b0e2.jpg\", \"hash\": \"small_photo_1446797376004_9352dfc9f789_cf2861b0e2\", \"mime\": \"image/jpeg\", \"name\": \"small_photo-1446797376004-9352dfc9f789.jpg\", \"path\": null, \"size\": 21, \"width\": 500, \"height\": 329}, \"medium\": {\"ext\": \".jpg\", \"url\": \"/uploads/medium_photo_1446797376004_9352dfc9f789_cf2861b0e2.jpg\", \"hash\": \"medium_photo_1446797376004_9352dfc9f789_cf2861b0e2\", \"mime\": \"image/jpeg\", \"name\": \"medium_photo-1446797376004-9352dfc9f789.jpg\", \"path\": null, \"size\": 40.88, \"width\": 750, \"height\": 493}, \"thumbnail\": {\"ext\": \".jpg\", \"url\": \"/uploads/thumbnail_photo_1446797376004_9352dfc9f789_cf2861b0e2.jpg\", \"hash\": \"thumbnail_photo_1446797376004_9352dfc9f789_cf2861b0e2\", \"mime\": \"image/jpeg\", \"name\": \"thumbnail_photo-1446797376004-9352dfc9f789.jpg\", \"path\": null, \"size\": 5.98, \"width\": 238, \"height\": 156}}','photo_1446797376004_9352dfc9f789_cf2861b0e2','.jpg','image/jpeg',1060.69,'/uploads/photo_1446797376004_9352dfc9f789_cf2861b0e2.jpg',NULL,'local',NULL,'/','2022-10-29 09:12:36.374000','2022-10-29 09:12:36.374000',1,1),(71,'photo-1449158672805-f0deda6782ec.jpg','photo-1449158672805-f0deda6782ec.jpg','photo-1449158672805-f0deda6782ec.jpg',3264,2448,'{\"large\": {\"ext\": \".jpg\", \"url\": \"/uploads/large_photo_1449158672805_f0deda6782ec_d249596882.jpg\", \"hash\": \"large_photo_1449158672805_f0deda6782ec_d249596882\", \"mime\": \"image/jpeg\", \"name\": \"large_photo-1449158672805-f0deda6782ec.jpg\", \"path\": null, \"size\": 141.82, \"width\": 1000, \"height\": 750}, \"small\": {\"ext\": \".jpg\", \"url\": \"/uploads/small_photo_1449158672805_f0deda6782ec_d249596882.jpg\", \"hash\": \"small_photo_1449158672805_f0deda6782ec_d249596882\", \"mime\": \"image/jpeg\", \"name\": \"small_photo-1449158672805-f0deda6782ec.jpg\", \"path\": null, \"size\": 40.07, \"width\": 500, \"height\": 375}, \"medium\": {\"ext\": \".jpg\", \"url\": \"/uploads/medium_photo_1449158672805_f0deda6782ec_d249596882.jpg\", \"hash\": \"medium_photo_1449158672805_f0deda6782ec_d249596882\", \"mime\": \"image/jpeg\", \"name\": \"medium_photo-1449158672805-f0deda6782ec.jpg\", \"path\": null, \"size\": 85, \"width\": 750, \"height\": 563}, \"thumbnail\": {\"ext\": \".jpg\", \"url\": \"/uploads/thumbnail_photo_1449158672805_f0deda6782ec_d249596882.jpg\", \"hash\": \"thumbnail_photo_1449158672805_f0deda6782ec_d249596882\", \"mime\": \"image/jpeg\", \"name\": \"thumbnail_photo-1449158672805-f0deda6782ec.jpg\", \"path\": null, \"size\": 8.56, \"width\": 208, \"height\": 156}}','photo_1449158672805_f0deda6782ec_d249596882','.jpg','image/jpeg',1255.99,'/uploads/photo_1449158672805_f0deda6782ec_d249596882.jpg',NULL,'local',NULL,'/','2022-10-29 09:12:36.933000','2022-10-29 09:12:36.933000',1,1),(72,'pillows.jpg','pillows.jpg','pillows.jpg',1920,1280,'{\"large\": {\"ext\": \".jpg\", \"url\": \"/uploads/large_pillows_7d3ddbdff5.jpg\", \"hash\": \"large_pillows_7d3ddbdff5\", \"mime\": \"image/jpeg\", \"name\": \"large_pillows.jpg\", \"path\": null, \"size\": 51.39, \"width\": 1000, \"height\": 667}, \"small\": {\"ext\": \".jpg\", \"url\": \"/uploads/small_pillows_7d3ddbdff5.jpg\", \"hash\": \"small_pillows_7d3ddbdff5\", \"mime\": \"image/jpeg\", \"name\": \"small_pillows.jpg\", \"path\": null, \"size\": 18.19, \"width\": 500, \"height\": 333}, \"medium\": {\"ext\": \".jpg\", \"url\": \"/uploads/medium_pillows_7d3ddbdff5.jpg\", \"hash\": \"medium_pillows_7d3ddbdff5\", \"mime\": \"image/jpeg\", \"name\": \"medium_pillows.jpg\", \"path\": null, \"size\": 32.86, \"width\": 750, \"height\": 500}, \"thumbnail\": {\"ext\": \".jpg\", \"url\": \"/uploads/thumbnail_pillows_7d3ddbdff5.jpg\", \"hash\": \"thumbnail_pillows_7d3ddbdff5\", \"mime\": \"image/jpeg\", \"name\": \"thumbnail_pillows.jpg\", \"path\": null, \"size\": 6.08, \"width\": 234, \"height\": 156}}','pillows_7d3ddbdff5','.jpg','image/jpeg',157.72,'/uploads/pillows_7d3ddbdff5.jpg',NULL,'local',NULL,'/','2022-10-29 09:12:39.123000','2022-10-29 09:12:39.123000',1,1),(73,'photo-1429371527702-1bfdc0eeea7d.jpg','photo-1429371527702-1bfdc0eeea7d.jpg','photo-1429371527702-1bfdc0eeea7d.jpg',5184,3456,'{\"large\": {\"ext\": \".jpg\", \"url\": \"/uploads/large_photo_1429371527702_1bfdc0eeea7d_efe3ebdb44.jpg\", \"hash\": \"large_photo_1429371527702_1bfdc0eeea7d_efe3ebdb44\", \"mime\": \"image/jpeg\", \"name\": \"large_photo-1429371527702-1bfdc0eeea7d.jpg\", \"path\": null, \"size\": 40.63, \"width\": 1000, \"height\": 667}, \"small\": {\"ext\": \".jpg\", \"url\": \"/uploads/small_photo_1429371527702_1bfdc0eeea7d_efe3ebdb44.jpg\", \"hash\": \"small_photo_1429371527702_1bfdc0eeea7d_efe3ebdb44\", \"mime\": \"image/jpeg\", \"name\": \"small_photo-1429371527702-1bfdc0eeea7d.jpg\", \"path\": null, \"size\": 14.38, \"width\": 500, \"height\": 333}, \"medium\": {\"ext\": \".jpg\", \"url\": \"/uploads/medium_photo_1429371527702_1bfdc0eeea7d_efe3ebdb44.jpg\", \"hash\": \"medium_photo_1429371527702_1bfdc0eeea7d_efe3ebdb44\", \"mime\": \"image/jpeg\", \"name\": \"medium_photo-1429371527702-1bfdc0eeea7d.jpg\", \"path\": null, \"size\": 25.95, \"width\": 750, \"height\": 500}, \"thumbnail\": {\"ext\": \".jpg\", \"url\": \"/uploads/thumbnail_photo_1429371527702_1bfdc0eeea7d_efe3ebdb44.jpg\", \"hash\": \"thumbnail_photo_1429371527702_1bfdc0eeea7d_efe3ebdb44\", \"mime\": \"image/jpeg\", \"name\": \"thumbnail_photo-1429371527702-1bfdc0eeea7d.jpg\", \"path\": null, \"size\": 5.18, \"width\": 234, \"height\": 156}}','photo_1429371527702_1bfdc0eeea7d_efe3ebdb44','.jpg','image/jpeg',1920.66,'/uploads/photo_1429371527702_1bfdc0eeea7d_efe3ebdb44.jpg',NULL,'local',NULL,'/','2022-10-29 09:12:41.610000','2022-10-29 09:12:41.610000',1,1),(74,'tumblr_npx8nyZEzy1slhhf0o1_1280.jpg','tumblr_npx8nyZEzy1slhhf0o1_1280.jpg','tumblr_npx8nyZEzy1slhhf0o1_1280.jpg',1280,853,'{\"large\": {\"ext\": \".jpg\", \"url\": \"/uploads/large_tumblr_npx8ny_Z_Ezy1slhhf0o1_1280_f574bc519c.jpg\", \"hash\": \"large_tumblr_npx8ny_Z_Ezy1slhhf0o1_1280_f574bc519c\", \"mime\": \"image/jpeg\", \"name\": \"large_tumblr_npx8nyZEzy1slhhf0o1_1280.jpg\", \"path\": null, \"size\": 32.57, \"width\": 1000, \"height\": 666}, \"small\": {\"ext\": \".jpg\", \"url\": \"/uploads/small_tumblr_npx8ny_Z_Ezy1slhhf0o1_1280_f574bc519c.jpg\", \"hash\": \"small_tumblr_npx8ny_Z_Ezy1slhhf0o1_1280_f574bc519c\", \"mime\": \"image/jpeg\", \"name\": \"small_tumblr_npx8nyZEzy1slhhf0o1_1280.jpg\", \"path\": null, \"size\": 9.32, \"width\": 500, \"height\": 333}, \"medium\": {\"ext\": \".jpg\", \"url\": \"/uploads/medium_tumblr_npx8ny_Z_Ezy1slhhf0o1_1280_f574bc519c.jpg\", \"hash\": \"medium_tumblr_npx8ny_Z_Ezy1slhhf0o1_1280_f574bc519c\", \"mime\": \"image/jpeg\", \"name\": \"medium_tumblr_npx8nyZEzy1slhhf0o1_1280.jpg\", \"path\": null, \"size\": 19.27, \"width\": 750, \"height\": 500}, \"thumbnail\": {\"ext\": \".jpg\", \"url\": \"/uploads/thumbnail_tumblr_npx8ny_Z_Ezy1slhhf0o1_1280_f574bc519c.jpg\", \"hash\": \"thumbnail_tumblr_npx8ny_Z_Ezy1slhhf0o1_1280_f574bc519c\", \"mime\": \"image/jpeg\", \"name\": \"thumbnail_tumblr_npx8nyZEzy1slhhf0o1_1280.jpg\", \"path\": null, \"size\": 2.74, \"width\": 234, \"height\": 156}}','tumblr_npx8ny_Z_Ezy1slhhf0o1_1280_f574bc519c','.jpg','image/jpeg',50.12,'/uploads/tumblr_npx8ny_Z_Ezy1slhhf0o1_1280_f574bc519c.jpg',NULL,'local',NULL,'/','2022-10-29 09:12:42.787000','2022-10-29 09:12:42.787000',1,1),(75,'photo-1429105049372-8d928fd29ba1.jpg','photo-1429105049372-8d928fd29ba1.jpg','photo-1429105049372-8d928fd29ba1.jpg',5472,3648,'{\"large\": {\"ext\": \".jpg\", \"url\": \"/uploads/large_photo_1429105049372_8d928fd29ba1_1a64e51900.jpg\", \"hash\": \"large_photo_1429105049372_8d928fd29ba1_1a64e51900\", \"mime\": \"image/jpeg\", \"name\": \"large_photo-1429105049372-8d928fd29ba1.jpg\", \"path\": null, \"size\": 210.54, \"width\": 1000, \"height\": 667}, \"small\": {\"ext\": \".jpg\", \"url\": \"/uploads/small_photo_1429105049372_8d928fd29ba1_1a64e51900.jpg\", \"hash\": \"small_photo_1429105049372_8d928fd29ba1_1a64e51900\", \"mime\": \"image/jpeg\", \"name\": \"small_photo-1429105049372-8d928fd29ba1.jpg\", \"path\": null, \"size\": 54.15, \"width\": 500, \"height\": 333}, \"medium\": {\"ext\": \".jpg\", \"url\": \"/uploads/medium_photo_1429105049372_8d928fd29ba1_1a64e51900.jpg\", \"hash\": \"medium_photo_1429105049372_8d928fd29ba1_1a64e51900\", \"mime\": \"image/jpeg\", \"name\": \"medium_photo-1429105049372-8d928fd29ba1.jpg\", \"path\": null, \"size\": 122.23, \"width\": 750, \"height\": 500}, \"thumbnail\": {\"ext\": \".jpg\", \"url\": \"/uploads/thumbnail_photo_1429105049372_8d928fd29ba1_1a64e51900.jpg\", \"hash\": \"thumbnail_photo_1429105049372_8d928fd29ba1_1a64e51900\", \"mime\": \"image/jpeg\", \"name\": \"thumbnail_photo-1429105049372-8d928fd29ba1.jpg\", \"path\": null, \"size\": 12.48, \"width\": 234, \"height\": 156}}','photo_1429105049372_8d928fd29ba1_1a64e51900','.jpg','image/jpeg',4889.55,'/uploads/photo_1429105049372_8d928fd29ba1_1a64e51900.jpg',NULL,'local',NULL,'/','2022-10-29 09:12:45.958000','2022-10-29 09:12:45.958000',1,1),(76,'tumblr_nw1ooyx6As1slhhf0o1_1280.jpg','tumblr_nw1ooyx6As1slhhf0o1_1280.jpg','tumblr_nw1ooyx6As1slhhf0o1_1280.jpg',1280,960,'{\"large\": {\"ext\": \".jpg\", \"url\": \"/uploads/large_tumblr_nw1ooyx6_As1slhhf0o1_1280_01096848df.jpg\", \"hash\": \"large_tumblr_nw1ooyx6_As1slhhf0o1_1280_01096848df\", \"mime\": \"image/jpeg\", \"name\": \"large_tumblr_nw1ooyx6As1slhhf0o1_1280.jpg\", \"path\": null, \"size\": 192.39, \"width\": 1000, \"height\": 750}, \"small\": {\"ext\": \".jpg\", \"url\": \"/uploads/small_tumblr_nw1ooyx6_As1slhhf0o1_1280_01096848df.jpg\", \"hash\": \"small_tumblr_nw1ooyx6_As1slhhf0o1_1280_01096848df\", \"mime\": \"image/jpeg\", \"name\": \"small_tumblr_nw1ooyx6As1slhhf0o1_1280.jpg\", \"path\": null, \"size\": 60.42, \"width\": 500, \"height\": 375}, \"medium\": {\"ext\": \".jpg\", \"url\": \"/uploads/medium_tumblr_nw1ooyx6_As1slhhf0o1_1280_01096848df.jpg\", \"hash\": \"medium_tumblr_nw1ooyx6_As1slhhf0o1_1280_01096848df\", \"mime\": \"image/jpeg\", \"name\": \"medium_tumblr_nw1ooyx6As1slhhf0o1_1280.jpg\", \"path\": null, \"size\": 120.59, \"width\": 750, \"height\": 563}, \"thumbnail\": {\"ext\": \".jpg\", \"url\": \"/uploads/thumbnail_tumblr_nw1ooyx6_As1slhhf0o1_1280_01096848df.jpg\", \"hash\": \"thumbnail_tumblr_nw1ooyx6_As1slhhf0o1_1280_01096848df\", \"mime\": \"image/jpeg\", \"name\": \"thumbnail_tumblr_nw1ooyx6As1slhhf0o1_1280.jpg\", \"path\": null, \"size\": 12.24, \"width\": 208, \"height\": 156}}','tumblr_nw1ooyx6_As1slhhf0o1_1280_01096848df','.jpg','image/jpeg',281.05,'/uploads/tumblr_nw1ooyx6_As1slhhf0o1_1280_01096848df.jpg',NULL,'local',NULL,'/','2022-10-29 09:12:46.052000','2022-10-29 09:12:46.052000',1,1),(77,'tumblr_nvkwo2xP5v1slhhf0o1_1280.jpg','tumblr_nvkwo2xP5v1slhhf0o1_1280.jpg','tumblr_nvkwo2xP5v1slhhf0o1_1280.jpg',1280,853,'{\"large\": {\"ext\": \".jpg\", \"url\": \"/uploads/large_tumblr_nvkwo2x_P5v1slhhf0o1_1280_af93294bff.jpg\", \"hash\": \"large_tumblr_nvkwo2x_P5v1slhhf0o1_1280_af93294bff\", \"mime\": \"image/jpeg\", \"name\": \"large_tumblr_nvkwo2xP5v1slhhf0o1_1280.jpg\", \"path\": null, \"size\": 62.57, \"width\": 1000, \"height\": 666}, \"small\": {\"ext\": \".jpg\", \"url\": \"/uploads/small_tumblr_nvkwo2x_P5v1slhhf0o1_1280_af93294bff.jpg\", \"hash\": \"small_tumblr_nvkwo2x_P5v1slhhf0o1_1280_af93294bff\", \"mime\": \"image/jpeg\", \"name\": \"small_tumblr_nvkwo2xP5v1slhhf0o1_1280.jpg\", \"path\": null, \"size\": 20.09, \"width\": 500, \"height\": 333}, \"medium\": {\"ext\": \".jpg\", \"url\": \"/uploads/medium_tumblr_nvkwo2x_P5v1slhhf0o1_1280_af93294bff.jpg\", \"hash\": \"medium_tumblr_nvkwo2x_P5v1slhhf0o1_1280_af93294bff\", \"mime\": \"image/jpeg\", \"name\": \"medium_tumblr_nvkwo2xP5v1slhhf0o1_1280.jpg\", \"path\": null, \"size\": 39.03, \"width\": 750, \"height\": 500}, \"thumbnail\": {\"ext\": \".jpg\", \"url\": \"/uploads/thumbnail_tumblr_nvkwo2x_P5v1slhhf0o1_1280_af93294bff.jpg\", \"hash\": \"thumbnail_tumblr_nvkwo2x_P5v1slhhf0o1_1280_af93294bff\", \"mime\": \"image/jpeg\", \"name\": \"thumbnail_tumblr_nvkwo2xP5v1slhhf0o1_1280.jpg\", \"path\": null, \"size\": 5.98, \"width\": 234, \"height\": 156}}','tumblr_nvkwo2x_P5v1slhhf0o1_1280_af93294bff','.jpg','image/jpeg',93.19,'/uploads/tumblr_nvkwo2x_P5v1slhhf0o1_1280_af93294bff.jpg',NULL,'local',NULL,'/','2022-10-29 09:12:47.739000','2022-10-29 09:12:47.739000',1,1),(78,'tumblr_nx55l7JRHy1slhhf0o1_1280.jpg','tumblr_nx55l7JRHy1slhhf0o1_1280.jpg','tumblr_nx55l7JRHy1slhhf0o1_1280.jpg',1280,857,'{\"large\": {\"ext\": \".jpg\", \"url\": \"/uploads/large_tumblr_nx55l7_JR_Hy1slhhf0o1_1280_28f0c70a4a.jpg\", \"hash\": \"large_tumblr_nx55l7_JR_Hy1slhhf0o1_1280_28f0c70a4a\", \"mime\": \"image/jpeg\", \"name\": \"large_tumblr_nx55l7JRHy1slhhf0o1_1280.jpg\", \"path\": null, \"size\": 147.07, \"width\": 1000, \"height\": 670}, \"small\": {\"ext\": \".jpg\", \"url\": \"/uploads/small_tumblr_nx55l7_JR_Hy1slhhf0o1_1280_28f0c70a4a.jpg\", \"hash\": \"small_tumblr_nx55l7_JR_Hy1slhhf0o1_1280_28f0c70a4a\", \"mime\": \"image/jpeg\", \"name\": \"small_tumblr_nx55l7JRHy1slhhf0o1_1280.jpg\", \"path\": null, \"size\": 49.48, \"width\": 500, \"height\": 335}, \"medium\": {\"ext\": \".jpg\", \"url\": \"/uploads/medium_tumblr_nx55l7_JR_Hy1slhhf0o1_1280_28f0c70a4a.jpg\", \"hash\": \"medium_tumblr_nx55l7_JR_Hy1slhhf0o1_1280_28f0c70a4a\", \"mime\": \"image/jpeg\", \"name\": \"medium_tumblr_nx55l7JRHy1slhhf0o1_1280.jpg\", \"path\": null, \"size\": 92.52, \"width\": 750, \"height\": 502}, \"thumbnail\": {\"ext\": \".jpg\", \"url\": \"/uploads/thumbnail_tumblr_nx55l7_JR_Hy1slhhf0o1_1280_28f0c70a4a.jpg\", \"hash\": \"thumbnail_tumblr_nx55l7_JR_Hy1slhhf0o1_1280_28f0c70a4a\", \"mime\": \"image/jpeg\", \"name\": \"thumbnail_tumblr_nx55l7JRHy1slhhf0o1_1280.jpg\", \"path\": null, \"size\": 14.71, \"width\": 233, \"height\": 156}}','tumblr_nx55l7_JR_Hy1slhhf0o1_1280_28f0c70a4a','.jpg','image/jpeg',228.85,'/uploads/tumblr_nx55l7_JR_Hy1slhhf0o1_1280_28f0c70a4a.jpg',NULL,'local',NULL,'/','2022-10-29 09:12:48.755000','2022-10-29 09:12:48.755000',1,1),(79,'tumblr_nxhurtYgSz1slhhf0o1_1280.jpg','tumblr_nxhurtYgSz1slhhf0o1_1280.jpg','tumblr_nxhurtYgSz1slhhf0o1_1280.jpg',1280,738,'{\"large\": {\"ext\": \".jpg\", \"url\": \"/uploads/large_tumblr_nxhurt_Yg_Sz1slhhf0o1_1280_70dcdaef19.jpg\", \"hash\": \"large_tumblr_nxhurt_Yg_Sz1slhhf0o1_1280_70dcdaef19\", \"mime\": \"image/jpeg\", \"name\": \"large_tumblr_nxhurtYgSz1slhhf0o1_1280.jpg\", \"path\": null, \"size\": 51.97, \"width\": 1000, \"height\": 577}, \"small\": {\"ext\": \".jpg\", \"url\": \"/uploads/small_tumblr_nxhurt_Yg_Sz1slhhf0o1_1280_70dcdaef19.jpg\", \"hash\": \"small_tumblr_nxhurt_Yg_Sz1slhhf0o1_1280_70dcdaef19\", \"mime\": \"image/jpeg\", \"name\": \"small_tumblr_nxhurtYgSz1slhhf0o1_1280.jpg\", \"path\": null, \"size\": 17.58, \"width\": 500, \"height\": 288}, \"medium\": {\"ext\": \".jpg\", \"url\": \"/uploads/medium_tumblr_nxhurt_Yg_Sz1slhhf0o1_1280_70dcdaef19.jpg\", \"hash\": \"medium_tumblr_nxhurt_Yg_Sz1slhhf0o1_1280_70dcdaef19\", \"mime\": \"image/jpeg\", \"name\": \"medium_tumblr_nxhurtYgSz1slhhf0o1_1280.jpg\", \"path\": null, \"size\": 32.73, \"width\": 750, \"height\": 432}, \"thumbnail\": {\"ext\": \".jpg\", \"url\": \"/uploads/thumbnail_tumblr_nxhurt_Yg_Sz1slhhf0o1_1280_70dcdaef19.jpg\", \"hash\": \"thumbnail_tumblr_nxhurt_Yg_Sz1slhhf0o1_1280_70dcdaef19\", \"mime\": \"image/jpeg\", \"name\": \"thumbnail_tumblr_nxhurtYgSz1slhhf0o1_1280.jpg\", \"path\": null, \"size\": 5.85, \"width\": 245, \"height\": 141}}','tumblr_nxhurt_Yg_Sz1slhhf0o1_1280_70dcdaef19','.jpg','image/jpeg',75.94,'/uploads/tumblr_nxhurt_Yg_Sz1slhhf0o1_1280_70dcdaef19.jpg',NULL,'local',NULL,'/','2022-10-29 09:12:49.546000','2022-10-29 09:12:49.546000',1,1),(80,'tumblr_o1t147YVY61slhhf0o1_1280.jpg','tumblr_o1t147YVY61slhhf0o1_1280.jpg','tumblr_o1t147YVY61slhhf0o1_1280.jpg',1280,854,'{\"large\": {\"ext\": \".jpg\", \"url\": \"/uploads/large_tumblr_o1t147_YVY_61slhhf0o1_1280_ba3d7e9670.jpg\", \"hash\": \"large_tumblr_o1t147_YVY_61slhhf0o1_1280_ba3d7e9670\", \"mime\": \"image/jpeg\", \"name\": \"large_tumblr_o1t147YVY61slhhf0o1_1280.jpg\", \"path\": null, \"size\": 100.6, \"width\": 1000, \"height\": 667}, \"small\": {\"ext\": \".jpg\", \"url\": \"/uploads/small_tumblr_o1t147_YVY_61slhhf0o1_1280_ba3d7e9670.jpg\", \"hash\": \"small_tumblr_o1t147_YVY_61slhhf0o1_1280_ba3d7e9670\", \"mime\": \"image/jpeg\", \"name\": \"small_tumblr_o1t147YVY61slhhf0o1_1280.jpg\", \"path\": null, \"size\": 29.2, \"width\": 500, \"height\": 334}, \"medium\": {\"ext\": \".jpg\", \"url\": \"/uploads/medium_tumblr_o1t147_YVY_61slhhf0o1_1280_ba3d7e9670.jpg\", \"hash\": \"medium_tumblr_o1t147_YVY_61slhhf0o1_1280_ba3d7e9670\", \"mime\": \"image/jpeg\", \"name\": \"medium_tumblr_o1t147YVY61slhhf0o1_1280.jpg\", \"path\": null, \"size\": 60.5, \"width\": 750, \"height\": 500}, \"thumbnail\": {\"ext\": \".jpg\", \"url\": \"/uploads/thumbnail_tumblr_o1t147_YVY_61slhhf0o1_1280_ba3d7e9670.jpg\", \"hash\": \"thumbnail_tumblr_o1t147_YVY_61slhhf0o1_1280_ba3d7e9670\", \"mime\": \"image/jpeg\", \"name\": \"thumbnail_tumblr_o1t147YVY61slhhf0o1_1280.jpg\", \"path\": null, \"size\": 7.44, \"width\": 234, \"height\": 156}}','tumblr_o1t147_YVY_61slhhf0o1_1280_ba3d7e9670','.jpg','image/jpeg',152.57,'/uploads/tumblr_o1t147_YVY_61slhhf0o1_1280_ba3d7e9670.jpg',NULL,'local',NULL,'/','2022-10-29 09:12:50.647000','2022-10-29 09:12:50.647000',1,1),(81,'restaurant-man-person-coffee.jpeg','restaurant-man-person-coffee.jpeg','restaurant-man-person-coffee.jpeg',4373,3280,'{\"large\": {\"ext\": \".jpeg\", \"url\": \"/uploads/large_restaurant_man_person_coffee_06596bf0c0.jpeg\", \"hash\": \"large_restaurant_man_person_coffee_06596bf0c0\", \"mime\": \"image/jpeg\", \"name\": \"large_restaurant-man-person-coffee.jpeg\", \"path\": null, \"size\": 124.19, \"width\": 1000, \"height\": 750}, \"small\": {\"ext\": \".jpeg\", \"url\": \"/uploads/small_restaurant_man_person_coffee_06596bf0c0.jpeg\", \"hash\": \"small_restaurant_man_person_coffee_06596bf0c0\", \"mime\": \"image/jpeg\", \"name\": \"small_restaurant-man-person-coffee.jpeg\", \"path\": null, \"size\": 40.99, \"width\": 500, \"height\": 375}, \"medium\": {\"ext\": \".jpeg\", \"url\": \"/uploads/medium_restaurant_man_person_coffee_06596bf0c0.jpeg\", \"hash\": \"medium_restaurant_man_person_coffee_06596bf0c0\", \"mime\": \"image/jpeg\", \"name\": \"medium_restaurant-man-person-coffee.jpeg\", \"path\": null, \"size\": 77.56, \"width\": 750, \"height\": 563}, \"thumbnail\": {\"ext\": \".jpeg\", \"url\": \"/uploads/thumbnail_restaurant_man_person_coffee_06596bf0c0.jpeg\", \"hash\": \"thumbnail_restaurant_man_person_coffee_06596bf0c0\", \"mime\": \"image/jpeg\", \"name\": \"thumbnail_restaurant-man-person-coffee.jpeg\", \"path\": null, \"size\": 10.34, \"width\": 208, \"height\": 156}}','restaurant_man_person_coffee_06596bf0c0','.jpeg','image/jpeg',1797.06,'/uploads/restaurant_man_person_coffee_06596bf0c0.jpeg',NULL,'local',NULL,'/','2022-10-29 09:12:51.648000','2022-10-29 09:12:51.648000',1,1),(82,'tumblr_o2vzwwkjbm1slhhf0o1_1280.jpg','tumblr_o2vzwwkjbm1slhhf0o1_1280.jpg','tumblr_o2vzwwkjbm1slhhf0o1_1280.jpg',1280,995,'{\"large\": {\"ext\": \".jpg\", \"url\": \"/uploads/large_tumblr_o2vzwwkjbm1slhhf0o1_1280_58178e91c4.jpg\", \"hash\": \"large_tumblr_o2vzwwkjbm1slhhf0o1_1280_58178e91c4\", \"mime\": \"image/jpeg\", \"name\": \"large_tumblr_o2vzwwkjbm1slhhf0o1_1280.jpg\", \"path\": null, \"size\": 120.89, \"width\": 1000, \"height\": 777}, \"small\": {\"ext\": \".jpg\", \"url\": \"/uploads/small_tumblr_o2vzwwkjbm1slhhf0o1_1280_58178e91c4.jpg\", \"hash\": \"small_tumblr_o2vzwwkjbm1slhhf0o1_1280_58178e91c4\", \"mime\": \"image/jpeg\", \"name\": \"small_tumblr_o2vzwwkjbm1slhhf0o1_1280.jpg\", \"path\": null, \"size\": 39.18, \"width\": 500, \"height\": 389}, \"medium\": {\"ext\": \".jpg\", \"url\": \"/uploads/medium_tumblr_o2vzwwkjbm1slhhf0o1_1280_58178e91c4.jpg\", \"hash\": \"medium_tumblr_o2vzwwkjbm1slhhf0o1_1280_58178e91c4\", \"mime\": \"image/jpeg\", \"name\": \"medium_tumblr_o2vzwwkjbm1slhhf0o1_1280.jpg\", \"path\": null, \"size\": 75.87, \"width\": 750, \"height\": 583}, \"thumbnail\": {\"ext\": \".jpg\", \"url\": \"/uploads/thumbnail_tumblr_o2vzwwkjbm1slhhf0o1_1280_58178e91c4.jpg\", \"hash\": \"thumbnail_tumblr_o2vzwwkjbm1slhhf0o1_1280_58178e91c4\", \"mime\": \"image/jpeg\", \"name\": \"thumbnail_tumblr_o2vzwwkjbm1slhhf0o1_1280.jpg\", \"path\": null, \"size\": 8.64, \"width\": 201, \"height\": 156}}','tumblr_o2vzwwkjbm1slhhf0o1_1280_58178e91c4','.jpg','image/jpeg',176.12,'/uploads/tumblr_o2vzwwkjbm1slhhf0o1_1280_58178e91c4.jpg',NULL,'local',NULL,'/','2022-10-29 09:12:52.844000','2022-10-29 09:12:52.844000',1,1),(83,'tumblr_o3m0j7S4Zk1slhhf0o1_1280.jpg','tumblr_o3m0j7S4Zk1slhhf0o1_1280.jpg','tumblr_o3m0j7S4Zk1slhhf0o1_1280.jpg',1280,853,'{\"large\": {\"ext\": \".jpg\", \"url\": \"/uploads/large_tumblr_o3m0j7_S4_Zk1slhhf0o1_1280_b8ff9bf694.jpg\", \"hash\": \"large_tumblr_o3m0j7_S4_Zk1slhhf0o1_1280_b8ff9bf694\", \"mime\": \"image/jpeg\", \"name\": \"large_tumblr_o3m0j7S4Zk1slhhf0o1_1280.jpg\", \"path\": null, \"size\": 112.63, \"width\": 1000, \"height\": 666}, \"small\": {\"ext\": \".jpg\", \"url\": \"/uploads/small_tumblr_o3m0j7_S4_Zk1slhhf0o1_1280_b8ff9bf694.jpg\", \"hash\": \"small_tumblr_o3m0j7_S4_Zk1slhhf0o1_1280_b8ff9bf694\", \"mime\": \"image/jpeg\", \"name\": \"small_tumblr_o3m0j7S4Zk1slhhf0o1_1280.jpg\", \"path\": null, \"size\": 33.9, \"width\": 500, \"height\": 333}, \"medium\": {\"ext\": \".jpg\", \"url\": \"/uploads/medium_tumblr_o3m0j7_S4_Zk1slhhf0o1_1280_b8ff9bf694.jpg\", \"hash\": \"medium_tumblr_o3m0j7_S4_Zk1slhhf0o1_1280_b8ff9bf694\", \"mime\": \"image/jpeg\", \"name\": \"medium_tumblr_o3m0j7S4Zk1slhhf0o1_1280.jpg\", \"path\": null, \"size\": 69.17, \"width\": 750, \"height\": 500}, \"thumbnail\": {\"ext\": \".jpg\", \"url\": \"/uploads/thumbnail_tumblr_o3m0j7_S4_Zk1slhhf0o1_1280_b8ff9bf694.jpg\", \"hash\": \"thumbnail_tumblr_o3m0j7_S4_Zk1slhhf0o1_1280_b8ff9bf694\", \"mime\": \"image/jpeg\", \"name\": \"thumbnail_tumblr_o3m0j7S4Zk1slhhf0o1_1280.jpg\", \"path\": null, \"size\": 8.51, \"width\": 234, \"height\": 156}}','tumblr_o3m0j7_S4_Zk1slhhf0o1_1280_b8ff9bf694','.jpg','image/jpeg',167.68,'/uploads/tumblr_o3m0j7_S4_Zk1slhhf0o1_1280_b8ff9bf694.jpg',NULL,'local',NULL,'/','2022-10-29 09:12:53.521000','2022-10-29 09:12:53.521000',1,1),(84,'tumblr_o3z58leV5r1slhhf0o1_1280.jpg','tumblr_o3z58leV5r1slhhf0o1_1280.jpg','tumblr_o3z58leV5r1slhhf0o1_1280.jpg',1280,853,'{\"large\": {\"ext\": \".jpg\", \"url\": \"/uploads/large_tumblr_o3z58le_V5r1slhhf0o1_1280_0ec77b6850.jpg\", \"hash\": \"large_tumblr_o3z58le_V5r1slhhf0o1_1280_0ec77b6850\", \"mime\": \"image/jpeg\", \"name\": \"large_tumblr_o3z58leV5r1slhhf0o1_1280.jpg\", \"path\": null, \"size\": 36.41, \"width\": 1000, \"height\": 666}, \"small\": {\"ext\": \".jpg\", \"url\": \"/uploads/small_tumblr_o3z58le_V5r1slhhf0o1_1280_0ec77b6850.jpg\", \"hash\": \"small_tumblr_o3z58le_V5r1slhhf0o1_1280_0ec77b6850\", \"mime\": \"image/jpeg\", \"name\": \"small_tumblr_o3z58leV5r1slhhf0o1_1280.jpg\", \"path\": null, \"size\": 12.27, \"width\": 500, \"height\": 333}, \"medium\": {\"ext\": \".jpg\", \"url\": \"/uploads/medium_tumblr_o3z58le_V5r1slhhf0o1_1280_0ec77b6850.jpg\", \"hash\": \"medium_tumblr_o3z58le_V5r1slhhf0o1_1280_0ec77b6850\", \"mime\": \"image/jpeg\", \"name\": \"medium_tumblr_o3z58leV5r1slhhf0o1_1280.jpg\", \"path\": null, \"size\": 23.04, \"width\": 750, \"height\": 500}, \"thumbnail\": {\"ext\": \".jpg\", \"url\": \"/uploads/thumbnail_tumblr_o3z58le_V5r1slhhf0o1_1280_0ec77b6850.jpg\", \"hash\": \"thumbnail_tumblr_o3z58le_V5r1slhhf0o1_1280_0ec77b6850\", \"mime\": \"image/jpeg\", \"name\": \"thumbnail_tumblr_o3z58leV5r1slhhf0o1_1280.jpg\", \"path\": null, \"size\": 3.94, \"width\": 234, \"height\": 156}}','tumblr_o3z58le_V5r1slhhf0o1_1280_0ec77b6850','.jpg','image/jpeg',55.12,'/uploads/tumblr_o3z58le_V5r1slhhf0o1_1280_0ec77b6850.jpg',NULL,'local',NULL,'/','2022-10-29 09:12:53.968000','2022-10-29 09:12:53.968000',1,1),(85,'tumblr_o26qqhfhjI1slhhf0o1_1280.jpg','tumblr_o26qqhfhjI1slhhf0o1_1280.jpg','tumblr_o26qqhfhjI1slhhf0o1_1280.jpg',1280,854,'{\"large\": {\"ext\": \".jpg\", \"url\": \"/uploads/large_tumblr_o26qqhfhj_I1slhhf0o1_1280_5a6d16110c.jpg\", \"hash\": \"large_tumblr_o26qqhfhj_I1slhhf0o1_1280_5a6d16110c\", \"mime\": \"image/jpeg\", \"name\": \"large_tumblr_o26qqhfhjI1slhhf0o1_1280.jpg\", \"path\": null, \"size\": 75.6, \"width\": 1000, \"height\": 667}, \"small\": {\"ext\": \".jpg\", \"url\": \"/uploads/small_tumblr_o26qqhfhj_I1slhhf0o1_1280_5a6d16110c.jpg\", \"hash\": \"small_tumblr_o26qqhfhj_I1slhhf0o1_1280_5a6d16110c\", \"mime\": \"image/jpeg\", \"name\": \"small_tumblr_o26qqhfhjI1slhhf0o1_1280.jpg\", \"path\": null, \"size\": 22.82, \"width\": 500, \"height\": 334}, \"medium\": {\"ext\": \".jpg\", \"url\": \"/uploads/medium_tumblr_o26qqhfhj_I1slhhf0o1_1280_5a6d16110c.jpg\", \"hash\": \"medium_tumblr_o26qqhfhj_I1slhhf0o1_1280_5a6d16110c\", \"mime\": \"image/jpeg\", \"name\": \"medium_tumblr_o26qqhfhjI1slhhf0o1_1280.jpg\", \"path\": null, \"size\": 46, \"width\": 750, \"height\": 500}, \"thumbnail\": {\"ext\": \".jpg\", \"url\": \"/uploads/thumbnail_tumblr_o26qqhfhj_I1slhhf0o1_1280_5a6d16110c.jpg\", \"hash\": \"thumbnail_tumblr_o26qqhfhj_I1slhhf0o1_1280_5a6d16110c\", \"mime\": \"image/jpeg\", \"name\": \"thumbnail_tumblr_o26qqhfhjI1slhhf0o1_1280.jpg\", \"path\": null, \"size\": 6.28, \"width\": 234, \"height\": 156}}','tumblr_o26qqhfhj_I1slhhf0o1_1280_5a6d16110c','.jpg','image/jpeg',114.69,'/uploads/tumblr_o26qqhfhj_I1slhhf0o1_1280_5a6d16110c.jpg',NULL,'local',NULL,'/','2022-10-29 09:12:54.489000','2022-10-29 09:12:54.489000',1,1),(86,'pygwO3glRbaBCh2uRyd4_8420_rgb.jpg','pygwO3glRbaBCh2uRyd4_8420_rgb.jpg','pygwO3glRbaBCh2uRyd4_8420_rgb.jpg',4134,2738,'{\"large\": {\"ext\": \".jpg\", \"url\": \"/uploads/large_pygw_O3gl_Rba_B_Ch2u_Ryd4_8420_rgb_8acd3a2c91.jpg\", \"hash\": \"large_pygw_O3gl_Rba_B_Ch2u_Ryd4_8420_rgb_8acd3a2c91\", \"mime\": \"image/jpeg\", \"name\": \"large_pygwO3glRbaBCh2uRyd4_8420_rgb.jpg\", \"path\": null, \"size\": 89.42, \"width\": 1000, \"height\": 662}, \"small\": {\"ext\": \".jpg\", \"url\": \"/uploads/small_pygw_O3gl_Rba_B_Ch2u_Ryd4_8420_rgb_8acd3a2c91.jpg\", \"hash\": \"small_pygw_O3gl_Rba_B_Ch2u_Ryd4_8420_rgb_8acd3a2c91\", \"mime\": \"image/jpeg\", \"name\": \"small_pygwO3glRbaBCh2uRyd4_8420_rgb.jpg\", \"path\": null, \"size\": 25.23, \"width\": 500, \"height\": 331}, \"medium\": {\"ext\": \".jpg\", \"url\": \"/uploads/medium_pygw_O3gl_Rba_B_Ch2u_Ryd4_8420_rgb_8acd3a2c91.jpg\", \"hash\": \"medium_pygw_O3gl_Rba_B_Ch2u_Ryd4_8420_rgb_8acd3a2c91\", \"mime\": \"image/jpeg\", \"name\": \"medium_pygwO3glRbaBCh2uRyd4_8420_rgb.jpg\", \"path\": null, \"size\": 51.78, \"width\": 750, \"height\": 497}, \"thumbnail\": {\"ext\": \".jpg\", \"url\": \"/uploads/thumbnail_pygw_O3gl_Rba_B_Ch2u_Ryd4_8420_rgb_8acd3a2c91.jpg\", \"hash\": \"thumbnail_pygw_O3gl_Rba_B_Ch2u_Ryd4_8420_rgb_8acd3a2c91\", \"mime\": \"image/jpeg\", \"name\": \"thumbnail_pygwO3glRbaBCh2uRyd4_8420_rgb.jpg\", \"path\": null, \"size\": 6.88, \"width\": 235, \"height\": 156}}','pygw_O3gl_Rba_B_Ch2u_Ryd4_8420_rgb_8acd3a2c91','.jpg','image/jpeg',1608.78,'/uploads/pygw_O3gl_Rba_B_Ch2u_Ryd4_8420_rgb_8acd3a2c91.jpg',NULL,'local',NULL,'/','2022-10-29 09:12:55.074000','2022-10-29 09:12:55.074000',1,1),(87,'photo-1465426721606-27b1239015fd.jpg','photo-1465426721606-27b1239015fd.jpg','photo-1465426721606-27b1239015fd.jpg',5472,3648,'{\"large\": {\"ext\": \".jpg\", \"url\": \"/uploads/large_photo_1465426721606_27b1239015fd_6bc9fbca87.jpg\", \"hash\": \"large_photo_1465426721606_27b1239015fd_6bc9fbca87\", \"mime\": \"image/jpeg\", \"name\": \"large_photo-1465426721606-27b1239015fd.jpg\", \"path\": null, \"size\": 67.3, \"width\": 1000, \"height\": 667}, \"small\": {\"ext\": \".jpg\", \"url\": \"/uploads/small_photo_1465426721606_27b1239015fd_6bc9fbca87.jpg\", \"hash\": \"small_photo_1465426721606_27b1239015fd_6bc9fbca87\", \"mime\": \"image/jpeg\", \"name\": \"small_photo-1465426721606-27b1239015fd.jpg\", \"path\": null, \"size\": 24.68, \"width\": 500, \"height\": 333}, \"medium\": {\"ext\": \".jpg\", \"url\": \"/uploads/medium_photo_1465426721606_27b1239015fd_6bc9fbca87.jpg\", \"hash\": \"medium_photo_1465426721606_27b1239015fd_6bc9fbca87\", \"mime\": \"image/jpeg\", \"name\": \"medium_photo-1465426721606-27b1239015fd.jpg\", \"path\": null, \"size\": 44.13, \"width\": 750, \"height\": 500}, \"thumbnail\": {\"ext\": \".jpg\", \"url\": \"/uploads/thumbnail_photo_1465426721606_27b1239015fd_6bc9fbca87.jpg\", \"hash\": \"thumbnail_photo_1465426721606_27b1239015fd_6bc9fbca87\", \"mime\": \"image/jpeg\", \"name\": \"thumbnail_photo-1465426721606-27b1239015fd.jpg\", \"path\": null, \"size\": 9, \"width\": 234, \"height\": 156}}','photo_1465426721606_27b1239015fd_6bc9fbca87','.jpg','image/jpeg',2840.13,'/uploads/photo_1465426721606_27b1239015fd_6bc9fbca87.jpg',NULL,'local',NULL,'/','2022-10-29 09:12:55.518000','2022-10-29 09:12:55.518000',1,1),(88,'working-on-it.jpg','working-on-it.jpg','working-on-it.jpg',3000,2000,'{\"large\": {\"ext\": \".jpg\", \"url\": \"/uploads/large_working_on_it_222bb43458.jpg\", \"hash\": \"large_working_on_it_222bb43458\", \"mime\": \"image/jpeg\", \"name\": \"large_working-on-it.jpg\", \"path\": null, \"size\": 115.68, \"width\": 1000, \"height\": 667}, \"small\": {\"ext\": \".jpg\", \"url\": \"/uploads/small_working_on_it_222bb43458.jpg\", \"hash\": \"small_working_on_it_222bb43458\", \"mime\": \"image/jpeg\", \"name\": \"small_working-on-it.jpg\", \"path\": null, \"size\": 40.45, \"width\": 500, \"height\": 333}, \"medium\": {\"ext\": \".jpg\", \"url\": \"/uploads/medium_working_on_it_222bb43458.jpg\", \"hash\": \"medium_working_on_it_222bb43458\", \"mime\": \"image/jpeg\", \"name\": \"medium_working-on-it.jpg\", \"path\": null, \"size\": 74.87, \"width\": 750, \"height\": 500}, \"thumbnail\": {\"ext\": \".jpg\", \"url\": \"/uploads/thumbnail_working_on_it_222bb43458.jpg\", \"hash\": \"thumbnail_working_on_it_222bb43458\", \"mime\": \"image/jpeg\", \"name\": \"thumbnail_working-on-it.jpg\", \"path\": null, \"size\": 12.77, \"width\": 234, \"height\": 156}}','working_on_it_222bb43458','.jpg','image/jpeg',1014.92,'/uploads/working_on_it_222bb43458.jpg',NULL,'local',NULL,'/','2022-10-29 09:12:58.392000','2022-10-29 09:12:58.392000',1,1),(89,'restaurant-people-feet-legs.jpg','restaurant-people-feet-legs.jpg','restaurant-people-feet-legs.jpg',6000,4000,'{\"large\": {\"ext\": \".jpg\", \"url\": \"/uploads/large_restaurant_people_feet_legs_d6ec8e4243.jpg\", \"hash\": \"large_restaurant_people_feet_legs_d6ec8e4243\", \"mime\": \"image/jpeg\", \"name\": \"large_restaurant-people-feet-legs.jpg\", \"path\": null, \"size\": 129.73, \"width\": 1000, \"height\": 667}, \"small\": {\"ext\": \".jpg\", \"url\": \"/uploads/small_restaurant_people_feet_legs_d6ec8e4243.jpg\", \"hash\": \"small_restaurant_people_feet_legs_d6ec8e4243\", \"mime\": \"image/jpeg\", \"name\": \"small_restaurant-people-feet-legs.jpg\", \"path\": null, \"size\": 38.72, \"width\": 500, \"height\": 333}, \"medium\": {\"ext\": \".jpg\", \"url\": \"/uploads/medium_restaurant_people_feet_legs_d6ec8e4243.jpg\", \"hash\": \"medium_restaurant_people_feet_legs_d6ec8e4243\", \"mime\": \"image/jpeg\", \"name\": \"medium_restaurant-people-feet-legs.jpg\", \"path\": null, \"size\": 79.06, \"width\": 750, \"height\": 500}, \"thumbnail\": {\"ext\": \".jpg\", \"url\": \"/uploads/thumbnail_restaurant_people_feet_legs_d6ec8e4243.jpg\", \"hash\": \"thumbnail_restaurant_people_feet_legs_d6ec8e4243\", \"mime\": \"image/jpeg\", \"name\": \"thumbnail_restaurant-people-feet-legs.jpg\", \"path\": null, \"size\": 10.41, \"width\": 234, \"height\": 156}}','restaurant_people_feet_legs_d6ec8e4243','.jpg','image/jpeg',5598.82,'/uploads/restaurant_people_feet_legs_d6ec8e4243.jpg',NULL,'local',NULL,'/','2022-10-29 09:13:04.408000','2022-10-29 09:13:04.408000',1,1),(90,'U7Fc1sy5SCUDIu4tlJY3_NY_by_PhilippHenzler_philmotion.de.jpg','U7Fc1sy5SCUDIu4tlJY3_NY_by_PhilippHenzler_philmotion.de.jpg','U7Fc1sy5SCUDIu4tlJY3_NY_by_PhilippHenzler_philmotion.de.jpg',5183,2444,'{\"large\": {\"ext\": \".jpg\", \"url\": \"/uploads/large_U7_Fc1sy5_SCUD_Iu4tl_JY_3_NY_by_Philipp_Henzler_philmotion_de_176833ee60.jpg\", \"hash\": \"large_U7_Fc1sy5_SCUD_Iu4tl_JY_3_NY_by_Philipp_Henzler_philmotion_de_176833ee60\", \"mime\": \"image/jpeg\", \"name\": \"large_U7Fc1sy5SCUDIu4tlJY3_NY_by_PhilippHenzler_philmotion.de.jpg\", \"path\": null, \"size\": 88.6, \"width\": 1000, \"height\": 472}, \"small\": {\"ext\": \".jpg\", \"url\": \"/uploads/small_U7_Fc1sy5_SCUD_Iu4tl_JY_3_NY_by_Philipp_Henzler_philmotion_de_176833ee60.jpg\", \"hash\": \"small_U7_Fc1sy5_SCUD_Iu4tl_JY_3_NY_by_Philipp_Henzler_philmotion_de_176833ee60\", \"mime\": \"image/jpeg\", \"name\": \"small_U7Fc1sy5SCUDIu4tlJY3_NY_by_PhilippHenzler_philmotion.de.jpg\", \"path\": null, \"size\": 25.12, \"width\": 500, \"height\": 236}, \"medium\": {\"ext\": \".jpg\", \"url\": \"/uploads/medium_U7_Fc1sy5_SCUD_Iu4tl_JY_3_NY_by_Philipp_Henzler_philmotion_de_176833ee60.jpg\", \"hash\": \"medium_U7_Fc1sy5_SCUD_Iu4tl_JY_3_NY_by_Philipp_Henzler_philmotion_de_176833ee60\", \"mime\": \"image/jpeg\", \"name\": \"medium_U7Fc1sy5SCUDIu4tlJY3_NY_by_PhilippHenzler_philmotion.de.jpg\", \"path\": null, \"size\": 53.99, \"width\": 750, \"height\": 354}, \"thumbnail\": {\"ext\": \".jpg\", \"url\": \"/uploads/thumbnail_U7_Fc1sy5_SCUD_Iu4tl_JY_3_NY_by_Philipp_Henzler_philmotion_de_176833ee60.jpg\", \"hash\": \"thumbnail_U7_Fc1sy5_SCUD_Iu4tl_JY_3_NY_by_Philipp_Henzler_philmotion_de_176833ee60\", \"mime\": \"image/jpeg\", \"name\": \"thumbnail_U7Fc1sy5SCUDIu4tlJY3_NY_by_PhilippHenzler_philmotion.de.jpg\", \"path\": null, \"size\": 7.45, \"width\": 245, \"height\": 115}}','U7_Fc1sy5_SCUD_Iu4tl_JY_3_NY_by_Philipp_Henzler_philmotion_de_176833ee60','.jpg','image/jpeg',1646.38,'/uploads/U7_Fc1sy5_SCUD_Iu4tl_JY_3_NY_by_Philipp_Henzler_philmotion_de_176833ee60.jpg',NULL,'local',NULL,'/','2022-10-29 09:13:09.644000','2022-10-29 09:13:09.644000',1,1),(91,'xKNCBEgSTUGbgBoYgJ90_Skyline.jpg','xKNCBEgSTUGbgBoYgJ90_Skyline.jpg','xKNCBEgSTUGbgBoYgJ90_Skyline.jpg',5302,3534,'{\"large\": {\"ext\": \".jpg\", \"url\": \"/uploads/large_x_KNCB_Eg_STU_Gbg_Bo_Yg_J90_Skyline_9ee6547443.jpg\", \"hash\": \"large_x_KNCB_Eg_STU_Gbg_Bo_Yg_J90_Skyline_9ee6547443\", \"mime\": \"image/jpeg\", \"name\": \"large_xKNCBEgSTUGbgBoYgJ90_Skyline.jpg\", \"path\": null, \"size\": 69.84, \"width\": 1000, \"height\": 666}, \"small\": {\"ext\": \".jpg\", \"url\": \"/uploads/small_x_KNCB_Eg_STU_Gbg_Bo_Yg_J90_Skyline_9ee6547443.jpg\", \"hash\": \"small_x_KNCB_Eg_STU_Gbg_Bo_Yg_J90_Skyline_9ee6547443\", \"mime\": \"image/jpeg\", \"name\": \"small_xKNCBEgSTUGbgBoYgJ90_Skyline.jpg\", \"path\": null, \"size\": 22.79, \"width\": 500, \"height\": 333}, \"medium\": {\"ext\": \".jpg\", \"url\": \"/uploads/medium_x_KNCB_Eg_STU_Gbg_Bo_Yg_J90_Skyline_9ee6547443.jpg\", \"hash\": \"medium_x_KNCB_Eg_STU_Gbg_Bo_Yg_J90_Skyline_9ee6547443\", \"mime\": \"image/jpeg\", \"name\": \"medium_xKNCBEgSTUGbgBoYgJ90_Skyline.jpg\", \"path\": null, \"size\": 43.98, \"width\": 750, \"height\": 500}, \"thumbnail\": {\"ext\": \".jpg\", \"url\": \"/uploads/thumbnail_x_KNCB_Eg_STU_Gbg_Bo_Yg_J90_Skyline_9ee6547443.jpg\", \"hash\": \"thumbnail_x_KNCB_Eg_STU_Gbg_Bo_Yg_J90_Skyline_9ee6547443\", \"mime\": \"image/jpeg\", \"name\": \"thumbnail_xKNCBEgSTUGbgBoYgJ90_Skyline.jpg\", \"path\": null, \"size\": 7.1, \"width\": 234, \"height\": 156}}','x_KNCB_Eg_STU_Gbg_Bo_Yg_J90_Skyline_9ee6547443','.jpg','image/jpeg',1282.69,'/uploads/x_KNCB_Eg_STU_Gbg_Bo_Yg_J90_Skyline_9ee6547443.jpg',NULL,'local',NULL,'/','2022-10-29 09:13:10.486000','2022-10-29 09:13:10.486000',1,1),(92,'yapfjxRqy2d2rGRNc2yQ_zavrsnica-9-indie.jpg','yapfjxRqy2d2rGRNc2yQ_zavrsnica-9-indie.jpg','yapfjxRqy2d2rGRNc2yQ_zavrsnica-9-indie.jpg',3264,4928,'{\"large\": {\"ext\": \".jpg\", \"url\": \"/uploads/large_yapfjx_Rqy2d2r_GR_Nc2y_Q_zavrsnica_9_indie_0c4475b027.jpg\", \"hash\": \"large_yapfjx_Rqy2d2r_GR_Nc2y_Q_zavrsnica_9_indie_0c4475b027\", \"mime\": \"image/jpeg\", \"name\": \"large_yapfjxRqy2d2rGRNc2yQ_zavrsnica-9-indie.jpg\", \"path\": null, \"size\": 103.46, \"width\": 662, \"height\": 1000}, \"small\": {\"ext\": \".jpg\", \"url\": \"/uploads/small_yapfjx_Rqy2d2r_GR_Nc2y_Q_zavrsnica_9_indie_0c4475b027.jpg\", \"hash\": \"small_yapfjx_Rqy2d2r_GR_Nc2y_Q_zavrsnica_9_indie_0c4475b027\", \"mime\": \"image/jpeg\", \"name\": \"small_yapfjxRqy2d2rGRNc2yQ_zavrsnica-9-indie.jpg\", \"path\": null, \"size\": 35.84, \"width\": 331, \"height\": 500}, \"medium\": {\"ext\": \".jpg\", \"url\": \"/uploads/medium_yapfjx_Rqy2d2r_GR_Nc2y_Q_zavrsnica_9_indie_0c4475b027.jpg\", \"hash\": \"medium_yapfjx_Rqy2d2r_GR_Nc2y_Q_zavrsnica_9_indie_0c4475b027\", \"mime\": \"image/jpeg\", \"name\": \"medium_yapfjxRqy2d2rGRNc2yQ_zavrsnica-9-indie.jpg\", \"path\": null, \"size\": 67.18, \"width\": 497, \"height\": 750}, \"thumbnail\": {\"ext\": \".jpg\", \"url\": \"/uploads/thumbnail_yapfjx_Rqy2d2r_GR_Nc2y_Q_zavrsnica_9_indie_0c4475b027.jpg\", \"hash\": \"thumbnail_yapfjx_Rqy2d2r_GR_Nc2y_Q_zavrsnica_9_indie_0c4475b027\", \"mime\": \"image/jpeg\", \"name\": \"thumbnail_yapfjxRqy2d2rGRNc2yQ_zavrsnica-9-indie.jpg\", \"path\": null, \"size\": 5.97, \"width\": 103, \"height\": 156}}','yapfjx_Rqy2d2r_GR_Nc2y_Q_zavrsnica_9_indie_0c4475b027','.jpg','image/jpeg',2207.10,'/uploads/yapfjx_Rqy2d2r_GR_Nc2y_Q_zavrsnica_9_indie_0c4475b027.jpg',NULL,'local',NULL,'/','2022-10-29 09:13:11.677000','2022-10-29 09:13:11.677000',1,1),(93,'picture.jpg',NULL,NULL,4032,3024,'{\"large\": {\"ext\": \".jpg\", \"url\": \"/uploads/large_picture_dc128f59d4.jpg\", \"hash\": \"large_picture_dc128f59d4\", \"mime\": \"image/jpg\", \"name\": \"large_picture.jpg\", \"path\": null, \"size\": 37.88, \"width\": 1000, \"height\": 750}, \"small\": {\"ext\": \".jpg\", \"url\": \"/uploads/small_picture_dc128f59d4.jpg\", \"hash\": \"small_picture_dc128f59d4\", \"mime\": \"image/jpg\", \"name\": \"small_picture.jpg\", \"path\": null, \"size\": 12.24, \"width\": 500, \"height\": 375}, \"medium\": {\"ext\": \".jpg\", \"url\": \"/uploads/medium_picture_dc128f59d4.jpg\", \"hash\": \"medium_picture_dc128f59d4\", \"mime\": \"image/jpg\", \"name\": \"medium_picture.jpg\", \"path\": null, \"size\": 22.89, \"width\": 750, \"height\": 563}, \"thumbnail\": {\"ext\": \".jpg\", \"url\": \"/uploads/thumbnail_picture_dc128f59d4.jpg\", \"hash\": \"thumbnail_picture_dc128f59d4\", \"mime\": \"image/jpg\", \"name\": \"thumbnail_picture.jpg\", \"path\": null, \"size\": 3.72, \"width\": 208, \"height\": 156}}','picture_dc128f59d4','.jpg','image/jpg',1165.30,'/uploads/picture_dc128f59d4.jpg',NULL,'local',NULL,'/1','2022-10-31 12:58:02.605000','2022-10-31 12:58:02.605000',NULL,NULL),(94,'picture.jpg',NULL,NULL,4032,3024,'{\"large\": {\"ext\": \".jpg\", \"url\": \"/uploads/large_picture_8c9196d901.jpg\", \"hash\": \"large_picture_8c9196d901\", \"mime\": \"image/jpg\", \"name\": \"large_picture.jpg\", \"path\": null, \"size\": 31.73, \"width\": 1000, \"height\": 750}, \"small\": {\"ext\": \".jpg\", \"url\": \"/uploads/small_picture_8c9196d901.jpg\", \"hash\": \"small_picture_8c9196d901\", \"mime\": \"image/jpg\", \"name\": \"small_picture.jpg\", \"path\": null, \"size\": 10.22, \"width\": 500, \"height\": 375}, \"medium\": {\"ext\": \".jpg\", \"url\": \"/uploads/medium_picture_8c9196d901.jpg\", \"hash\": \"medium_picture_8c9196d901\", \"mime\": \"image/jpg\", \"name\": \"medium_picture.jpg\", \"path\": null, \"size\": 19.28, \"width\": 750, \"height\": 563}, \"thumbnail\": {\"ext\": \".jpg\", \"url\": \"/uploads/thumbnail_picture_8c9196d901.jpg\", \"hash\": \"thumbnail_picture_8c9196d901\", \"mime\": \"image/jpg\", \"name\": \"thumbnail_picture.jpg\", \"path\": null, \"size\": 3.18, \"width\": 208, \"height\": 156}}','picture_8c9196d901','.jpg','image/jpg',1051.26,'/uploads/picture_8c9196d901.jpg',NULL,'local',NULL,'/1','2022-10-31 13:16:53.414000','2022-10-31 13:16:53.414000',NULL,NULL),(95,'pictures.mp4',NULL,NULL,NULL,NULL,NULL,'picture_4105f63c44','.jpg','video/mp4',41056.62,'/uploads/picture_4105f63c44.jpg',NULL,'local',NULL,'/1','2022-10-31 13:37:54.052000','2022-10-31 13:43:09.318000',NULL,1),(96,'mediaFile',NULL,NULL,NULL,NULL,NULL,'media_File_9812afac63','.mp4','video/mp4',11923.99,'/uploads/media_File_9812afac63.mp4',NULL,'local',NULL,'/1','2022-10-31 13:56:43.487000','2022-10-31 13:56:43.487000',NULL,NULL),(97,'mediaFile',NULL,NULL,NULL,NULL,NULL,'media_File_81a5944b14','.mp4','video/mp4',7472.81,'/uploads/media_File_81a5944b14.mp4',NULL,'local',NULL,'/1','2022-10-31 14:13:13.290000','2022-10-31 14:13:13.290000',NULL,NULL),(98,'mediaFile',NULL,NULL,4032,3024,'{\"large\": {\"ext\": \".false\", \"url\": \"/uploads/large_media_File_b4be7666e0.false\", \"hash\": \"large_media_File_b4be7666e0\", \"mime\": \"image/jpg\", \"name\": \"large_mediaFile\", \"path\": null, \"size\": 37.7, \"width\": 1000, \"height\": 750}, \"small\": {\"ext\": \".false\", \"url\": \"/uploads/small_media_File_b4be7666e0.false\", \"hash\": \"small_media_File_b4be7666e0\", \"mime\": \"image/jpg\", \"name\": \"small_mediaFile\", \"path\": null, \"size\": 10.96, \"width\": 500, \"height\": 375}, \"medium\": {\"ext\": \".false\", \"url\": \"/uploads/medium_media_File_b4be7666e0.false\", \"hash\": \"medium_media_File_b4be7666e0\", \"mime\": \"image/jpg\", \"name\": \"medium_mediaFile\", \"path\": null, \"size\": 21.81, \"width\": 750, \"height\": 563}, \"thumbnail\": {\"ext\": \".false\", \"url\": \"/uploads/thumbnail_media_File_b4be7666e0.false\", \"hash\": \"thumbnail_media_File_b4be7666e0\", \"mime\": \"image/jpg\", \"name\": \"thumbnail_mediaFile\", \"path\": null, \"size\": 3.3, \"width\": 208, \"height\": 156}}','media_File_b4be7666e0','.false','image/jpg',1384.70,'/uploads/media_File_b4be7666e0.false',NULL,'local',NULL,'/1','2022-10-31 14:13:13.711000','2022-10-31 14:13:13.711000',NULL,NULL),(99,'mediaFile',NULL,NULL,935,679,'{\"small\": {\"ext\": \".false\", \"url\": \"/uploads/small_media_File_7b0e62aaec.false\", \"hash\": \"small_media_File_7b0e62aaec\", \"mime\": \"image/jpg\", \"name\": \"small_mediaFile\", \"path\": null, \"size\": 26.63, \"width\": 500, \"height\": 363}, \"medium\": {\"ext\": \".false\", \"url\": \"/uploads/medium_media_File_7b0e62aaec.false\", \"hash\": \"medium_media_File_7b0e62aaec\", \"mime\": \"image/jpg\", \"name\": \"medium_mediaFile\", \"path\": null, \"size\": 58.02, \"width\": 750, \"height\": 545}, \"thumbnail\": {\"ext\": \".false\", \"url\": \"/uploads/thumbnail_media_File_7b0e62aaec.false\", \"hash\": \"thumbnail_media_File_7b0e62aaec\", \"mime\": \"image/jpg\", \"name\": \"thumbnail_mediaFile\", \"path\": null, \"size\": 6.18, \"width\": 215, \"height\": 156}}','media_File_7b0e62aaec','.false','image/jpg',89.02,'/uploads/media_File_7b0e62aaec.false',NULL,'local',NULL,'/1','2022-10-31 15:01:08.181000','2022-10-31 15:01:08.181000',NULL,NULL),(100,'mediaFile',NULL,NULL,1152,2048,'{\"large\": {\"ext\": \".false\", \"url\": \"/uploads/large_media_File_4e68cb1aff.false\", \"hash\": \"large_media_File_4e68cb1aff\", \"mime\": \"image/jpg\", \"name\": \"large_mediaFile\", \"path\": null, \"size\": 33.29, \"width\": 563, \"height\": 1000}, \"small\": {\"ext\": \".false\", \"url\": \"/uploads/small_media_File_4e68cb1aff.false\", \"hash\": \"small_media_File_4e68cb1aff\", \"mime\": \"image/jpg\", \"name\": \"small_mediaFile\", \"path\": null, \"size\": 11.11, \"width\": 281, \"height\": 500}, \"medium\": {\"ext\": \".false\", \"url\": \"/uploads/medium_media_File_4e68cb1aff.false\", \"hash\": \"medium_media_File_4e68cb1aff\", \"mime\": \"image/jpg\", \"name\": \"medium_mediaFile\", \"path\": null, \"size\": 20.68, \"width\": 422, \"height\": 750}, \"thumbnail\": {\"ext\": \".false\", \"url\": \"/uploads/thumbnail_media_File_4e68cb1aff.false\", \"hash\": \"thumbnail_media_File_4e68cb1aff\", \"mime\": \"image/jpg\", \"name\": \"thumbnail_mediaFile\", \"path\": null, \"size\": 2.12, \"width\": 88, \"height\": 156}}','media_File_4e68cb1aff','.false','image/jpg',123.18,'/uploads/media_File_4e68cb1aff.false',NULL,'local',NULL,'/1','2022-10-31 15:01:08.213000','2022-10-31 15:01:08.213000',NULL,NULL),(101,'mediaFile',NULL,NULL,1080,2400,'{\"large\": {\"ext\": \".false\", \"url\": \"/uploads/large_media_File_005d21b158.false\", \"hash\": \"large_media_File_005d21b158\", \"mime\": \"image/jpg\", \"name\": \"large_mediaFile\", \"path\": null, \"size\": 39.8, \"width\": 450, \"height\": 1000}, \"small\": {\"ext\": \".false\", \"url\": \"/uploads/small_media_File_005d21b158.false\", \"hash\": \"small_media_File_005d21b158\", \"mime\": \"image/jpg\", \"name\": \"small_mediaFile\", \"path\": null, \"size\": 13.18, \"width\": 225, \"height\": 500}, \"medium\": {\"ext\": \".false\", \"url\": \"/uploads/medium_media_File_005d21b158.false\", \"hash\": \"medium_media_File_005d21b158\", \"mime\": \"image/jpg\", \"name\": \"medium_mediaFile\", \"path\": null, \"size\": 24.94, \"width\": 338, \"height\": 750}, \"thumbnail\": {\"ext\": \".false\", \"url\": \"/uploads/thumbnail_media_File_005d21b158.false\", \"hash\": \"thumbnail_media_File_005d21b158\", \"mime\": \"image/jpg\", \"name\": \"thumbnail_mediaFile\", \"path\": null, \"size\": 2.2, \"width\": 70, \"height\": 156}}','media_File_005d21b158','.false','image/jpg',137.22,'/uploads/media_File_005d21b158.false',NULL,'local',NULL,'/1','2022-10-31 15:01:08.377000','2022-10-31 15:01:08.377000',NULL,NULL),(102,'mediaFile',NULL,NULL,NULL,NULL,NULL,'media_File_d51f5734dc','.mp4','video/mp4',6313.75,'/uploads/media_File_d51f5734dc.mp4',NULL,'local',NULL,'/1','2022-10-31 15:01:08.447000','2022-10-31 15:01:08.447000',NULL,NULL),(103,'mediaFile',NULL,NULL,4096,2304,'{\"large\": {\"ext\": \".false\", \"url\": \"/uploads/large_media_File_3e10dbd41c.false\", \"hash\": \"large_media_File_3e10dbd41c\", \"mime\": \"image/jpg\", \"name\": \"large_mediaFile\", \"path\": null, \"size\": 167.05, \"width\": 1000, \"height\": 563}, \"small\": {\"ext\": \".false\", \"url\": \"/uploads/small_media_File_3e10dbd41c.false\", \"hash\": \"small_media_File_3e10dbd41c\", \"mime\": \"image/jpg\", \"name\": \"small_mediaFile\", \"path\": null, \"size\": 37.99, \"width\": 500, \"height\": 281}, \"medium\": {\"ext\": \".false\", \"url\": \"/uploads/medium_media_File_3e10dbd41c.false\", \"hash\": \"medium_media_File_3e10dbd41c\", \"mime\": \"image/jpg\", \"name\": \"medium_mediaFile\", \"path\": null, \"size\": 87.69, \"width\": 750, \"height\": 422}, \"thumbnail\": {\"ext\": \".false\", \"url\": \"/uploads/thumbnail_media_File_3e10dbd41c.false\", \"hash\": \"thumbnail_media_File_3e10dbd41c\", \"mime\": \"image/jpg\", \"name\": \"thumbnail_mediaFile\", \"path\": null, \"size\": 8.91, \"width\": 245, \"height\": 138}}','media_File_3e10dbd41c','.false','image/jpg',1781.52,'/uploads/media_File_3e10dbd41c.false',NULL,'local',NULL,'/1','2022-10-31 15:01:08.953000','2022-10-31 15:01:08.953000',NULL,NULL),(104,'Logo-DSU-Small.png','Logo-DSU-Small.png','Logo-DSU-Small.png',480,480,'{\"thumbnail\": {\"ext\": \".png\", \"url\": \"/uploads/thumbnail_Logo_DSU_Small_2b4c433f67.png\", \"hash\": \"thumbnail_Logo_DSU_Small_2b4c433f67\", \"mime\": \"image/png\", \"name\": \"thumbnail_Logo-DSU-Small.png\", \"path\": null, \"size\": 50.7, \"width\": 156, \"height\": 156}}','Logo_DSU_Small_2b4c433f67','.png','image/png',290.55,'/uploads/Logo_DSU_Small_2b4c433f67.png',NULL,'local',NULL,'/','2022-10-31 15:33:39.465000','2022-10-31 15:33:39.465000',1,1),(105,'ANM.png','ANM.png','ANM.png',480,480,'{\"thumbnail\": {\"ext\": \".png\", \"url\": \"/uploads/thumbnail_ANM_9c64ddc93b.png\", \"hash\": \"thumbnail_ANM_9c64ddc93b\", \"mime\": \"image/png\", \"name\": \"thumbnail_ANM.png\", \"path\": null, \"size\": 46.05, \"width\": 156, \"height\": 156}}','ANM_9c64ddc93b','.png','image/png',225.99,'/uploads/ANM_9c64ddc93b.png',NULL,'local',NULL,'/','2022-10-31 15:40:11.572000','2022-10-31 15:40:11.572000',1,1);
/*!40000 ALTER TABLE `files` ENABLE KEYS */;
UNLOCK TABLES;

--
-- Table structure for table `files_folder_links`
--

DROP TABLE IF EXISTS `files_folder_links`;
/*!40101 SET @saved_cs_client     = @@character_set_client */;
/*!50503 SET character_set_client = utf8mb4 */;
CREATE TABLE `files_folder_links` (
  `id` int(10) unsigned NOT NULL AUTO_INCREMENT,
  `file_id` int(10) unsigned DEFAULT NULL,
  `folder_id` int(10) unsigned DEFAULT NULL,
  PRIMARY KEY (`id`),
  KEY `files_folder_links_fk` (`file_id`),
  KEY `files_folder_links_inv_fk` (`folder_id`),
  CONSTRAINT `files_folder_links_fk` FOREIGN KEY (`file_id`) REFERENCES `files` (`id`) ON DELETE CASCADE,
  CONSTRAINT `files_folder_links_inv_fk` FOREIGN KEY (`folder_id`) REFERENCES `upload_folders` (`id`) ON DELETE CASCADE
) ENGINE=InnoDB AUTO_INCREMENT=14 DEFAULT CHARSET=utf8;
/*!40101 SET character_set_client = @saved_cs_client */;

--
-- Dumping data for table `files_folder_links`
--

LOCK TABLES `files_folder_links` WRITE;
/*!40000 ALTER TABLE `files_folder_links` DISABLE KEYS */;
INSERT INTO `files_folder_links` VALUES (1,7,1),(2,93,1),(3,94,1),(6,96,1),(7,97,1),(8,98,1),(9,99,1),(10,100,1),(11,101,1),(12,102,1),(13,103,1);
/*!40000 ALTER TABLE `files_folder_links` ENABLE KEYS */;
UNLOCK TABLES;

--
-- Table structure for table `files_related_morphs`
--

DROP TABLE IF EXISTS `files_related_morphs`;
/*!40101 SET @saved_cs_client     = @@character_set_client */;
/*!50503 SET character_set_client = utf8mb4 */;
CREATE TABLE `files_related_morphs` (
  `id` int(10) unsigned NOT NULL AUTO_INCREMENT,
  `file_id` int(10) unsigned DEFAULT NULL,
  `related_id` int(10) unsigned DEFAULT NULL,
  `related_type` varchar(255) DEFAULT NULL,
  `field` varchar(255) DEFAULT NULL,
  `order` int(10) unsigned DEFAULT NULL,
  PRIMARY KEY (`id`),
  KEY `files_related_morphs_fk` (`file_id`),
  CONSTRAINT `files_related_morphs_fk` FOREIGN KEY (`file_id`) REFERENCES `files` (`id`) ON DELETE CASCADE
) ENGINE=InnoDB AUTO_INCREMENT=69 DEFAULT CHARSET=utf8;
/*!40101 SET character_set_client = @saved_cs_client */;

--
-- Dumping data for table `files_related_morphs`
--

LOCK TABLES `files_related_morphs` WRITE;
/*!40000 ALTER TABLE `files_related_morphs` DISABLE KEYS */;
INSERT INTO `files_related_morphs` VALUES (17,7,90,'api::reporting.reporting','upload',NULL),(22,1,10,'api::article.article','foto',1),(26,1,7,'api::article.article','foto',1),(28,2,9,'api::article.article','foto',1),(30,2,11,'api::article.article','foto',1),(31,3,12,'api::article.article','foto',1),(32,3,13,'api::article.article','foto',1),(33,6,14,'api::article.article','foto',1),(34,6,15,'api::article.article','foto',1),(35,19,5,'api::course.course','imagine_previzualizare',1),(36,17,5,'api::course.course','imagine_previzualizare',2),(37,19,4,'api::course.course','imagine_previzualizare',1),(38,17,4,'api::course.course','imagine_previzualizare',2),(39,93,91,'api::reporting.reporting','upload',NULL),(40,94,92,'api::reporting.reporting','upload',NULL),(42,95,93,'api::reporting.reporting','upload',1),(44,96,94,'api::reporting.reporting','upload',1),(45,97,95,'api::reporting.reporting','upload',NULL),(46,98,95,'api::reporting.reporting','upload',NULL),(62,99,96,'api::reporting.reporting','upload',1),(63,100,96,'api::reporting.reporting','upload',2),(64,101,96,'api::reporting.reporting','upload',3),(65,102,96,'api::reporting.reporting','upload',4),(66,103,96,'api::reporting.reporting','upload',5),(67,104,1,'api::organization.organization','icon',1),(68,105,2,'api::organization.organization','icon',1);
/*!40000 ALTER TABLE `files_related_morphs` ENABLE KEYS */;
UNLOCK TABLES;

--
-- Table structure for table `i18n_locale`
--

DROP TABLE IF EXISTS `i18n_locale`;
/*!40101 SET @saved_cs_client     = @@character_set_client */;
/*!50503 SET character_set_client = utf8mb4 */;
CREATE TABLE `i18n_locale` (
  `id` int(10) unsigned NOT NULL AUTO_INCREMENT,
  `name` varchar(255) DEFAULT NULL,
  `code` varchar(255) DEFAULT NULL,
  `created_at` datetime(6) DEFAULT NULL,
  `updated_at` datetime(6) DEFAULT NULL,
  `created_by_id` int(10) unsigned DEFAULT NULL,
  `updated_by_id` int(10) unsigned DEFAULT NULL,
  PRIMARY KEY (`id`),
  KEY `i18n_locale_created_by_id_fk` (`created_by_id`),
  KEY `i18n_locale_updated_by_id_fk` (`updated_by_id`),
  CONSTRAINT `i18n_locale_created_by_id_fk` FOREIGN KEY (`created_by_id`) REFERENCES `admin_users` (`id`) ON DELETE SET NULL,
  CONSTRAINT `i18n_locale_updated_by_id_fk` FOREIGN KEY (`updated_by_id`) REFERENCES `admin_users` (`id`) ON DELETE SET NULL
) ENGINE=InnoDB AUTO_INCREMENT=3 DEFAULT CHARSET=utf8;
/*!40101 SET character_set_client = @saved_cs_client */;

--
-- Dumping data for table `i18n_locale`
--

LOCK TABLES `i18n_locale` WRITE;
/*!40000 ALTER TABLE `i18n_locale` DISABLE KEYS */;
INSERT INTO `i18n_locale` VALUES (1,'English (en)','en','2022-10-18 00:29:07.818000','2022-10-18 00:29:07.818000',NULL,NULL),(2,'Romanian (ro)','ro','2022-10-21 12:54:31.052000','2022-10-21 12:54:31.052000',1,1);
/*!40000 ALTER TABLE `i18n_locale` ENABLE KEYS */;
UNLOCK TABLES;

--
-- Table structure for table `ip_categories`
--

DROP TABLE IF EXISTS `ip_categories`;
/*!40101 SET @saved_cs_client     = @@character_set_client */;
/*!50503 SET character_set_client = utf8mb4 */;
CREATE TABLE `ip_categories` (
  `id` int(10) unsigned NOT NULL AUTO_INCREMENT,
  `nume` varchar(255) DEFAULT NULL,
  `created_at` datetime(6) DEFAULT NULL,
  `updated_at` datetime(6) DEFAULT NULL,
  `published_at` datetime(6) DEFAULT NULL,
  `created_by_id` int(10) unsigned DEFAULT NULL,
  `updated_by_id` int(10) unsigned DEFAULT NULL,
  `locale` varchar(255) DEFAULT NULL,
  PRIMARY KEY (`id`),
  KEY `ip_categories_created_by_id_fk` (`created_by_id`),
  KEY `ip_categories_updated_by_id_fk` (`updated_by_id`),
  CONSTRAINT `ip_categories_created_by_id_fk` FOREIGN KEY (`created_by_id`) REFERENCES `admin_users` (`id`) ON DELETE SET NULL,
  CONSTRAINT `ip_categories_updated_by_id_fk` FOREIGN KEY (`updated_by_id`) REFERENCES `admin_users` (`id`) ON DELETE SET NULL
) ENGINE=InnoDB AUTO_INCREMENT=11 DEFAULT CHARSET=utf8;
/*!40101 SET character_set_client = @saved_cs_client */;

--
-- Dumping data for table `ip_categories`
--

LOCK TABLES `ip_categories` WRITE;
/*!40000 ALTER TABLE `ip_categories` DISABLE KEYS */;
INSERT INTO `ip_categories` VALUES (1,'UNITATI_JANDARMERIE','2022-10-21 13:12:57.869000','2022-10-21 13:12:57.869000','2022-10-10 06:55:23.520000',NULL,NULL,'ro'),(2,'SERVICII_DE_AMBULANTA','2022-10-21 13:12:57.901000','2022-10-21 13:12:57.901000','2022-10-10 06:55:14.928000',NULL,NULL,'ro'),(3,'UNITATI_DE_POMPIERI','2022-10-21 13:12:57.922000','2022-10-21 13:12:57.922000','2022-10-10 06:55:30.744000',NULL,NULL,'ro'),(4,'BAZE_SI_REFUGII_SALVAMONT','2022-10-21 13:12:57.939000','2022-10-21 13:12:57.939000','2022-10-10 06:55:38.242000',NULL,NULL,'ro'),(5,'ADAPOSTURI_DE_PROTECTIE_CIVILA','2022-10-21 13:12:57.957000','2022-10-21 13:12:57.957000','2022-10-10 06:55:44.464000',NULL,NULL,'ro'),(6,'FARMACII_NON_STOP','2022-10-21 13:12:57.975000','2022-10-21 13:12:57.975000','2022-10-10 06:58:15.954000',NULL,NULL,'ro'),(7,'SPITALE','2022-10-21 13:12:57.990000','2022-10-21 13:12:57.990000','2022-10-10 06:58:22.967000',NULL,NULL,'ro'),(8,'UNITATI_DE_POLITIE','2022-10-21 13:12:58.003000','2022-10-21 13:12:58.003000','2022-10-10 06:58:33.539000',NULL,NULL,'ro'),(9,'UNITATI_DE_PRIMIRI_URGENTE','2022-10-21 13:12:58.018000','2022-10-21 13:12:58.018000','2022-10-10 06:58:47.534000',NULL,NULL,'ro'),(10,'DEFIBRILATOARE','2022-10-21 13:12:58.034000','2022-10-21 13:12:58.034000','2022-10-10 06:58:56.433000',NULL,NULL,'ro');
/*!40000 ALTER TABLE `ip_categories` ENABLE KEYS */;
UNLOCK TABLES;

--
-- Table structure for table `ip_categories_localizations_links`
--

DROP TABLE IF EXISTS `ip_categories_localizations_links`;
/*!40101 SET @saved_cs_client     = @@character_set_client */;
/*!50503 SET character_set_client = utf8mb4 */;
CREATE TABLE `ip_categories_localizations_links` (
  `id` int(10) unsigned NOT NULL AUTO_INCREMENT,
  `ip_category_id` int(10) unsigned DEFAULT NULL,
  `inv_ip_category_id` int(10) unsigned DEFAULT NULL,
  PRIMARY KEY (`id`),
  KEY `ip_categories_localizations_links_fk` (`ip_category_id`),
  KEY `ip_categories_localizations_links_inv_fk` (`inv_ip_category_id`),
  CONSTRAINT `ip_categories_localizations_links_fk` FOREIGN KEY (`ip_category_id`) REFERENCES `ip_categories` (`id`) ON DELETE CASCADE,
  CONSTRAINT `ip_categories_localizations_links_inv_fk` FOREIGN KEY (`inv_ip_category_id`) REFERENCES `ip_categories` (`id`) ON DELETE CASCADE
) ENGINE=InnoDB DEFAULT CHARSET=utf8;
/*!40101 SET character_set_client = @saved_cs_client */;

--
-- Dumping data for table `ip_categories_localizations_links`
--

LOCK TABLES `ip_categories_localizations_links` WRITE;
/*!40000 ALTER TABLE `ip_categories_localizations_links` DISABLE KEYS */;
/*!40000 ALTER TABLE `ip_categories_localizations_links` ENABLE KEYS */;
UNLOCK TABLES;

--
-- Table structure for table `ip_points`
--

DROP TABLE IF EXISTS `ip_points`;
/*!40101 SET @saved_cs_client     = @@character_set_client */;
/*!50503 SET character_set_client = utf8mb4 */;
CREATE TABLE `ip_points` (
  `id` int(10) unsigned NOT NULL AUTO_INCREMENT,
  `titlu` varchar(255) DEFAULT NULL,
  `adresa` varchar(255) DEFAULT NULL,
  `numar_telefon` varchar(255) DEFAULT NULL,
  `website` varchar(255) DEFAULT NULL,
  `latitudine` varchar(255) DEFAULT NULL,
  `longitudine` varchar(255) DEFAULT NULL,
  `created_at` datetime(6) DEFAULT NULL,
  `updated_at` datetime(6) DEFAULT NULL,
  `published_at` datetime(6) DEFAULT NULL,
  `created_by_id` int(10) unsigned DEFAULT NULL,
  `updated_by_id` int(10) unsigned DEFAULT NULL,
  PRIMARY KEY (`id`),
  KEY `ip_points_created_by_id_fk` (`created_by_id`),
  KEY `ip_points_updated_by_id_fk` (`updated_by_id`),
  CONSTRAINT `ip_points_created_by_id_fk` FOREIGN KEY (`created_by_id`) REFERENCES `admin_users` (`id`) ON DELETE SET NULL,
  CONSTRAINT `ip_points_updated_by_id_fk` FOREIGN KEY (`updated_by_id`) REFERENCES `admin_users` (`id`) ON DELETE SET NULL
) ENGINE=InnoDB AUTO_INCREMENT=26 DEFAULT CHARSET=utf8;
/*!40101 SET character_set_client = @saved_cs_client */;

--
-- Dumping data for table `ip_points`
--

LOCK TABLES `ip_points` WRITE;
/*!40000 ALTER TABLE `ip_points` DISABLE KEYS */;
INSERT INTO `ip_points` VALUES (11,'Jandarmeria Sibiu','Calea Poplăcii 85, Sibiu','0269233190','www.jandarmeriasibiu.ro','45.76771982959677','24.12316576976822','2022-10-30 13:10:03.573000','2022-10-30 13:10:08.321000','2022-10-30 13:10:08.319000',1,1),(12,'Jandarmeria Prahova','Strada Gheorghe Grigore Cantacuzino, Ploiești','0244406405','www.jandarmeriaprahova.ro','44.93819349648197','25.991123285091643','2022-10-30 13:13:44.370000','2022-10-30 13:13:45.960000','2022-10-30 13:13:45.948000',1,1),(13,'Inspectoratul De Jandarmi Judeţean Dâmboviţa','Bulevardul Regele Carol I Nr.49, Târgoviște','0245640670','www.jandarmeriadambovita.ro','44.917604210137775','25.45560134276276','2022-10-30 17:59:14.968000','2022-10-30 17:59:16.708000','2022-10-30 17:59:16.706000',1,1),(14,'Inspectoratul de Jandarmi Județean Argeș','Aleea Negoiul 2, Pitești 110093','0248211502','www.jandarmeriaarges.ro','44.870534724365555','24.85862878745658','2022-10-30 18:04:29.069000','2022-10-30 18:04:35.849000','2022-10-30 18:04:35.847000',1,1),(15,'Inspectoratul de Jandarmi Judeţean Ilfov','Intrarea Liniei nr. 2-4, București 061145','0217603255','www.jandarmeriailfov.ro','44.42971303190795','26.009157657553764','2022-10-30 18:06:12.826000','2022-10-30 18:26:09.296000','2022-10-30 18:06:14.532000',1,1),(16,'Serviciul de Ambulanta Judetean Bacau','Strada 9 Mai 92, Bacău 600026','0234584050','www.ambulantabacau.com','46.56878017765664','26.916399686246972','2022-10-30 18:13:08.115000','2022-10-30 18:13:13.682000','2022-10-30 18:13:13.681000',1,1),(17,'Serviciul de Ambulanță București - Ilfov','Strada Mihai Eminescu 226, București 020085','0212116480','www.sabif.ro','44.44568285808952','26.11578977152184','2022-10-30 18:14:05.813000','2022-10-30 18:14:09.593000','2022-10-30 18:14:09.591000',1,1),(18,'Serviciul Judeţean De Ambulanţă Teleorman','Strada Libertății 1, Alexandria 140009','0247317666','http://amb-tr.ro/','43.980342273578835','25.315815427397254','2022-10-30 18:14:58.711000','2022-10-30 18:15:00.357000','2022-10-30 18:15:00.354000',1,1),(19,'Serviciul de Ambulanta Judetean Prahova - Sediul Central','Șoseaua Vestului 24, Ploiești 100461','0244595353','ambulantaprahova.ro','44.941547059201','25.9923089838023','2022-10-30 18:17:12.356000','2022-10-30 18:17:13.837000','2022-10-30 18:17:13.834000',1,1),(20,'Serviciul Județean De Ambulanță Satu Mare','Str. Careiului 26/A, Satu Mare','0261741360','www.ambulantasm.ro','47.78342669707091','22.860887265562322','2022-10-30 18:18:37.673000','2022-10-30 18:18:38.828000','2022-10-30 18:18:38.826000',1,1),(21,'Poliţia Aiud','Strada Transilvaniei 2, Aiud 515200','0258861101',NULL,'46.31026974044172','23.719041226886873','2022-10-30 18:20:39.711000','2022-10-30 18:49:01.780000','2022-10-30 18:20:40.851000',1,1),(22,'Inspectoratul de Poliție al Județului Vâlcea','Calea lui Traian 95, Râmnicu Vâlcea 240101','0250703004','vl.politiaromana.ro','45.0959229651757','24.361008966617756','2022-10-30 18:21:48.871000','2022-10-30 18:48:22.780000','2022-10-30 18:21:52.824000',1,1),(23,'Poliţia Bucureşti Secţia 15',' Str. Emil Racovita nr. 2A','0214610071',NULL,'44.38753768088046','26.11961909414426','2022-10-30 18:40:08.422000','2022-10-30 18:49:23.373000','2022-10-30 18:41:01.675000',1,1),(24,'Detașamentul de Pompieri Vitan','Strada Breaza 79, București','0213217390','www.isubif.ro','44.41768813237199','26.12982217971567','2022-10-30 18:54:12.605000','2022-10-30 18:54:27.777000','2022-10-30 18:54:27.774000',1,1),(25,'Detașamentul de Pompieri Băneasa','Strada Căpitan Alexandru Șerbănescu 4, București 077190','0212075500','www.isubif.ro','44.48757137604977','26.093949727857083','2022-10-30 18:56:02.398000','2022-10-30 18:56:27.134000','2022-10-30 18:56:27.131000',1,1);
/*!40000 ALTER TABLE `ip_points` ENABLE KEYS */;
UNLOCK TABLES;

--
-- Table structure for table `ip_points_ip_category_links`
--

DROP TABLE IF EXISTS `ip_points_ip_category_links`;
/*!40101 SET @saved_cs_client     = @@character_set_client */;
/*!50503 SET character_set_client = utf8mb4 */;
CREATE TABLE `ip_points_ip_category_links` (
  `id` int(10) unsigned NOT NULL AUTO_INCREMENT,
  `ip_point_id` int(10) unsigned DEFAULT NULL,
  `ip_category_id` int(10) unsigned DEFAULT NULL,
  PRIMARY KEY (`id`),
  KEY `ip_points_ip_category_links_fk` (`ip_point_id`),
  KEY `ip_points_ip_category_links_inv_fk` (`ip_category_id`),
  CONSTRAINT `ip_points_ip_category_links_fk` FOREIGN KEY (`ip_point_id`) REFERENCES `ip_points` (`id`) ON DELETE CASCADE,
  CONSTRAINT `ip_points_ip_category_links_inv_fk` FOREIGN KEY (`ip_category_id`) REFERENCES `ip_categories` (`id`) ON DELETE CASCADE
) ENGINE=InnoDB AUTO_INCREMENT=30 DEFAULT CHARSET=utf8;
/*!40101 SET character_set_client = @saved_cs_client */;

--
-- Dumping data for table `ip_points_ip_category_links`
--

LOCK TABLES `ip_points_ip_category_links` WRITE;
/*!40000 ALTER TABLE `ip_points_ip_category_links` DISABLE KEYS */;
INSERT INTO `ip_points_ip_category_links` VALUES (10,11,1),(11,12,1),(12,13,1),(13,14,1),(15,16,2),(16,17,2),(17,18,2),(18,19,2),(19,20,2),(22,15,1),(25,22,8),(26,21,8),(27,23,8),(28,24,3),(29,25,3);
/*!40000 ALTER TABLE `ip_points_ip_category_links` ENABLE KEYS */;
UNLOCK TABLES;

--
-- Table structure for table `links`
--

DROP TABLE IF EXISTS `links`;
/*!40101 SET @saved_cs_client     = @@character_set_client */;
/*!50503 SET character_set_client = utf8mb4 */;
CREATE TABLE `links` (
  `id` int(10) unsigned NOT NULL AUTO_INCREMENT,
  `titlu` varchar(255) DEFAULT NULL,
  `url` varchar(255) DEFAULT NULL,
  `created_at` datetime(6) DEFAULT NULL,
  `updated_at` datetime(6) DEFAULT NULL,
  `published_at` datetime(6) DEFAULT NULL,
  `created_by_id` int(10) unsigned DEFAULT NULL,
  `updated_by_id` int(10) unsigned DEFAULT NULL,
  `locale` varchar(255) DEFAULT NULL,
  PRIMARY KEY (`id`),
  KEY `links_created_by_id_fk` (`created_by_id`),
  KEY `links_updated_by_id_fk` (`updated_by_id`),
  CONSTRAINT `links_created_by_id_fk` FOREIGN KEY (`created_by_id`) REFERENCES `admin_users` (`id`) ON DELETE SET NULL,
  CONSTRAINT `links_updated_by_id_fk` FOREIGN KEY (`updated_by_id`) REFERENCES `admin_users` (`id`) ON DELETE SET NULL
) ENGINE=InnoDB AUTO_INCREMENT=5 DEFAULT CHARSET=utf8;
/*!40101 SET character_set_client = @saved_cs_client */;

--
-- Dumping data for table `links`
--

LOCK TABLES `links` WRITE;
/*!40000 ALTER TABLE `links` DISABLE KEYS */;
INSERT INTO `links` VALUES (1,'Joc Educativ \"Andrei şi Rex\"','https://bunadimineata.ro/cluj/joc-educativ-online-lansat-la-cluj/','2022-10-21 13:13:37.593000','2022-10-21 13:13:37.593000','2022-10-10 11:11:07.986000',NULL,NULL,'ro'),(2,'Platforma \"Fii pregătit\"','https://fiipregatit.ro/','2022-10-21 13:13:37.623000','2022-10-21 13:13:37.623000','2022-10-10 11:11:24.978000',NULL,NULL,'ro'),(3,'Serviciul SMS 113 pentru persoane cu dizabiliăţi','https://www.sts.ro/files/userfiles/112/docs/Modul_de_utilizare_a_serviciului_113.pdf','2022-10-21 13:13:37.640000','2022-10-21 13:13:37.640000','2022-10-10 11:12:35.504000',NULL,NULL,'ro'),(4,'Ghid IGSU - avizare/autorizare','https://isubif.ro/local/ghid-igsu-privind-avizarea-autorizarea/','2022-10-21 13:13:37.663000','2022-10-21 13:13:37.663000','2022-10-10 11:12:52.362000',NULL,NULL,'ro');
/*!40000 ALTER TABLE `links` ENABLE KEYS */;
UNLOCK TABLES;

--
-- Table structure for table `links_localizations_links`
--

DROP TABLE IF EXISTS `links_localizations_links`;
/*!40101 SET @saved_cs_client     = @@character_set_client */;
/*!50503 SET character_set_client = utf8mb4 */;
CREATE TABLE `links_localizations_links` (
  `id` int(10) unsigned NOT NULL AUTO_INCREMENT,
  `link_id` int(10) unsigned DEFAULT NULL,
  `inv_link_id` int(10) unsigned DEFAULT NULL,
  PRIMARY KEY (`id`),
  KEY `links_localizations_links_fk` (`link_id`),
  KEY `links_localizations_links_inv_fk` (`inv_link_id`),
  CONSTRAINT `links_localizations_links_fk` FOREIGN KEY (`link_id`) REFERENCES `links` (`id`) ON DELETE CASCADE,
  CONSTRAINT `links_localizations_links_inv_fk` FOREIGN KEY (`inv_link_id`) REFERENCES `links` (`id`) ON DELETE CASCADE
) ENGINE=InnoDB DEFAULT CHARSET=utf8;
/*!40101 SET character_set_client = @saved_cs_client */;

--
-- Dumping data for table `links_localizations_links`
--

LOCK TABLES `links_localizations_links` WRITE;
/*!40000 ALTER TABLE `links_localizations_links` DISABLE KEYS */;
/*!40000 ALTER TABLE `links_localizations_links` ENABLE KEYS */;
UNLOCK TABLES;

--
-- Table structure for table `organizations`
--

DROP TABLE IF EXISTS `organizations`;
/*!40101 SET @saved_cs_client     = @@character_set_client */;
/*!50503 SET character_set_client = utf8mb4 */;
CREATE TABLE `organizations` (
  `id` int(10) unsigned NOT NULL AUTO_INCREMENT,
  `nume` varchar(255) DEFAULT NULL,
  `created_at` datetime(6) DEFAULT NULL,
  `updated_at` datetime(6) DEFAULT NULL,
  `created_by_id` int(10) unsigned DEFAULT NULL,
  `updated_by_id` int(10) unsigned DEFAULT NULL,
  PRIMARY KEY (`id`),
  KEY `organizations_created_by_id_fk` (`created_by_id`),
  KEY `organizations_updated_by_id_fk` (`updated_by_id`),
  CONSTRAINT `organizations_created_by_id_fk` FOREIGN KEY (`created_by_id`) REFERENCES `admin_users` (`id`) ON DELETE SET NULL,
  CONSTRAINT `organizations_updated_by_id_fk` FOREIGN KEY (`updated_by_id`) REFERENCES `admin_users` (`id`) ON DELETE SET NULL
) ENGINE=InnoDB AUTO_INCREMENT=3 DEFAULT CHARSET=utf8;
/*!40101 SET character_set_client = @saved_cs_client */;

--
-- Dumping data for table `organizations`
--

LOCK TABLES `organizations` WRITE;
/*!40000 ALTER TABLE `organizations` DISABLE KEYS */;
INSERT INTO `organizations` VALUES (1,'DSU','2022-10-21 13:04:52.434000','2022-10-31 15:33:48.902000',NULL,1),(2,'ANM','2022-10-21 13:04:52.460000','2022-10-31 15:40:16.393000',NULL,1);
/*!40000 ALTER TABLE `organizations` ENABLE KEYS */;
UNLOCK TABLES;

--
-- Table structure for table `pozitions`
--

DROP TABLE IF EXISTS `pozitions`;
/*!40101 SET @saved_cs_client     = @@character_set_client */;
/*!50503 SET character_set_client = utf8mb4 */;
CREATE TABLE `pozitions` (
  `id` int(10) unsigned NOT NULL AUTO_INCREMENT,
  `nume` varchar(255) DEFAULT NULL,
  `created_at` datetime(6) DEFAULT NULL,
  `updated_at` datetime(6) DEFAULT NULL,
  `published_at` datetime(6) DEFAULT NULL,
  `created_by_id` int(10) unsigned DEFAULT NULL,
  `updated_by_id` int(10) unsigned DEFAULT NULL,
  `locale` varchar(255) DEFAULT NULL,
  PRIMARY KEY (`id`),
  KEY `pozitions_created_by_id_fk` (`created_by_id`),
  KEY `pozitions_updated_by_id_fk` (`updated_by_id`),
  CONSTRAINT `pozitions_created_by_id_fk` FOREIGN KEY (`created_by_id`) REFERENCES `admin_users` (`id`) ON DELETE SET NULL,
  CONSTRAINT `pozitions_updated_by_id_fk` FOREIGN KEY (`updated_by_id`) REFERENCES `admin_users` (`id`) ON DELETE SET NULL
) ENGINE=InnoDB AUTO_INCREMENT=2 DEFAULT CHARSET=utf8;
/*!40101 SET character_set_client = @saved_cs_client */;

--
-- Dumping data for table `pozitions`
--

LOCK TABLES `pozitions` WRITE;
/*!40000 ALTER TABLE `pozitions` DISABLE KEYS */;
INSERT INTO `pozitions` VALUES (1,'Administrator','2022-10-21 13:13:52.008000','2022-10-21 13:13:52.008000','2022-10-21 13:13:52.005000',NULL,NULL,'ro');
/*!40000 ALTER TABLE `pozitions` ENABLE KEYS */;
UNLOCK TABLES;

--
-- Table structure for table `pozitions_localizations_links`
--

DROP TABLE IF EXISTS `pozitions_localizations_links`;
/*!40101 SET @saved_cs_client     = @@character_set_client */;
/*!50503 SET character_set_client = utf8mb4 */;
CREATE TABLE `pozitions_localizations_links` (
  `id` int(10) unsigned NOT NULL AUTO_INCREMENT,
  `pozition_id` int(10) unsigned DEFAULT NULL,
  `inv_pozition_id` int(10) unsigned DEFAULT NULL,
  PRIMARY KEY (`id`),
  KEY `pozitions_localizations_links_fk` (`pozition_id`),
  KEY `pozitions_localizations_links_inv_fk` (`inv_pozition_id`),
  CONSTRAINT `pozitions_localizations_links_fk` FOREIGN KEY (`pozition_id`) REFERENCES `pozitions` (`id`) ON DELETE CASCADE,
  CONSTRAINT `pozitions_localizations_links_inv_fk` FOREIGN KEY (`inv_pozition_id`) REFERENCES `pozitions` (`id`) ON DELETE CASCADE
) ENGINE=InnoDB DEFAULT CHARSET=utf8;
/*!40101 SET character_set_client = @saved_cs_client */;

--
-- Dumping data for table `pozitions_localizations_links`
--

LOCK TABLES `pozitions_localizations_links` WRITE;
/*!40000 ALTER TABLE `pozitions_localizations_links` DISABLE KEYS */;
/*!40000 ALTER TABLE `pozitions_localizations_links` ENABLE KEYS */;
UNLOCK TABLES;

--
-- Table structure for table `pozitions_utilizatori_links`
--

DROP TABLE IF EXISTS `pozitions_utilizatori_links`;
/*!40101 SET @saved_cs_client     = @@character_set_client */;
/*!50503 SET character_set_client = utf8mb4 */;
CREATE TABLE `pozitions_utilizatori_links` (
  `id` int(10) unsigned NOT NULL AUTO_INCREMENT,
  `pozition_id` int(10) unsigned DEFAULT NULL,
  `user_id` int(10) unsigned DEFAULT NULL,
  PRIMARY KEY (`id`),
  KEY `pozitions_utilizatori_links_fk` (`pozition_id`),
  KEY `pozitions_utilizatori_links_inv_fk` (`user_id`),
  CONSTRAINT `pozitions_utilizatori_links_fk` FOREIGN KEY (`pozition_id`) REFERENCES `pozitions` (`id`) ON DELETE CASCADE,
  CONSTRAINT `pozitions_utilizatori_links_inv_fk` FOREIGN KEY (`user_id`) REFERENCES `admin_users` (`id`) ON DELETE CASCADE
) ENGINE=InnoDB DEFAULT CHARSET=utf8;
/*!40101 SET character_set_client = @saved_cs_client */;

--
-- Dumping data for table `pozitions_utilizatori_links`
--

LOCK TABLES `pozitions_utilizatori_links` WRITE;
/*!40000 ALTER TABLE `pozitions_utilizatori_links` DISABLE KEYS */;
/*!40000 ALTER TABLE `pozitions_utilizatori_links` ENABLE KEYS */;
UNLOCK TABLES;

--
-- Table structure for table `privacy_policies`
--

DROP TABLE IF EXISTS `privacy_policies`;
/*!40101 SET @saved_cs_client     = @@character_set_client */;
/*!50503 SET character_set_client = utf8mb4 */;
CREATE TABLE `privacy_policies` (
  `id` int(10) unsigned NOT NULL AUTO_INCREMENT,
  `continut` longtext,
  `created_at` datetime(6) DEFAULT NULL,
  `updated_at` datetime(6) DEFAULT NULL,
  `published_at` datetime(6) DEFAULT NULL,
  `created_by_id` int(10) unsigned DEFAULT NULL,
  `updated_by_id` int(10) unsigned DEFAULT NULL,
  `locale` varchar(255) DEFAULT NULL,
  PRIMARY KEY (`id`),
  KEY `privacy_policies_created_by_id_fk` (`created_by_id`),
  KEY `privacy_policies_updated_by_id_fk` (`updated_by_id`),
  CONSTRAINT `privacy_policies_created_by_id_fk` FOREIGN KEY (`created_by_id`) REFERENCES `admin_users` (`id`) ON DELETE SET NULL,
  CONSTRAINT `privacy_policies_updated_by_id_fk` FOREIGN KEY (`updated_by_id`) REFERENCES `admin_users` (`id`) ON DELETE SET NULL
) ENGINE=InnoDB AUTO_INCREMENT=2 DEFAULT CHARSET=utf8;
/*!40101 SET character_set_client = @saved_cs_client */;

--
-- Dumping data for table `privacy_policies`
--

LOCK TABLES `privacy_policies` WRITE;
/*!40000 ALTER TABLE `privacy_policies` DISABLE KEYS */;
INSERT INTO `privacy_policies` VALUES (1,'Politica de confidentialitate\nÎn vigoare de la 25 mai 2018\n\nPrezenta politică de confidențialitate se aplică aplicației mobile DSU, ai cărei furnizori sunt: Fundația pentru SMURD și Departamentul pentru Situații de Urgență din cadrul Ministerului Afacerilor Interne.\n\nToate activitățile de prelucrare a datelor cu caracter personal desfășurate în cadrul sau în legătură cu aplicația mobilă DSU sunt în acord cu prevederile Regulamentului (UE) 2016/679 privind protecţia persoanelor fizice în ceea ce priveşte prelucrarea datelor cu caracter personal şi privind libera circulaţie a acestor date şi de abrogare a Directivei 95/46/CE (Regulamentul general privind protecţia datelor).\n\n \nDate de contact Fundația pentru SMURD\n\nSediu: Str. Prof. Dr. Gheorghe Marinescu nr. 50, cod poștal 540136\n\nTârgu-Mureș, județul Mureș\n\nEmail: office@fundatiapentrusmurd.ro\n\nWebsite: http://fundatiapentrusmurd.ro/\n\nDate de contact Departamentul pentru Situații de Urgență din cadrul Ministerului Afacerilor Interne\n\nSediu: Piața Revoluției nr. 1A, sectorul 1, București, cod poștal 010086\n\nEmail: simona.alupoaei@mai.gov.ro\n\nWebsite: http://www.dsu.mai.gov.ro/\n\nTermeni și definiții\n\nDate cu caracter personal - orice informaţii privind o persoană fizică identificată sau identificabilă, direct sau indirect, în special prin referire la un element de identificare, cum ar fi un nume, un număr de identificare, date de localizare, un identificator online, sau la unul sau mai multe elemente specifice, proprii identităţii sale fizice, fiziologice, genetice, psihice, economice, culturale sau sociale\n\nPrelucrare - orice operaţiune sau set de operaţiuni efectuate asupra datelor cu caracter personal sau asupra seturilor de date cu caracter personal, cu sau fără utilizarea de mijloace automatizate, cum ar fi colectarea, înregistrarea, organizarea, structurarea, stocarea, adaptarea sau modificarea, extragerea, consultarea, utilizarea, divulgarea prin transmitere, diseminarea sau punerea la dispoziţie în orice alt mod, alinierea sau combinarea, restricţionarea, ştergerea sau distrugerea\n\nConsimţământ - orice manifestare de voinţă liberă, specifică, informată şi lipsită de ambiguitate a utilizatorului prin care acesta acceptă, printr-o declaraţie sau printr-o acţiune fără echivoc, ca datele cu caracter personal care îl privesc să fie prelucrate\n\nDSU, denumită în continuare Aplicația - aplicație mobilă disponibilă în sistemele iOS și Android, aflată în proprietatea Fundației pentru SMURD și în administrarea Departamentului pentru Situații de Urgență din cadrul Ministerului Afacerilor Interne, în calitatea sa de coordonator al activităților de prevenire și gestionare a situațiilor de urgență la nivel național\n\nOperator - Fundația pentru SMURD și Departamentul pentru Situații de Urgență din cadrul Ministerului Afacerilor Interne, care prelucrează date cu caracter personal în UE, conform legislației și prezentei politici\n\nUtilizator - persoana fizică, cu capacitate deplină de exercițiu, având vârsta de minimum 18 ani, care își exprimă consimțământul pentru utilizarea Aplicației conform politicilor operatorului și care se autentifică sau nu în Aplicație prin crearea unui cont de utilizator\n\nAutoritate de supraveghere - autoritate publică independentă instituită de un stat membru în temeiul Regulamentului (UE) 2016/679\n\n \n\nPrincipii\n\nPolitica de confidențialitate a operatorului se întemeiază pe următoarele principii:\n\n1. Prelucrarea datelor cu caracter personal se realizează în mod legal, echitabil şi transparent.\n\n2. Colectarea datelor cu caracter personal se face în scopuri determinate, explicite şi legitime, acestea nefiind prelucrate ulterior într-un mod incompatibil cu aceste scopuri.\n\n3. Datele cu caracter personal sunt adecvate, relevante şi limitate la ceea ce este necesar în raport cu scopurile în care sunt prelucrate.\n\n4. Datele cu caracter personal sunt riguros exacte și se actualizează în cazul în care este necesar.\n\n5. Datele cu caracter personal sunt păstrate într-o formă care permite identificarea numai pentru perioada necesară îndeplinirii scopurilor în care sunt prelucrate datele.\n\n6. Prelucrarea se realizează într-un mod care asigură securitatea adecvată a datelor cu caracter personal, inclusiv protecţia împotriva prelucrării neautorizate sau ilegale şi împotriva pierderii, a distrugerii sau a deteriorării accidentale, prin luarea de măsuri tehnice sau organizatorice corespunzătoare.\n\n\nCine este responsabil cu prelucrarea datelor cu caracter personal?\n\nResponsabilul cu prelucrarea datelor cu caracter personal decide ce date prelucrează, în ce scop și cum are loc această prelucrare.\n\nResponsabilitatea prelucrării datelor cu caracter personal în cazul DSU revine:\n\nFundației pentru SMURD, în calitatea sa de autor și titular al dreptului de proprietate intelectuală a Aplicației;\nDepartamentului pentru Situații de Urgență din cadrul Ministerului Afacerilor Interne, în calitatea sa de administrator al Aplicației;\nSocietății iConsult SRL Sibiu, ca dezvoltator al Aplicației, în cazul îndeplinirii obligațiilor ce decurg din contractul de prestări servicii semnat cu Fundația pentru SMURD.\nSocietatea iConsult SRL are sediul în Sibiu, Str. Vișinilor nr. 7, județul Sibiu, cod poștal 550091 și este înregistrată la Oficiul Registrului Comerțului de pe lângă Tribunalul Sibiu cu nr. J32/59/2006, CIF RO18304754, email office@i-consult.ro.\n\nTemeiul juridic al prelucrării datelor cu caracter personal\n\nDatele cu caracter personal se prelucrează în temeiul consimțământului expres, liber exprimat, specific și neechivoc al utilizatorului Aplicației, în acord cu prevederile legislației în vigoare și în condițiile prezentei politici.\n\nPoate constitui temei al prelucrării: un contract, o cerere a utilizatorului înainte de intrarea într-un contract, necesitatea respectării unei obligații legale, interesul legitim al operatorului sau al unei terțe părți, necesitatea de a proteja interesele vitale ale utilizatorului sau ale altei persoane fizice, îndeplinirea unei sarcini care serveşte unui interes public.\n\nCe date colectăm și în ce scop?\n\nColectăm date cu caracter personal atât de la utilizatorii care se autentifică prin crearea de conturi în Aplicație, cât și de la cei care accesează Aplicația fără autentificare.\n\nÎn cazul autentificării, colectăm următoarele date cu caracter personal:\n\nnumele și prenumele - folosite pentru crearea contului de utilizator, vizibile în Aplicație;\npoza - poza de profil este colectată automat din profilul social atunci când utilizatorul se autentifică în Aplicație prin Facebook sau Google Account. Odată autentificat, indiferent de metoda de autentificare, utilizatorul își poate adăuga sau schimba poza de profil;\nadresa de email - este colectată automat din contul de Facebook sau de Google, atunci când se autentifică prin Social Media. Se poate introduce manual de utilizator atunci când se autentifică prin email și parolă. Adresa de email a unui utilizator nu este afișată public nicăieri în Aplicație, fiind folosită doar pentru autentificare;\ninformații despre dispozitivul pe care-l folosește utilizatorul (sistemul de operare, tipul de telefon (model), rețeaua de pe care intră, locația GPS (opțional, dacă și-a dat acordul în aplicație), aceste informații fiind folosite doar în scop statistic;\nnumărul de telefon - este cerut numai pentru utilizarea modulului de raportări situații de urgență din cadrul Aplicației. Numărul de telefon nu este făcut public, ci este folosit pentru validarea persoanei o singură dată, atunci când trimite prima sesizare. Numărul de telefon al persoanei care a făcut sesizarea este public doar pentru angajații DSU, care preiau sesizările, pentru a o contacta telefonic, dacă este cazul.\nÎn cazul utilizatorilor neautentificați, se colectează următoarele date:\n\ninformații despre dispozitivul pe care-l folosește utilizatorul (sistemul de operare, tipul de telefon (model), rețeaua de pe care intră, locația GPS (opțional, dacă și-a dat acordul în aplicație), aceste informații fiind folosite doar în scop statistic.\nÎn afara datelor cu caracter personal la care am făcut referire mai sus, obținem date din analiza modului de utilizare a serviciilor noastre, după cum urmează:\n\ninformații despre dispozitivul pe care-l folosește utilizatorul (sistemul de operare, tipul de telefon (model), rețeaua de pe care intră, locația GPS (opțional, dacă și-a dat acordul în aplicație), aceste informații fiind folosite doar în scop statistic;\ndatele colectate în Google Analytics, folosite în scop statistic pentru a determina patternuri de comportament ale utilizatorilor.\nOperatorul nu prelucrează în cadrul aplicației DSU date cu caracter personal care dezvăluie originea rasială sau etnică, opiniile politice, confesiunea religioasă sau convingerile filosofice sau apartenența la sindicate și prelucrarea de date genetice, de date biometrice pentru identificarea unică a unei persoane fizice, de date privind sănătatea sau de date privind viața sexuală sau orientarea sexuală ale unei persoane fizice.\n\n\nCe date colectăm pentru crearea contului de utilizator în Aplicație și ce facem public?\n\nLa crearea unui cont de utilizator in Aplicație, sunt necesare următoarele date cu caracter personal:\n\nnumele și prenumele;\nemailul;\npoza de profil (atunci când se autentifică printr-una din cele 2 platforme sociale: Facebook sau Google).\nÎn contul de utilizator, care este public în Aplicație, afișăm public următoarele informații:\n\nnumele și prenumele;\npoza de profil.\nÎn ce scop se prelucrează datele cu caracter personal?\n\nPrelucrăm date cu caracter personal pentru:\n\nvalidare utilizator, prin trimitere SMS de confirmare, în cazul utilizării modulului de raportări situații de urgență către DSU;\ngeolocalizare, în cazul utilizării modulului de raportări situații de urgență către DSU, scopul prelucrării fiind determinarea automată a locației urgenței raportate pe hartă.\ntrimitere alerte și informări - utilizatorii pot primi alerte și informări prin push notifications, în situația în care au optat pentru trimiterea acestora pentru una sau mai multe zone din țară\nstatistici și rapoarte - datele utilizatorilor Aplicației sunt prelucrate cu ajutorul Google Analytics, generând statistici automate, în baza cărora se extrag rapoarte, în scopul îmbunătățirii modului de utilizare a aplicației.\nDatele statistice rămân anonime și nu sunt făcute publice.\n\n \nCum se realizează colectarea și prelucrarea datelor cu caracter personal?\n\nColectarea datelor cu caracter personal se realizează:\n\nautomat, la crearea contului de utilizator prin platforme sociale (Facebook sau Google), preluându-se: nume, prenume, email, poza, date despre dispozitivul folosit, locația GPS (opțional);\nmanual, la crearea contului de utilizator prin email și parolă, furnizându-se nume, prenume, email; poza poate fi adăugată ulterior - opțional. Se adaugă numărul de telefon pentru utilizarea modulului de raportări de situații de urgență, pentru o validare suplimentară.\nPrelucrarea datelor cu caracter personal se realizează:\n\nautomat, prin Google Analytics, Fabric, în scop statistic;\nmanual, în vederea întocmirii rapoartelor menționate mai sus.\nDatele statistice ale utilizatorilor rămân anonime și nu sunt făcute publice.\n\nPentru ce perioadă stocăm datele cu caracter personal?\n\nDatele cu caracter personal sunt stocate pentru o perioadă nedefinită.\n\nUtilizatorul poate cere în orice moment modificarea sau ștergerea datelor cu caracter personal prin utilizarea formularului de contact din aplicație.\n\nȘtergerea contului implică ștergerea automată a datelor cu caracter personal (nume, prenume, email, poză, parolă, număr de telefon).\n\nCătre cine transferăm datele cu caracter personal și în ce scop?\n\nTransferăm date cu caracter personal către:\n\nGoogle Analytics  (în afara UE), unde se stochează datele utilizatorilor în scop statistic;\n\nFabric (în afara UE), unde se stochează date despre crash-uri ale aplicației și despre utilizatori, ca să se poată repara ce nu funcționează în Aplicație.\n\nCe măsuri de securitate am implementat?\n\nSuntem preocupați permanent de implementarea măsurilor de securitate ce se impun pentru a reduce la minimum riscurile de acces neautorizat la date și implicit impactul asupra vieții private a utilizatorilor:\n\nstandard SSL de criptare a fluxului de date;\nstandard de OAUTH pentru autentificarea utilizatorilor;\napeluri securizate prin cheie de autorizare (HMAC);\nlimitarea numărului de IP-uri de la care poate fi accesat serverul unde avem baza de date și serverul web;\nacces limitat pe server prin folosirea de chei SSH private.\nDrepturile utilizatorului\n\nRegulamentul conferă utilizatorului o serie de drepturi, pe care le prezentăm pe scurt în cele ce urmează:\n\n1. dreptul de informare și acces la date cu caracter personal, în temeiul căruia se poate obține o confirmare din partea noastră că prelucrăm sau nu date cu caracter personal, având acces la datele respective și la informații privind modalitățile și scopurile prelucrării acestora;\n\n2. dreptul la rectificarea datelor, care se poate exercita pentru a obține, fără întârzieri nejustificate, rectificarea datelor inexacte sau completarea datelor cu caracter personal, care sunt incomplete;\n\n3. dreptul la ștergerea datelor (dreptul de „a fi uitat”), în virtutea căruia se poate obține ștergerea datelor cu caracter personal, fără întârzieri nejustificate, pentru unul din următoarele motive:\n\ni.datele nu mai sunt necesare pentru îndeplinirea scopului pentru care au fost colectate sau prelucrate;\n\nii.utilizatorul își retrage consimțământul și nu există un alt temei juridic pentru prelucrare;\n\niii.utilizatorul se opune prelucrării și nu există motive legitime care să prevaleze în ceea ce privește prelucrarea;\n\niv.datele cu caracter personal au fost prelucrate ilegal;\n\nv.datele cu caracter personal trebuie şterse pentru respectarea unei obligaţii legale;\n\nvi.datele cu caracter personal au fost colectate în legătură cu furnizarea de servicii societății informaționale.\n\n4. dreptul la restricționarea prelucrării poate fi exercitat în următoarele situații:\n\ni. atunci când se contestă exactitatea datelor, pe o perioadă care ne permite verificarea corectitudinii acestora;\n\nii. prelucrarea este ilegală, iar utilizatorul se opune ștergerii datelor, solicitând în schimb restricționarea prelucrării acestora;\n\niii.nu mai avem nevoie de datele cu caracter personal în scopul prelucrării, dar utilizatorul le solicită pentru constatarea, exercitarea sau apărarea unui drept în instanță;\n\niv.atunci când utilizatorul se opune prelucrării din motive legate de situația particulară în care se află, pentru intervalul de timp în care se verifică dacă în acest caz prevalează drepturile legitime ale operatorului.\n\n5. dreptul la opoziție, în temeiul căruia utilizatorul se poate opune prelucrării datelor cu caracter personal, inclusiv creării de profiluri, din motive legate de situația particulară în care se află, în cazurile în care prelucrarea este necesară pentru îndeplinirea unei sarcini care servește unui interes public sau când are loc în scopul intereselor legitime urmărite de noi sau de o terță parte. În aceste cazuri prelucrarea se va face numai dacă este justificată de motive legitime și imperioase, care prevalează asupra intereselor, drepturilor și libertăților utilizatorului, sau atunci când scopul prelucrării este constatarea, exercitarea sau apărarea unui drept în instanță.\n\nAtunci când prelucrarea datelor cu caracter personal are drept scop marketingul direct, utilizatorul are dreptul de a se opune în orice moment prelucrării în acest scop a datelor, inclusiv creării de profiluri, în măsura în care aceasta este legată de marketingul direct.\n\n6. dreptul la portabilitatea datelor, care permite utilizatorului să primească datele cu caracter personal care îl privesc şi pe care le-a furnizat într-un format structurat, utilizat în mod curent şi care poate fi citit automat și să transmită aceste date altui operator, în condițiile în care prelucrarea se bazează pe consimțământ sau pe un contract și este efectuată prin mijloace automate.\n\nÎn temeiul acestui drept, datele cu caracter personal care privesc utilizatorul pot fi transmise direct de la un operator la altul acolo unde acest lucru este fezabil din punct de vedere tehnic.\n\nModificarea politicii de prelucrare a datelor cu caracter personal\n\nPrezenta politică de prelucrare a datelor cu caracter personal poate fi actualizată ca urmare a modificării legislației relevante în domeniu sau a schimbărilor intervenite în structura și funcțiile Aplicației.\n\nÎn cazul în care se fac modificări ale politicii de prelucrare a datelor cu caracter personal, utilizatorii vor fi înștiințați prin e-mail și/sau notificări în cadrul aplicației, înainte ca schimbările să intre în vigoare.\n\nÎncurajăm utilizatorii să verifice această pagină periodic pentru a fi informați despre ultimele noutăți în ceea ce privește practicile noastre de prelucrare a datelor cu caracter personal.\n\nCum ne poți contacta?\n\nPentru nelămuriri sau întrebări în legătură cu prelucrarea datelor cu caracter personal, te poți adresa cu cerere scrisă:\n\nFundației pentru SMURD, la adresa din Târgu Mureș, str. Prof. Dr. Gheorghe Marinescu nr. 50, județul Mureș, cod poștal 540136 sau la email office@fundatiapentrusmurd.ro\nDepartamentului pentru Situații de Urgență din cadrul Ministerului Afacerilor Interne, la adresa din București, Piața Revoluției nr. 1A, sectorul 1, cod poștal 010086 sau la email simona.alupoaei@mai.gov.ro\nÎn cazul în care dorești să formulezi plângeri privind prelucrarea datelor cu caracter personal, ne poți scrie la aceeași adresă, urmând să îți răspundem în termenul legal de corespondență, în acord cu politicile și procedurile noastre interne.\n\nÎn cazul improbabil în care consideri că ți-au fost încălcate drepturile privind prelucrarea datelor cu caracter personal și Fundația pentru SMURD sau Departamentul pentru Situații de Urgență din cadrul Ministerului Afacerilor Interne nu a tratat plângerea în mod corespunzător, te poți adresa unei autorități de supraveghere a prelucrării datelor cu caracter personal.\n\nAutoritatea Națională de Supraveghere a Prelucrării Datelor cu Caracter Personal din România are sediul în București, bd. Gen. Gheorghe Magheru nr. 28 - 30, sectorul 1, cod poștal 010336.','2022-10-26 13:10:56.153000','2022-10-29 08:51:53.294000','2022-10-26 14:08:21.133000',1,1,'ro');
/*!40000 ALTER TABLE `privacy_policies` ENABLE KEYS */;
UNLOCK TABLES;

--
-- Table structure for table `privacy_policies_localizations_links`
--

DROP TABLE IF EXISTS `privacy_policies_localizations_links`;
/*!40101 SET @saved_cs_client     = @@character_set_client */;
/*!50503 SET character_set_client = utf8mb4 */;
CREATE TABLE `privacy_policies_localizations_links` (
  `id` int(10) unsigned NOT NULL AUTO_INCREMENT,
  `privacy_policy_id` int(10) unsigned DEFAULT NULL,
  `inv_privacy_policy_id` int(10) unsigned DEFAULT NULL,
  PRIMARY KEY (`id`),
  KEY `privacy_policies_localizations_links_fk` (`privacy_policy_id`),
  KEY `privacy_policies_localizations_links_inv_fk` (`inv_privacy_policy_id`),
  CONSTRAINT `privacy_policies_localizations_links_fk` FOREIGN KEY (`privacy_policy_id`) REFERENCES `privacy_policies` (`id`) ON DELETE CASCADE,
  CONSTRAINT `privacy_policies_localizations_links_inv_fk` FOREIGN KEY (`inv_privacy_policy_id`) REFERENCES `privacy_policies` (`id`) ON DELETE CASCADE
) ENGINE=InnoDB DEFAULT CHARSET=latin1;
/*!40101 SET character_set_client = @saved_cs_client */;

--
-- Dumping data for table `privacy_policies_localizations_links`
--

LOCK TABLES `privacy_policies_localizations_links` WRITE;
/*!40000 ALTER TABLE `privacy_policies_localizations_links` DISABLE KEYS */;
/*!40000 ALTER TABLE `privacy_policies_localizations_links` ENABLE KEYS */;
UNLOCK TABLES;

--
-- Table structure for table `reportings`
--

DROP TABLE IF EXISTS `reportings`;
/*!40101 SET @saved_cs_client     = @@character_set_client */;
/*!50503 SET character_set_client = utf8mb4 */;
CREATE TABLE `reportings` (
  `id` int(10) unsigned NOT NULL AUTO_INCREMENT,
  `data` datetime(6) DEFAULT NULL,
  `descriere` longtext,
  `created_at` datetime(6) DEFAULT NULL,
  `updated_at` datetime(6) DEFAULT NULL,
  `published_at` datetime(6) DEFAULT NULL,
  `created_by_id` int(10) unsigned DEFAULT NULL,
  `updated_by_id` int(10) unsigned DEFAULT NULL,
  `status` varchar(255) DEFAULT NULL,
  PRIMARY KEY (`id`),
  KEY `reportings_created_by_id_fk` (`created_by_id`),
  KEY `reportings_updated_by_id_fk` (`updated_by_id`),
  CONSTRAINT `reportings_created_by_id_fk` FOREIGN KEY (`created_by_id`) REFERENCES `admin_users` (`id`) ON DELETE SET NULL,
  CONSTRAINT `reportings_updated_by_id_fk` FOREIGN KEY (`updated_by_id`) REFERENCES `admin_users` (`id`) ON DELETE SET NULL
) ENGINE=InnoDB AUTO_INCREMENT=97 DEFAULT CHARSET=utf8;
/*!40101 SET character_set_client = @saved_cs_client */;

--
-- Dumping data for table `reportings`
--

LOCK TABLES `reportings` WRITE;
/*!40000 ALTER TABLE `reportings` DISABLE KEYS */;
INSERT INTO `reportings` VALUES (91,NULL,'Test raportare ','2022-10-31 12:58:00.512000','2022-10-31 12:58:00.512000','2022-10-31 12:58:00.509000',NULL,NULL,'UNVERIFIED'),(92,NULL,'Jdjdjdjdkd','2022-10-31 13:16:52.075000','2022-10-31 13:16:52.075000','2022-10-31 13:16:52.073000',NULL,NULL,'UNVERIFIED'),(93,NULL,'Scurta descriere video','2022-10-31 13:37:52.763000','2022-10-31 13:43:16.875000','2022-10-31 13:37:52.759000',NULL,1,'UNVERIFIED'),(94,NULL,'Egheegwgwgwgwgwgwgwg','2022-10-31 13:56:43.183000','2022-10-31 13:57:38.282000','2022-10-31 13:56:43.179000',NULL,1,'VERIFIED'),(95,NULL,'Jfjdjjxjdkdkdkxkxkxkd','2022-10-31 14:13:11.721000','2022-10-31 14:13:11.721000','2022-10-31 14:13:11.719000',NULL,NULL,'UNVERIFIED'),(96,NULL,'Test uni doi trei patru','2022-10-31 15:01:06.363000','2022-10-31 15:27:19.066000','2022-10-31 15:01:06.362000',NULL,1,'VERIFIED');
/*!40000 ALTER TABLE `reportings` ENABLE KEYS */;
UNLOCK TABLES;

--
-- Table structure for table `reportings_uploader_links`
--

DROP TABLE IF EXISTS `reportings_uploader_links`;
/*!40101 SET @saved_cs_client     = @@character_set_client */;
/*!50503 SET character_set_client = utf8mb4 */;
CREATE TABLE `reportings_uploader_links` (
  `id` int(10) unsigned NOT NULL AUTO_INCREMENT,
  `reporting_id` int(10) unsigned DEFAULT NULL,
  `user_id` int(10) unsigned DEFAULT NULL,
  PRIMARY KEY (`id`),
  KEY `reportings_uploader_links_fk` (`reporting_id`),
  KEY `reportings_uploader_links_inv_fk` (`user_id`),
  CONSTRAINT `reportings_uploader_links_fk` FOREIGN KEY (`reporting_id`) REFERENCES `reportings` (`id`) ON DELETE CASCADE,
  CONSTRAINT `reportings_uploader_links_inv_fk` FOREIGN KEY (`user_id`) REFERENCES `up_users` (`id`) ON DELETE CASCADE
) ENGINE=InnoDB AUTO_INCREMENT=92 DEFAULT CHARSET=utf8;
/*!40101 SET character_set_client = @saved_cs_client */;

--
-- Dumping data for table `reportings_uploader_links`
--

LOCK TABLES `reportings_uploader_links` WRITE;
/*!40000 ALTER TABLE `reportings_uploader_links` DISABLE KEYS */;
INSERT INTO `reportings_uploader_links` VALUES (82,92,75),(84,93,76),(86,94,76),(87,95,76),(91,96,77);
/*!40000 ALTER TABLE `reportings_uploader_links` ENABLE KEYS */;
UNLOCK TABLES;

--
-- Table structure for table `strapi_api_token_permissions`
--

DROP TABLE IF EXISTS `strapi_api_token_permissions`;
/*!40101 SET @saved_cs_client     = @@character_set_client */;
/*!50503 SET character_set_client = utf8mb4 */;
CREATE TABLE `strapi_api_token_permissions` (
  `id` int(10) unsigned NOT NULL AUTO_INCREMENT,
  `action` varchar(255) DEFAULT NULL,
  `created_at` datetime(6) DEFAULT NULL,
  `updated_at` datetime(6) DEFAULT NULL,
  `created_by_id` int(10) unsigned DEFAULT NULL,
  `updated_by_id` int(10) unsigned DEFAULT NULL,
  PRIMARY KEY (`id`),
  KEY `strapi_api_token_permissions_created_by_id_fk` (`created_by_id`),
  KEY `strapi_api_token_permissions_updated_by_id_fk` (`updated_by_id`),
  CONSTRAINT `strapi_api_token_permissions_created_by_id_fk` FOREIGN KEY (`created_by_id`) REFERENCES `admin_users` (`id`) ON DELETE SET NULL,
  CONSTRAINT `strapi_api_token_permissions_updated_by_id_fk` FOREIGN KEY (`updated_by_id`) REFERENCES `admin_users` (`id`) ON DELETE SET NULL
) ENGINE=InnoDB DEFAULT CHARSET=utf8;
/*!40101 SET character_set_client = @saved_cs_client */;

--
-- Dumping data for table `strapi_api_token_permissions`
--

LOCK TABLES `strapi_api_token_permissions` WRITE;
/*!40000 ALTER TABLE `strapi_api_token_permissions` DISABLE KEYS */;
/*!40000 ALTER TABLE `strapi_api_token_permissions` ENABLE KEYS */;
UNLOCK TABLES;

--
-- Table structure for table `strapi_api_token_permissions_token_links`
--

DROP TABLE IF EXISTS `strapi_api_token_permissions_token_links`;
/*!40101 SET @saved_cs_client     = @@character_set_client */;
/*!50503 SET character_set_client = utf8mb4 */;
CREATE TABLE `strapi_api_token_permissions_token_links` (
  `id` int(10) unsigned NOT NULL AUTO_INCREMENT,
  `api_token_permission_id` int(10) unsigned DEFAULT NULL,
  `api_token_id` int(10) unsigned DEFAULT NULL,
  PRIMARY KEY (`id`),
  KEY `strapi_api_token_permissions_token_links_fk` (`api_token_permission_id`),
  KEY `strapi_api_token_permissions_token_links_inv_fk` (`api_token_id`),
  CONSTRAINT `strapi_api_token_permissions_token_links_fk` FOREIGN KEY (`api_token_permission_id`) REFERENCES `strapi_api_token_permissions` (`id`) ON DELETE CASCADE,
  CONSTRAINT `strapi_api_token_permissions_token_links_inv_fk` FOREIGN KEY (`api_token_id`) REFERENCES `strapi_api_tokens` (`id`) ON DELETE CASCADE
) ENGINE=InnoDB DEFAULT CHARSET=utf8;
/*!40101 SET character_set_client = @saved_cs_client */;

--
-- Dumping data for table `strapi_api_token_permissions_token_links`
--

LOCK TABLES `strapi_api_token_permissions_token_links` WRITE;
/*!40000 ALTER TABLE `strapi_api_token_permissions_token_links` DISABLE KEYS */;
/*!40000 ALTER TABLE `strapi_api_token_permissions_token_links` ENABLE KEYS */;
UNLOCK TABLES;

--
-- Table structure for table `strapi_api_tokens`
--

DROP TABLE IF EXISTS `strapi_api_tokens`;
/*!40101 SET @saved_cs_client     = @@character_set_client */;
/*!50503 SET character_set_client = utf8mb4 */;
CREATE TABLE `strapi_api_tokens` (
  `id` int(10) unsigned NOT NULL AUTO_INCREMENT,
  `name` varchar(255) DEFAULT NULL,
  `description` varchar(255) DEFAULT NULL,
  `type` varchar(255) DEFAULT NULL,
  `access_key` varchar(255) DEFAULT NULL,
  `last_used_at` datetime(6) DEFAULT NULL,
  `expires_at` datetime(6) DEFAULT NULL,
  `lifespan` int(11) DEFAULT NULL,
  `created_at` datetime(6) DEFAULT NULL,
  `updated_at` datetime(6) DEFAULT NULL,
  `created_by_id` int(10) unsigned DEFAULT NULL,
  `updated_by_id` int(10) unsigned DEFAULT NULL,
  PRIMARY KEY (`id`),
  KEY `strapi_api_tokens_created_by_id_fk` (`created_by_id`),
  KEY `strapi_api_tokens_updated_by_id_fk` (`updated_by_id`),
  CONSTRAINT `strapi_api_tokens_created_by_id_fk` FOREIGN KEY (`created_by_id`) REFERENCES `admin_users` (`id`) ON DELETE SET NULL,
  CONSTRAINT `strapi_api_tokens_updated_by_id_fk` FOREIGN KEY (`updated_by_id`) REFERENCES `admin_users` (`id`) ON DELETE SET NULL
) ENGINE=InnoDB DEFAULT CHARSET=utf8;
/*!40101 SET character_set_client = @saved_cs_client */;

--
-- Dumping data for table `strapi_api_tokens`
--

LOCK TABLES `strapi_api_tokens` WRITE;
/*!40000 ALTER TABLE `strapi_api_tokens` DISABLE KEYS */;
/*!40000 ALTER TABLE `strapi_api_tokens` ENABLE KEYS */;
UNLOCK TABLES;

--
-- Table structure for table `strapi_core_store_settings`
--

DROP TABLE IF EXISTS `strapi_core_store_settings`;
/*!40101 SET @saved_cs_client     = @@character_set_client */;
/*!50503 SET character_set_client = utf8mb4 */;
CREATE TABLE `strapi_core_store_settings` (
  `id` int(10) unsigned NOT NULL AUTO_INCREMENT,
  `key` varchar(255) DEFAULT NULL,
  `value` longtext,
  `type` varchar(255) DEFAULT NULL,
  `environment` varchar(255) DEFAULT NULL,
  `tag` varchar(255) DEFAULT NULL,
  PRIMARY KEY (`id`)
) ENGINE=InnoDB AUTO_INCREMENT=38 DEFAULT CHARSET=utf8;
/*!40101 SET character_set_client = @saved_cs_client */;

--
-- Dumping data for table `strapi_core_store_settings`
--

LOCK TABLES `strapi_core_store_settings` WRITE;
/*!40000 ALTER TABLE `strapi_core_store_settings` DISABLE KEYS */;
INSERT INTO `strapi_core_store_settings` VALUES (1,'strapi_content_types_schema','{\"admin::permission\":{\"collectionName\":\"admin_permissions\",\"info\":{\"name\":\"Permission\",\"description\":\"\",\"singularName\":\"permission\",\"pluralName\":\"permissions\",\"displayName\":\"Permission\"},\"options\":{},\"pluginOptions\":{\"content-manager\":{\"visible\":false},\"content-type-builder\":{\"visible\":false}},\"attributes\":{\"action\":{\"type\":\"string\",\"minLength\":1,\"configurable\":false,\"required\":true},\"subject\":{\"type\":\"string\",\"minLength\":1,\"configurable\":false,\"required\":false},\"properties\":{\"type\":\"json\",\"configurable\":false,\"required\":false,\"default\":{}},\"conditions\":{\"type\":\"json\",\"configurable\":false,\"required\":false,\"default\":[]},\"role\":{\"configurable\":false,\"type\":\"relation\",\"relation\":\"manyToOne\",\"inversedBy\":\"permissions\",\"target\":\"admin::role\"},\"createdAt\":{\"type\":\"datetime\"},\"updatedAt\":{\"type\":\"datetime\"},\"createdBy\":{\"type\":\"relation\",\"relation\":\"oneToOne\",\"target\":\"admin::user\",\"configurable\":false,\"writable\":false,\"visible\":false,\"useJoinTable\":false,\"private\":true},\"updatedBy\":{\"type\":\"relation\",\"relation\":\"oneToOne\",\"target\":\"admin::user\",\"configurable\":false,\"writable\":false,\"visible\":false,\"useJoinTable\":false,\"private\":true}},\"kind\":\"collectionType\",\"__schema__\":{\"collectionName\":\"admin_permissions\",\"info\":{\"name\":\"Permission\",\"description\":\"\",\"singularName\":\"permission\",\"pluralName\":\"permissions\",\"displayName\":\"Permission\"},\"options\":{},\"pluginOptions\":{\"content-manager\":{\"visible\":false},\"content-type-builder\":{\"visible\":false}},\"attributes\":{\"action\":{\"type\":\"string\",\"minLength\":1,\"configurable\":false,\"required\":true},\"subject\":{\"type\":\"string\",\"minLength\":1,\"configurable\":false,\"required\":false},\"properties\":{\"type\":\"json\",\"configurable\":false,\"required\":false,\"default\":{}},\"conditions\":{\"type\":\"json\",\"configurable\":false,\"required\":false,\"default\":[]},\"role\":{\"configurable\":false,\"type\":\"relation\",\"relation\":\"manyToOne\",\"inversedBy\":\"permissions\",\"target\":\"admin::role\"}},\"kind\":\"collectionType\"},\"modelType\":\"contentType\",\"modelName\":\"permission\",\"connection\":\"default\",\"uid\":\"admin::permission\",\"plugin\":\"admin\",\"globalId\":\"AdminPermission\"},\"admin::user\":{\"collectionName\":\"admin_users\",\"info\":{\"name\":\"User\",\"description\":\"\",\"singularName\":\"user\",\"pluralName\":\"users\",\"displayName\":\"User\"},\"pluginOptions\":{\"content-manager\":{\"visible\":false},\"content-type-builder\":{\"visible\":false}},\"attributes\":{\"firstname\":{\"type\":\"string\",\"unique\":false,\"minLength\":1,\"configurable\":false,\"required\":false},\"lastname\":{\"type\":\"string\",\"unique\":false,\"minLength\":1,\"configurable\":false,\"required\":false},\"username\":{\"type\":\"string\",\"unique\":false,\"configurable\":false,\"required\":false},\"email\":{\"type\":\"email\",\"minLength\":6,\"configurable\":false,\"required\":true,\"unique\":true,\"private\":true},\"password\":{\"type\":\"password\",\"minLength\":6,\"configurable\":false,\"required\":false,\"private\":true},\"resetPasswordToken\":{\"type\":\"string\",\"configurable\":false,\"private\":true},\"registrationToken\":{\"type\":\"string\",\"configurable\":false,\"private\":true},\"isActive\":{\"type\":\"boolean\",\"default\":false,\"configurable\":false,\"private\":true},\"roles\":{\"configurable\":false,\"private\":true,\"type\":\"relation\",\"relation\":\"manyToMany\",\"inversedBy\":\"users\",\"target\":\"admin::role\",\"collectionName\":\"strapi_users_roles\"},\"blocked\":{\"type\":\"boolean\",\"default\":false,\"configurable\":false,\"private\":true},\"preferedLanguage\":{\"type\":\"string\",\"configurable\":false,\"required\":false},\"createdAt\":{\"type\":\"datetime\"},\"updatedAt\":{\"type\":\"datetime\"},\"createdBy\":{\"type\":\"relation\",\"relation\":\"oneToOne\",\"target\":\"admin::user\",\"configurable\":false,\"writable\":false,\"visible\":false,\"useJoinTable\":false,\"private\":true},\"updatedBy\":{\"type\":\"relation\",\"relation\":\"oneToOne\",\"target\":\"admin::user\",\"configurable\":false,\"writable\":false,\"visible\":false,\"useJoinTable\":false,\"private\":true}},\"kind\":\"collectionType\",\"__schema__\":{\"collectionName\":\"admin_users\",\"info\":{\"name\":\"User\",\"description\":\"\",\"singularName\":\"user\",\"pluralName\":\"users\",\"displayName\":\"User\"},\"pluginOptions\":{\"content-manager\":{\"visible\":false},\"content-type-builder\":{\"visible\":false}},\"attributes\":{\"firstname\":{\"type\":\"string\",\"unique\":false,\"minLength\":1,\"configurable\":false,\"required\":false},\"lastname\":{\"type\":\"string\",\"unique\":false,\"minLength\":1,\"configurable\":false,\"required\":false},\"username\":{\"type\":\"string\",\"unique\":false,\"configurable\":false,\"required\":false},\"email\":{\"type\":\"email\",\"minLength\":6,\"configurable\":false,\"required\":true,\"unique\":true,\"private\":true},\"password\":{\"type\":\"password\",\"minLength\":6,\"configurable\":false,\"required\":false,\"private\":true},\"resetPasswordToken\":{\"type\":\"string\",\"configurable\":false,\"private\":true},\"registrationToken\":{\"type\":\"string\",\"configurable\":false,\"private\":true},\"isActive\":{\"type\":\"boolean\",\"default\":false,\"configurable\":false,\"private\":true},\"roles\":{\"configurable\":false,\"private\":true,\"type\":\"relation\",\"relation\":\"manyToMany\",\"inversedBy\":\"users\",\"target\":\"admin::role\",\"collectionName\":\"strapi_users_roles\"},\"blocked\":{\"type\":\"boolean\",\"default\":false,\"configurable\":false,\"private\":true},\"preferedLanguage\":{\"type\":\"string\",\"configurable\":false,\"required\":false}},\"kind\":\"collectionType\"},\"modelType\":\"contentType\",\"modelName\":\"user\",\"connection\":\"default\",\"uid\":\"admin::user\",\"plugin\":\"admin\",\"globalId\":\"AdminUser\"},\"admin::role\":{\"collectionName\":\"admin_roles\",\"info\":{\"name\":\"Role\",\"description\":\"\",\"singularName\":\"role\",\"pluralName\":\"roles\",\"displayName\":\"Role\"},\"options\":{},\"pluginOptions\":{\"content-manager\":{\"visible\":false},\"content-type-builder\":{\"visible\":false}},\"attributes\":{\"name\":{\"type\":\"string\",\"minLength\":1,\"unique\":true,\"configurable\":false,\"required\":true},\"code\":{\"type\":\"string\",\"minLength\":1,\"unique\":true,\"configurable\":false,\"required\":true},\"description\":{\"type\":\"string\",\"configurable\":false},\"users\":{\"configurable\":false,\"type\":\"relation\",\"relation\":\"manyToMany\",\"mappedBy\":\"roles\",\"target\":\"admin::user\"},\"permissions\":{\"configurable\":false,\"type\":\"relation\",\"relation\":\"oneToMany\",\"mappedBy\":\"role\",\"target\":\"admin::permission\"},\"createdAt\":{\"type\":\"datetime\"},\"updatedAt\":{\"type\":\"datetime\"},\"createdBy\":{\"type\":\"relation\",\"relation\":\"oneToOne\",\"target\":\"admin::user\",\"configurable\":false,\"writable\":false,\"visible\":false,\"useJoinTable\":false,\"private\":true},\"updatedBy\":{\"type\":\"relation\",\"relation\":\"oneToOne\",\"target\":\"admin::user\",\"configurable\":false,\"writable\":false,\"visible\":false,\"useJoinTable\":false,\"private\":true}},\"kind\":\"collectionType\",\"__schema__\":{\"collectionName\":\"admin_roles\",\"info\":{\"name\":\"Role\",\"description\":\"\",\"singularName\":\"role\",\"pluralName\":\"roles\",\"displayName\":\"Role\"},\"options\":{},\"pluginOptions\":{\"content-manager\":{\"visible\":false},\"content-type-builder\":{\"visible\":false}},\"attributes\":{\"name\":{\"type\":\"string\",\"minLength\":1,\"unique\":true,\"configurable\":false,\"required\":true},\"code\":{\"type\":\"string\",\"minLength\":1,\"unique\":true,\"configurable\":false,\"required\":true},\"description\":{\"type\":\"string\",\"configurable\":false},\"users\":{\"configurable\":false,\"type\":\"relation\",\"relation\":\"manyToMany\",\"mappedBy\":\"roles\",\"target\":\"admin::user\"},\"permissions\":{\"configurable\":false,\"type\":\"relation\",\"relation\":\"oneToMany\",\"mappedBy\":\"role\",\"target\":\"admin::permission\"}},\"kind\":\"collectionType\"},\"modelType\":\"contentType\",\"modelName\":\"role\",\"connection\":\"default\",\"uid\":\"admin::role\",\"plugin\":\"admin\",\"globalId\":\"AdminRole\"},\"admin::api-token\":{\"collectionName\":\"strapi_api_tokens\",\"info\":{\"name\":\"Api Token\",\"singularName\":\"api-token\",\"pluralName\":\"api-tokens\",\"displayName\":\"Api Token\",\"description\":\"\"},\"options\":{},\"pluginOptions\":{\"content-manager\":{\"visible\":false},\"content-type-builder\":{\"visible\":false}},\"attributes\":{\"name\":{\"type\":\"string\",\"minLength\":1,\"configurable\":false,\"required\":true,\"unique\":true},\"description\":{\"type\":\"string\",\"minLength\":1,\"configurable\":false,\"required\":false,\"default\":\"\"},\"type\":{\"type\":\"enumeration\",\"enum\":[\"read-only\",\"full-access\",\"custom\"],\"configurable\":false,\"required\":true,\"default\":\"read-only\"},\"accessKey\":{\"type\":\"string\",\"minLength\":1,\"configurable\":false,\"required\":true},\"lastUsedAt\":{\"type\":\"datetime\",\"configurable\":false,\"required\":false},\"permissions\":{\"type\":\"relation\",\"target\":\"admin::api-token-permission\",\"relation\":\"oneToMany\",\"mappedBy\":\"token\",\"configurable\":false,\"required\":false},\"expiresAt\":{\"type\":\"datetime\",\"configurable\":false,\"required\":false},\"lifespan\":{\"type\":\"integer\",\"configurable\":false,\"required\":false},\"createdAt\":{\"type\":\"datetime\"},\"updatedAt\":{\"type\":\"datetime\"},\"createdBy\":{\"type\":\"relation\",\"relation\":\"oneToOne\",\"target\":\"admin::user\",\"configurable\":false,\"writable\":false,\"visible\":false,\"useJoinTable\":false,\"private\":true},\"updatedBy\":{\"type\":\"relation\",\"relation\":\"oneToOne\",\"target\":\"admin::user\",\"configurable\":false,\"writable\":false,\"visible\":false,\"useJoinTable\":false,\"private\":true}},\"kind\":\"collectionType\",\"__schema__\":{\"collectionName\":\"strapi_api_tokens\",\"info\":{\"name\":\"Api Token\",\"singularName\":\"api-token\",\"pluralName\":\"api-tokens\",\"displayName\":\"Api Token\",\"description\":\"\"},\"options\":{},\"pluginOptions\":{\"content-manager\":{\"visible\":false},\"content-type-builder\":{\"visible\":false}},\"attributes\":{\"name\":{\"type\":\"string\",\"minLength\":1,\"configurable\":false,\"required\":true,\"unique\":true},\"description\":{\"type\":\"string\",\"minLength\":1,\"configurable\":false,\"required\":false,\"default\":\"\"},\"type\":{\"type\":\"enumeration\",\"enum\":[\"read-only\",\"full-access\",\"custom\"],\"configurable\":false,\"required\":true,\"default\":\"read-only\"},\"accessKey\":{\"type\":\"string\",\"minLength\":1,\"configurable\":false,\"required\":true},\"lastUsedAt\":{\"type\":\"datetime\",\"configurable\":false,\"required\":false},\"permissions\":{\"type\":\"relation\",\"target\":\"admin::api-token-permission\",\"relation\":\"oneToMany\",\"mappedBy\":\"token\",\"configurable\":false,\"required\":false},\"expiresAt\":{\"type\":\"datetime\",\"configurable\":false,\"required\":false},\"lifespan\":{\"type\":\"integer\",\"configurable\":false,\"required\":false}},\"kind\":\"collectionType\"},\"modelType\":\"contentType\",\"modelName\":\"api-token\",\"connection\":\"default\",\"uid\":\"admin::api-token\",\"plugin\":\"admin\",\"globalId\":\"AdminApiToken\"},\"admin::api-token-permission\":{\"collectionName\":\"strapi_api_token_permissions\",\"info\":{\"name\":\"API Token Permission\",\"description\":\"\",\"singularName\":\"api-token-permission\",\"pluralName\":\"api-token-permissions\",\"displayName\":\"API Token Permission\"},\"options\":{},\"pluginOptions\":{\"content-manager\":{\"visible\":false},\"content-type-builder\":{\"visible\":false}},\"attributes\":{\"action\":{\"type\":\"string\",\"minLength\":1,\"configurable\":false,\"required\":true},\"token\":{\"configurable\":false,\"type\":\"relation\",\"relation\":\"manyToOne\",\"inversedBy\":\"permissions\",\"target\":\"admin::api-token\"},\"createdAt\":{\"type\":\"datetime\"},\"updatedAt\":{\"type\":\"datetime\"},\"createdBy\":{\"type\":\"relation\",\"relation\":\"oneToOne\",\"target\":\"admin::user\",\"configurable\":false,\"writable\":false,\"visible\":false,\"useJoinTable\":false,\"private\":true},\"updatedBy\":{\"type\":\"relation\",\"relation\":\"oneToOne\",\"target\":\"admin::user\",\"configurable\":false,\"writable\":false,\"visible\":false,\"useJoinTable\":false,\"private\":true}},\"kind\":\"collectionType\",\"__schema__\":{\"collectionName\":\"strapi_api_token_permissions\",\"info\":{\"name\":\"API Token Permission\",\"description\":\"\",\"singularName\":\"api-token-permission\",\"pluralName\":\"api-token-permissions\",\"displayName\":\"API Token Permission\"},\"options\":{},\"pluginOptions\":{\"content-manager\":{\"visible\":false},\"content-type-builder\":{\"visible\":false}},\"attributes\":{\"action\":{\"type\":\"string\",\"minLength\":1,\"configurable\":false,\"required\":true},\"token\":{\"configurable\":false,\"type\":\"relation\",\"relation\":\"manyToOne\",\"inversedBy\":\"permissions\",\"target\":\"admin::api-token\"}},\"kind\":\"collectionType\"},\"modelType\":\"contentType\",\"modelName\":\"api-token-permission\",\"connection\":\"default\",\"uid\":\"admin::api-token-permission\",\"plugin\":\"admin\",\"globalId\":\"AdminApiTokenPermission\"},\"plugin::upload.file\":{\"collectionName\":\"files\",\"info\":{\"singularName\":\"file\",\"pluralName\":\"files\",\"displayName\":\"File\",\"description\":\"\"},\"options\":{},\"pluginOptions\":{\"content-manager\":{\"visible\":false},\"content-type-builder\":{\"visible\":false}},\"attributes\":{\"name\":{\"type\":\"string\",\"configurable\":false,\"required\":true},\"alternativeText\":{\"type\":\"string\",\"configurable\":false},\"caption\":{\"type\":\"string\",\"configurable\":false},\"width\":{\"type\":\"integer\",\"configurable\":false},\"height\":{\"type\":\"integer\",\"configurable\":false},\"formats\":{\"type\":\"json\",\"configurable\":false},\"hash\":{\"type\":\"string\",\"configurable\":false,\"required\":true},\"ext\":{\"type\":\"string\",\"configurable\":false},\"mime\":{\"type\":\"string\",\"configurable\":false,\"required\":true},\"size\":{\"type\":\"decimal\",\"configurable\":false,\"required\":true},\"url\":{\"type\":\"string\",\"configurable\":false,\"required\":true},\"previewUrl\":{\"type\":\"string\",\"configurable\":false},\"provider\":{\"type\":\"string\",\"configurable\":false,\"required\":true},\"provider_metadata\":{\"type\":\"json\",\"configurable\":false},\"related\":{\"type\":\"relation\",\"relation\":\"morphToMany\",\"configurable\":false},\"folder\":{\"type\":\"relation\",\"relation\":\"manyToOne\",\"target\":\"plugin::upload.folder\",\"inversedBy\":\"files\",\"private\":true},\"folderPath\":{\"type\":\"string\",\"min\":1,\"required\":true,\"private\":true},\"createdAt\":{\"type\":\"datetime\"},\"updatedAt\":{\"type\":\"datetime\"},\"createdBy\":{\"type\":\"relation\",\"relation\":\"oneToOne\",\"target\":\"admin::user\",\"configurable\":false,\"writable\":false,\"visible\":false,\"useJoinTable\":false,\"private\":true},\"updatedBy\":{\"type\":\"relation\",\"relation\":\"oneToOne\",\"target\":\"admin::user\",\"configurable\":false,\"writable\":false,\"visible\":false,\"useJoinTable\":false,\"private\":true}},\"indexes\":[{\"name\":\"upload_files_folder_path_index\",\"columns\":[\"folder_path\"],\"type\":null}],\"kind\":\"collectionType\",\"__schema__\":{\"collectionName\":\"files\",\"info\":{\"singularName\":\"file\",\"pluralName\":\"files\",\"displayName\":\"File\",\"description\":\"\"},\"options\":{},\"pluginOptions\":{\"content-manager\":{\"visible\":false},\"content-type-builder\":{\"visible\":false}},\"attributes\":{\"name\":{\"type\":\"string\",\"configurable\":false,\"required\":true},\"alternativeText\":{\"type\":\"string\",\"configurable\":false},\"caption\":{\"type\":\"string\",\"configurable\":false},\"width\":{\"type\":\"integer\",\"configurable\":false},\"height\":{\"type\":\"integer\",\"configurable\":false},\"formats\":{\"type\":\"json\",\"configurable\":false},\"hash\":{\"type\":\"string\",\"configurable\":false,\"required\":true},\"ext\":{\"type\":\"string\",\"configurable\":false},\"mime\":{\"type\":\"string\",\"configurable\":false,\"required\":true},\"size\":{\"type\":\"decimal\",\"configurable\":false,\"required\":true},\"url\":{\"type\":\"string\",\"configurable\":false,\"required\":true},\"previewUrl\":{\"type\":\"string\",\"configurable\":false},\"provider\":{\"type\":\"string\",\"configurable\":false,\"required\":true},\"provider_metadata\":{\"type\":\"json\",\"configurable\":false},\"related\":{\"type\":\"relation\",\"relation\":\"morphToMany\",\"configurable\":false},\"folder\":{\"type\":\"relation\",\"relation\":\"manyToOne\",\"target\":\"plugin::upload.folder\",\"inversedBy\":\"files\",\"private\":true},\"folderPath\":{\"type\":\"string\",\"min\":1,\"required\":true,\"private\":true}},\"kind\":\"collectionType\"},\"modelType\":\"contentType\",\"modelName\":\"file\",\"connection\":\"default\",\"uid\":\"plugin::upload.file\",\"plugin\":\"upload\",\"globalId\":\"UploadFile\"},\"plugin::upload.folder\":{\"collectionName\":\"upload_folders\",\"info\":{\"singularName\":\"folder\",\"pluralName\":\"folders\",\"displayName\":\"Folder\"},\"options\":{},\"pluginOptions\":{\"content-manager\":{\"visible\":false},\"content-type-builder\":{\"visible\":false}},\"attributes\":{\"name\":{\"type\":\"string\",\"min\":1,\"required\":true},\"pathId\":{\"type\":\"integer\",\"unique\":true,\"required\":true},\"parent\":{\"type\":\"relation\",\"relation\":\"manyToOne\",\"target\":\"plugin::upload.folder\",\"inversedBy\":\"children\"},\"children\":{\"type\":\"relation\",\"relation\":\"oneToMany\",\"target\":\"plugin::upload.folder\",\"mappedBy\":\"parent\"},\"files\":{\"type\":\"relation\",\"relation\":\"oneToMany\",\"target\":\"plugin::upload.file\",\"mappedBy\":\"folder\"},\"path\":{\"type\":\"string\",\"min\":1,\"required\":true},\"createdAt\":{\"type\":\"datetime\"},\"updatedAt\":{\"type\":\"datetime\"},\"createdBy\":{\"type\":\"relation\",\"relation\":\"oneToOne\",\"target\":\"admin::user\",\"configurable\":false,\"writable\":false,\"visible\":false,\"useJoinTable\":false,\"private\":true},\"updatedBy\":{\"type\":\"relation\",\"relation\":\"oneToOne\",\"target\":\"admin::user\",\"configurable\":false,\"writable\":false,\"visible\":false,\"useJoinTable\":false,\"private\":true}},\"indexes\":[{\"name\":\"upload_folders_path_id_index\",\"columns\":[\"path_id\"],\"type\":\"unique\"},{\"name\":\"upload_folders_path_index\",\"columns\":[\"path\"],\"type\":\"unique\"}],\"kind\":\"collectionType\",\"__schema__\":{\"collectionName\":\"upload_folders\",\"info\":{\"singularName\":\"folder\",\"pluralName\":\"folders\",\"displayName\":\"Folder\"},\"options\":{},\"pluginOptions\":{\"content-manager\":{\"visible\":false},\"content-type-builder\":{\"visible\":false}},\"attributes\":{\"name\":{\"type\":\"string\",\"min\":1,\"required\":true},\"pathId\":{\"type\":\"integer\",\"unique\":true,\"required\":true},\"parent\":{\"type\":\"relation\",\"relation\":\"manyToOne\",\"target\":\"plugin::upload.folder\",\"inversedBy\":\"children\"},\"children\":{\"type\":\"relation\",\"relation\":\"oneToMany\",\"target\":\"plugin::upload.folder\",\"mappedBy\":\"parent\"},\"files\":{\"type\":\"relation\",\"relation\":\"oneToMany\",\"target\":\"plugin::upload.file\",\"mappedBy\":\"folder\"},\"path\":{\"type\":\"string\",\"min\":1,\"required\":true}},\"kind\":\"collectionType\"},\"modelType\":\"contentType\",\"modelName\":\"folder\",\"connection\":\"default\",\"uid\":\"plugin::upload.folder\",\"plugin\":\"upload\",\"globalId\":\"UploadFolder\"},\"plugin::i18n.locale\":{\"info\":{\"singularName\":\"locale\",\"pluralName\":\"locales\",\"collectionName\":\"locales\",\"displayName\":\"Locale\",\"description\":\"\"},\"options\":{\"draftAndPublish\":false},\"pluginOptions\":{\"content-manager\":{\"visible\":false},\"content-type-builder\":{\"visible\":false}},\"attributes\":{\"name\":{\"type\":\"string\",\"min\":1,\"max\":50,\"configurable\":false},\"code\":{\"type\":\"string\",\"unique\":true,\"configurable\":false},\"createdAt\":{\"type\":\"datetime\"},\"updatedAt\":{\"type\":\"datetime\"},\"createdBy\":{\"type\":\"relation\",\"relation\":\"oneToOne\",\"target\":\"admin::user\",\"configurable\":false,\"writable\":false,\"visible\":false,\"useJoinTable\":false,\"private\":true},\"updatedBy\":{\"type\":\"relation\",\"relation\":\"oneToOne\",\"target\":\"admin::user\",\"configurable\":false,\"writable\":false,\"visible\":false,\"useJoinTable\":false,\"private\":true}},\"kind\":\"collectionType\",\"__schema__\":{\"info\":{\"singularName\":\"locale\",\"pluralName\":\"locales\",\"collectionName\":\"locales\",\"displayName\":\"Locale\",\"description\":\"\"},\"options\":{\"draftAndPublish\":false},\"pluginOptions\":{\"content-manager\":{\"visible\":false},\"content-type-builder\":{\"visible\":false}},\"attributes\":{\"name\":{\"type\":\"string\",\"min\":1,\"max\":50,\"configurable\":false},\"code\":{\"type\":\"string\",\"unique\":true,\"configurable\":false}},\"kind\":\"collectionType\"},\"modelType\":\"contentType\",\"modelName\":\"locale\",\"connection\":\"default\",\"uid\":\"plugin::i18n.locale\",\"plugin\":\"i18n\",\"collectionName\":\"i18n_locale\",\"globalId\":\"I18NLocale\"},\"plugin::users-permissions.permission\":{\"collectionName\":\"up_permissions\",\"info\":{\"name\":\"permission\",\"description\":\"\",\"singularName\":\"permission\",\"pluralName\":\"permissions\",\"displayName\":\"Permission\"},\"pluginOptions\":{\"content-manager\":{\"visible\":false},\"content-type-builder\":{\"visible\":false}},\"attributes\":{\"action\":{\"type\":\"string\",\"required\":true,\"configurable\":false},\"role\":{\"type\":\"relation\",\"relation\":\"manyToOne\",\"target\":\"plugin::users-permissions.role\",\"inversedBy\":\"permissions\",\"configurable\":false},\"createdAt\":{\"type\":\"datetime\"},\"updatedAt\":{\"type\":\"datetime\"},\"createdBy\":{\"type\":\"relation\",\"relation\":\"oneToOne\",\"target\":\"admin::user\",\"configurable\":false,\"writable\":false,\"visible\":false,\"useJoinTable\":false,\"private\":true},\"updatedBy\":{\"type\":\"relation\",\"relation\":\"oneToOne\",\"target\":\"admin::user\",\"configurable\":false,\"writable\":false,\"visible\":false,\"useJoinTable\":false,\"private\":true}},\"kind\":\"collectionType\",\"__schema__\":{\"collectionName\":\"up_permissions\",\"info\":{\"name\":\"permission\",\"description\":\"\",\"singularName\":\"permission\",\"pluralName\":\"permissions\",\"displayName\":\"Permission\"},\"pluginOptions\":{\"content-manager\":{\"visible\":false},\"content-type-builder\":{\"visible\":false}},\"attributes\":{\"action\":{\"type\":\"string\",\"required\":true,\"configurable\":false},\"role\":{\"type\":\"relation\",\"relation\":\"manyToOne\",\"target\":\"plugin::users-permissions.role\",\"inversedBy\":\"permissions\",\"configurable\":false}},\"kind\":\"collectionType\"},\"modelType\":\"contentType\",\"modelName\":\"permission\",\"connection\":\"default\",\"uid\":\"plugin::users-permissions.permission\",\"plugin\":\"users-permissions\",\"globalId\":\"UsersPermissionsPermission\"},\"plugin::users-permissions.role\":{\"collectionName\":\"up_roles\",\"info\":{\"name\":\"role\",\"description\":\"\",\"singularName\":\"role\",\"pluralName\":\"roles\",\"displayName\":\"Role\"},\"pluginOptions\":{\"content-manager\":{\"visible\":false},\"content-type-builder\":{\"visible\":false}},\"attributes\":{\"name\":{\"type\":\"string\",\"minLength\":3,\"required\":true,\"configurable\":false},\"description\":{\"type\":\"string\",\"configurable\":false},\"type\":{\"type\":\"string\",\"unique\":true,\"configurable\":false},\"permissions\":{\"type\":\"relation\",\"relation\":\"oneToMany\",\"target\":\"plugin::users-permissions.permission\",\"mappedBy\":\"role\",\"configurable\":false},\"users\":{\"type\":\"relation\",\"relation\":\"oneToMany\",\"target\":\"plugin::users-permissions.user\",\"mappedBy\":\"role\",\"configurable\":false},\"createdAt\":{\"type\":\"datetime\"},\"updatedAt\":{\"type\":\"datetime\"},\"createdBy\":{\"type\":\"relation\",\"relation\":\"oneToOne\",\"target\":\"admin::user\",\"configurable\":false,\"writable\":false,\"visible\":false,\"useJoinTable\":false,\"private\":true},\"updatedBy\":{\"type\":\"relation\",\"relation\":\"oneToOne\",\"target\":\"admin::user\",\"configurable\":false,\"writable\":false,\"visible\":false,\"useJoinTable\":false,\"private\":true}},\"kind\":\"collectionType\",\"__schema__\":{\"collectionName\":\"up_roles\",\"info\":{\"name\":\"role\",\"description\":\"\",\"singularName\":\"role\",\"pluralName\":\"roles\",\"displayName\":\"Role\"},\"pluginOptions\":{\"content-manager\":{\"visible\":false},\"content-type-builder\":{\"visible\":false}},\"attributes\":{\"name\":{\"type\":\"string\",\"minLength\":3,\"required\":true,\"configurable\":false},\"description\":{\"type\":\"string\",\"configurable\":false},\"type\":{\"type\":\"string\",\"unique\":true,\"configurable\":false},\"permissions\":{\"type\":\"relation\",\"relation\":\"oneToMany\",\"target\":\"plugin::users-permissions.permission\",\"mappedBy\":\"role\",\"configurable\":false},\"users\":{\"type\":\"relation\",\"relation\":\"oneToMany\",\"target\":\"plugin::users-permissions.user\",\"mappedBy\":\"role\",\"configurable\":false}},\"kind\":\"collectionType\"},\"modelType\":\"contentType\",\"modelName\":\"role\",\"connection\":\"default\",\"uid\":\"plugin::users-permissions.role\",\"plugin\":\"users-permissions\",\"globalId\":\"UsersPermissionsRole\"},\"plugin::users-permissions.user\":{\"collectionName\":\"up_users\",\"info\":{\"name\":\"user\",\"description\":\"\",\"singularName\":\"user\",\"pluralName\":\"users\",\"displayName\":\"User\"},\"options\":{\"draftAndPublish\":false,\"timestamps\":true},\"attributes\":{\"username\":{\"type\":\"string\",\"minLength\":3,\"unique\":true,\"configurable\":false,\"required\":true},\"email\":{\"type\":\"email\",\"minLength\":6,\"configurable\":false,\"required\":true},\"provider\":{\"type\":\"string\",\"configurable\":false},\"password\":{\"type\":\"password\",\"minLength\":6,\"configurable\":false,\"private\":true},\"resetPasswordToken\":{\"type\":\"string\",\"configurable\":false,\"private\":true},\"confirmationToken\":{\"type\":\"string\",\"configurable\":false,\"private\":true},\"confirmed\":{\"type\":\"boolean\",\"default\":false,\"configurable\":false},\"blocked\":{\"type\":\"boolean\",\"default\":false,\"configurable\":false},\"role\":{\"type\":\"relation\",\"relation\":\"manyToOne\",\"target\":\"plugin::users-permissions.role\",\"inversedBy\":\"users\",\"configurable\":false},\"alerts\":{\"type\":\"relation\",\"relation\":\"manyToMany\",\"target\":\"api::alert.alert\",\"inversedBy\":\"users\"},\"full_name\":{\"type\":\"string\"},\"push_notify\":{\"type\":\"boolean\",\"default\":false},\"email_notify\":{\"type\":\"boolean\",\"default\":false},\"firebase_token\":{\"type\":\"string\"},\"judete\":{\"type\":\"relation\",\"relation\":\"manyToMany\",\"target\":\"api::county.county\",\"inversedBy\":\"users\"},\"createdAt\":{\"type\":\"datetime\"},\"updatedAt\":{\"type\":\"datetime\"},\"createdBy\":{\"type\":\"relation\",\"relation\":\"oneToOne\",\"target\":\"admin::user\",\"configurable\":false,\"writable\":false,\"visible\":false,\"useJoinTable\":false,\"private\":true},\"updatedBy\":{\"type\":\"relation\",\"relation\":\"oneToOne\",\"target\":\"admin::user\",\"configurable\":false,\"writable\":false,\"visible\":false,\"useJoinTable\":false,\"private\":true}},\"config\":{\"attributes\":{\"resetPasswordToken\":{\"hidden\":true},\"confirmationToken\":{\"hidden\":true},\"provider\":{\"hidden\":true}}},\"kind\":\"collectionType\",\"__filename__\":\"schema.json\",\"__schema__\":{\"collectionName\":\"up_users\",\"info\":{\"name\":\"user\",\"description\":\"\",\"singularName\":\"user\",\"pluralName\":\"users\",\"displayName\":\"User\"},\"options\":{\"draftAndPublish\":false,\"timestamps\":true},\"attributes\":{\"username\":{\"type\":\"string\",\"minLength\":3,\"unique\":true,\"configurable\":false,\"required\":true},\"email\":{\"type\":\"email\",\"minLength\":6,\"configurable\":false,\"required\":true},\"provider\":{\"type\":\"string\",\"configurable\":false},\"password\":{\"type\":\"password\",\"minLength\":6,\"configurable\":false,\"private\":true},\"resetPasswordToken\":{\"type\":\"string\",\"configurable\":false,\"private\":true},\"confirmationToken\":{\"type\":\"string\",\"configurable\":false,\"private\":true},\"confirmed\":{\"type\":\"boolean\",\"default\":false,\"configurable\":false},\"blocked\":{\"type\":\"boolean\",\"default\":false,\"configurable\":false},\"role\":{\"type\":\"relation\",\"relation\":\"manyToOne\",\"target\":\"plugin::users-permissions.role\",\"inversedBy\":\"users\",\"configurable\":false},\"alerts\":{\"type\":\"relation\",\"relation\":\"manyToMany\",\"target\":\"api::alert.alert\",\"inversedBy\":\"users\"},\"full_name\":{\"type\":\"string\"},\"push_notify\":{\"type\":\"boolean\",\"default\":false},\"email_notify\":{\"type\":\"boolean\",\"default\":false},\"firebase_token\":{\"type\":\"string\"},\"judete\":{\"type\":\"relation\",\"relation\":\"manyToMany\",\"target\":\"api::county.county\",\"inversedBy\":\"users\"}},\"kind\":\"collectionType\"},\"modelType\":\"contentType\",\"modelName\":\"user\",\"connection\":\"default\",\"uid\":\"plugin::users-permissions.user\",\"plugin\":\"users-permissions\",\"globalId\":\"UsersPermissionsUser\"},\"api::alert.alert\":{\"kind\":\"collectionType\",\"collectionName\":\"alerts\",\"info\":{\"singularName\":\"alert\",\"pluralName\":\"alerts\",\"displayName\":\"Alerte\"},\"options\":{\"draftAndPublish\":true},\"pluginOptions\":{\"i18n\":{\"localized\":true}},\"attributes\":{\"start\":{\"pluginOptions\":{\"i18n\":{\"localized\":false}},\"type\":\"datetime\"},\"final\":{\"pluginOptions\":{\"i18n\":{\"localized\":true}},\"type\":\"datetime\"},\"titlu\":{\"pluginOptions\":{\"i18n\":{\"localized\":true}},\"type\":\"string\"},\"continut\":{\"pluginOptions\":{\"i18n\":{\"localized\":true}},\"type\":\"richtext\"},\"organizatie\":{\"type\":\"relation\",\"relation\":\"oneToOne\",\"target\":\"api::organization.organization\"},\"judete\":{\"type\":\"relation\",\"relation\":\"manyToMany\",\"target\":\"api::county.county\",\"inversedBy\":\"alerte\"},\"coduri_alerta\":{\"type\":\"relation\",\"relation\":\"oneToOne\",\"target\":\"api::alerts-code.alerts-code\"},\"users\":{\"type\":\"relation\",\"relation\":\"manyToMany\",\"target\":\"plugin::users-permissions.user\",\"mappedBy\":\"alerts\"},\"createdAt\":{\"type\":\"datetime\"},\"updatedAt\":{\"type\":\"datetime\"},\"publishedAt\":{\"type\":\"datetime\",\"configurable\":false,\"writable\":true,\"visible\":false},\"createdBy\":{\"type\":\"relation\",\"relation\":\"oneToOne\",\"target\":\"admin::user\",\"configurable\":false,\"writable\":false,\"visible\":false,\"useJoinTable\":false,\"private\":true},\"updatedBy\":{\"type\":\"relation\",\"relation\":\"oneToOne\",\"target\":\"admin::user\",\"configurable\":false,\"writable\":false,\"visible\":false,\"useJoinTable\":false,\"private\":true},\"localizations\":{\"writable\":true,\"private\":false,\"configurable\":false,\"visible\":false,\"type\":\"relation\",\"relation\":\"oneToMany\",\"target\":\"api::alert.alert\"},\"locale\":{\"writable\":true,\"private\":false,\"configurable\":false,\"visible\":false,\"type\":\"string\"}},\"__schema__\":{\"collectionName\":\"alerts\",\"info\":{\"singularName\":\"alert\",\"pluralName\":\"alerts\",\"displayName\":\"Alerte\"},\"options\":{\"draftAndPublish\":true},\"pluginOptions\":{\"i18n\":{\"localized\":true}},\"attributes\":{\"start\":{\"pluginOptions\":{\"i18n\":{\"localized\":false}},\"type\":\"datetime\"},\"final\":{\"pluginOptions\":{\"i18n\":{\"localized\":true}},\"type\":\"datetime\"},\"titlu\":{\"pluginOptions\":{\"i18n\":{\"localized\":true}},\"type\":\"string\"},\"continut\":{\"pluginOptions\":{\"i18n\":{\"localized\":true}},\"type\":\"richtext\"},\"organizatie\":{\"type\":\"relation\",\"relation\":\"oneToOne\",\"target\":\"api::organization.organization\"},\"judete\":{\"type\":\"relation\",\"relation\":\"manyToMany\",\"target\":\"api::county.county\",\"inversedBy\":\"alerte\"},\"coduri_alerta\":{\"type\":\"relation\",\"relation\":\"oneToOne\",\"target\":\"api::alerts-code.alerts-code\"},\"users\":{\"type\":\"relation\",\"relation\":\"manyToMany\",\"target\":\"plugin::users-permissions.user\",\"mappedBy\":\"alerts\"}},\"kind\":\"collectionType\"},\"modelType\":\"contentType\",\"modelName\":\"alert\",\"connection\":\"default\",\"uid\":\"api::alert.alert\",\"apiName\":\"alert\",\"globalId\":\"Alert\",\"actions\":{},\"lifecycles\":{}},\"api::alerts-code.alerts-code\":{\"kind\":\"collectionType\",\"collectionName\":\"alerts_codes\",\"info\":{\"singularName\":\"alerts-code\",\"pluralName\":\"alerts-codes\",\"displayName\":\"Coduri alerta\"},\"options\":{\"draftAndPublish\":true},\"pluginOptions\":{\"i18n\":{\"localized\":true}},\"attributes\":{\"nume\":{\"pluginOptions\":{\"i18n\":{\"localized\":true}},\"type\":\"string\"},\"foto\":{\"allowedTypes\":[\"images\"],\"type\":\"media\",\"multiple\":false,\"pluginOptions\":{\"i18n\":{\"localized\":true}}},\"culoare\":{\"pluginOptions\":{\"i18n\":{\"localized\":true}},\"type\":\"enumeration\",\"enum\":[\"ROSU\",\"PORTOCALIU\",\"GALBEN\"],\"required\":true},\"createdAt\":{\"type\":\"datetime\"},\"updatedAt\":{\"type\":\"datetime\"},\"publishedAt\":{\"type\":\"datetime\",\"configurable\":false,\"writable\":true,\"visible\":false},\"createdBy\":{\"type\":\"relation\",\"relation\":\"oneToOne\",\"target\":\"admin::user\",\"configurable\":false,\"writable\":false,\"visible\":false,\"useJoinTable\":false,\"private\":true},\"updatedBy\":{\"type\":\"relation\",\"relation\":\"oneToOne\",\"target\":\"admin::user\",\"configurable\":false,\"writable\":false,\"visible\":false,\"useJoinTable\":false,\"private\":true},\"localizations\":{\"writable\":true,\"private\":false,\"configurable\":false,\"visible\":false,\"type\":\"relation\",\"relation\":\"oneToMany\",\"target\":\"api::alerts-code.alerts-code\"},\"locale\":{\"writable\":true,\"private\":false,\"configurable\":false,\"visible\":false,\"type\":\"string\"}},\"__schema__\":{\"collectionName\":\"alerts_codes\",\"info\":{\"singularName\":\"alerts-code\",\"pluralName\":\"alerts-codes\",\"displayName\":\"Coduri alerta\"},\"options\":{\"draftAndPublish\":true},\"pluginOptions\":{\"i18n\":{\"localized\":true}},\"attributes\":{\"nume\":{\"pluginOptions\":{\"i18n\":{\"localized\":true}},\"type\":\"string\"},\"foto\":{\"allowedTypes\":[\"images\"],\"type\":\"media\",\"multiple\":false,\"pluginOptions\":{\"i18n\":{\"localized\":true}}},\"culoare\":{\"pluginOptions\":{\"i18n\":{\"localized\":true}},\"type\":\"enumeration\",\"enum\":[\"ROSU\",\"PORTOCALIU\",\"GALBEN\"],\"required\":true}},\"kind\":\"collectionType\"},\"modelType\":\"contentType\",\"modelName\":\"alerts-code\",\"connection\":\"default\",\"uid\":\"api::alerts-code.alerts-code\",\"apiName\":\"alerts-code\",\"globalId\":\"AlertsCode\",\"actions\":{},\"lifecycles\":{}},\"api::article.article\":{\"kind\":\"collectionType\",\"collectionName\":\"articles\",\"info\":{\"singularName\":\"article\",\"pluralName\":\"articles\",\"displayName\":\"Articole\",\"description\":\"\"},\"options\":{\"draftAndPublish\":true,\"populateCreatorFields\":true},\"pluginOptions\":{\"i18n\":{\"localized\":true}},\"attributes\":{\"titlu\":{\"pluginOptions\":{\"i18n\":{\"localized\":true}},\"type\":\"string\"},\"continut\":{\"pluginOptions\":{\"i18n\":{\"localized\":true}},\"type\":\"richtext\"},\"foto\":{\"type\":\"media\",\"multiple\":false,\"required\":false,\"allowedTypes\":[\"images\",\"files\",\"videos\",\"audios\"],\"pluginOptions\":{\"i18n\":{\"localized\":true}}},\"organizaties\":{\"type\":\"relation\",\"relation\":\"manyToOne\",\"target\":\"api::organization.organization\",\"inversedBy\":\"articoles\"},\"createdAt\":{\"type\":\"datetime\"},\"updatedAt\":{\"type\":\"datetime\"},\"publishedAt\":{\"type\":\"datetime\",\"configurable\":false,\"writable\":true,\"visible\":false},\"createdBy\":{\"type\":\"relation\",\"relation\":\"oneToOne\",\"target\":\"admin::user\",\"configurable\":false,\"writable\":false,\"visible\":false,\"useJoinTable\":false,\"private\":false},\"updatedBy\":{\"type\":\"relation\",\"relation\":\"oneToOne\",\"target\":\"admin::user\",\"configurable\":false,\"writable\":false,\"visible\":false,\"useJoinTable\":false,\"private\":false},\"localizations\":{\"writable\":true,\"private\":false,\"configurable\":false,\"visible\":false,\"type\":\"relation\",\"relation\":\"oneToMany\",\"target\":\"api::article.article\"},\"locale\":{\"writable\":true,\"private\":false,\"configurable\":false,\"visible\":false,\"type\":\"string\"}},\"__schema__\":{\"collectionName\":\"articles\",\"info\":{\"singularName\":\"article\",\"pluralName\":\"articles\",\"displayName\":\"Articole\",\"description\":\"\"},\"options\":{\"draftAndPublish\":true,\"populateCreatorFields\":true},\"pluginOptions\":{\"i18n\":{\"localized\":true}},\"attributes\":{\"titlu\":{\"pluginOptions\":{\"i18n\":{\"localized\":true}},\"type\":\"string\"},\"continut\":{\"pluginOptions\":{\"i18n\":{\"localized\":true}},\"type\":\"richtext\"},\"foto\":{\"type\":\"media\",\"multiple\":false,\"required\":false,\"allowedTypes\":[\"images\",\"files\",\"videos\",\"audios\"],\"pluginOptions\":{\"i18n\":{\"localized\":true}}},\"organizaties\":{\"type\":\"relation\",\"relation\":\"manyToOne\",\"target\":\"api::organization.organization\",\"inversedBy\":\"articoles\"}},\"kind\":\"collectionType\"},\"modelType\":\"contentType\",\"modelName\":\"article\",\"connection\":\"default\",\"uid\":\"api::article.article\",\"apiName\":\"article\",\"globalId\":\"Article\",\"actions\":{},\"lifecycles\":{}},\"api::audit.audit\":{\"kind\":\"collectionType\",\"collectionName\":\"audits\",\"info\":{\"singularName\":\"audit\",\"pluralName\":\"audits\",\"displayName\":\"Audit \"},\"options\":{\"draftAndPublish\":true},\"pluginOptions\":{},\"attributes\":{\"action\":{\"type\":\"string\"},\"admin_user\":{\"type\":\"relation\",\"relation\":\"oneToOne\",\"target\":\"admin::user\"},\"ora\":{\"type\":\"datetime\"},\"createdAt\":{\"type\":\"datetime\"},\"updatedAt\":{\"type\":\"datetime\"},\"publishedAt\":{\"type\":\"datetime\",\"configurable\":false,\"writable\":true,\"visible\":false},\"createdBy\":{\"type\":\"relation\",\"relation\":\"oneToOne\",\"target\":\"admin::user\",\"configurable\":false,\"writable\":false,\"visible\":false,\"useJoinTable\":false,\"private\":true},\"updatedBy\":{\"type\":\"relation\",\"relation\":\"oneToOne\",\"target\":\"admin::user\",\"configurable\":false,\"writable\":false,\"visible\":false,\"useJoinTable\":false,\"private\":true}},\"__schema__\":{\"collectionName\":\"audits\",\"info\":{\"singularName\":\"audit\",\"pluralName\":\"audits\",\"displayName\":\"Audit \"},\"options\":{\"draftAndPublish\":true},\"pluginOptions\":{},\"attributes\":{\"action\":{\"type\":\"string\"},\"admin_user\":{\"type\":\"relation\",\"relation\":\"oneToOne\",\"target\":\"admin::user\"},\"ora\":{\"type\":\"datetime\"}},\"kind\":\"collectionType\"},\"modelType\":\"contentType\",\"modelName\":\"audit\",\"connection\":\"default\",\"uid\":\"api::audit.audit\",\"apiName\":\"audit\",\"globalId\":\"Audit\",\"actions\":{},\"lifecycles\":{}},\"api::caravana-dsu.caravana-dsu\":{\"kind\":\"singleType\",\"collectionName\":\"caravana_dsus\",\"info\":{\"singularName\":\"caravana-dsu\",\"pluralName\":\"caravana-dsus\",\"displayName\":\"Caravana DSU\"},\"options\":{\"draftAndPublish\":true},\"pluginOptions\":{\"i18n\":{\"localized\":true}},\"attributes\":{\"continut\":{\"pluginOptions\":{\"i18n\":{\"localized\":true}},\"type\":\"richtext\"},\"createdAt\":{\"type\":\"datetime\"},\"updatedAt\":{\"type\":\"datetime\"},\"publishedAt\":{\"type\":\"datetime\",\"configurable\":false,\"writable\":true,\"visible\":false},\"createdBy\":{\"type\":\"relation\",\"relation\":\"oneToOne\",\"target\":\"admin::user\",\"configurable\":false,\"writable\":false,\"visible\":false,\"useJoinTable\":false,\"private\":true},\"updatedBy\":{\"type\":\"relation\",\"relation\":\"oneToOne\",\"target\":\"admin::user\",\"configurable\":false,\"writable\":false,\"visible\":false,\"useJoinTable\":false,\"private\":true},\"localizations\":{\"writable\":true,\"private\":false,\"configurable\":false,\"visible\":false,\"type\":\"relation\",\"relation\":\"oneToMany\",\"target\":\"api::caravana-dsu.caravana-dsu\"},\"locale\":{\"writable\":true,\"private\":false,\"configurable\":false,\"visible\":false,\"type\":\"string\"}},\"__schema__\":{\"collectionName\":\"caravana_dsus\",\"info\":{\"singularName\":\"caravana-dsu\",\"pluralName\":\"caravana-dsus\",\"displayName\":\"Caravana DSU\"},\"options\":{\"draftAndPublish\":true},\"pluginOptions\":{\"i18n\":{\"localized\":true}},\"attributes\":{\"continut\":{\"pluginOptions\":{\"i18n\":{\"localized\":true}},\"type\":\"richtext\"}},\"kind\":\"singleType\"},\"modelType\":\"contentType\",\"modelName\":\"caravana-dsu\",\"connection\":\"default\",\"uid\":\"api::caravana-dsu.caravana-dsu\",\"apiName\":\"caravana-dsu\",\"globalId\":\"CaravanaDsu\",\"actions\":{},\"lifecycles\":{}},\"api::county.county\":{\"kind\":\"collectionType\",\"collectionName\":\"counties\",\"info\":{\"singularName\":\"county\",\"pluralName\":\"counties\",\"displayName\":\"Judete\"},\"options\":{\"draftAndPublish\":false},\"pluginOptions\":{},\"attributes\":{\"nume\":{\"type\":\"string\"},\"abreviere\":{\"type\":\"string\"},\"d\":{\"type\":\"text\"},\"alerte\":{\"type\":\"relation\",\"relation\":\"manyToMany\",\"target\":\"api::alert.alert\",\"inversedBy\":\"judete\"},\"users\":{\"type\":\"relation\",\"relation\":\"manyToMany\",\"target\":\"plugin::users-permissions.user\",\"inversedBy\":\"judete\"},\"createdAt\":{\"type\":\"datetime\"},\"updatedAt\":{\"type\":\"datetime\"},\"createdBy\":{\"type\":\"relation\",\"relation\":\"oneToOne\",\"target\":\"admin::user\",\"configurable\":false,\"writable\":false,\"visible\":false,\"useJoinTable\":false,\"private\":true},\"updatedBy\":{\"type\":\"relation\",\"relation\":\"oneToOne\",\"target\":\"admin::user\",\"configurable\":false,\"writable\":false,\"visible\":false,\"useJoinTable\":false,\"private\":true}},\"__schema__\":{\"collectionName\":\"counties\",\"info\":{\"singularName\":\"county\",\"pluralName\":\"counties\",\"displayName\":\"Judete\"},\"options\":{\"draftAndPublish\":false},\"pluginOptions\":{},\"attributes\":{\"nume\":{\"type\":\"string\"},\"abreviere\":{\"type\":\"string\"},\"d\":{\"type\":\"text\"},\"alerte\":{\"type\":\"relation\",\"relation\":\"manyToMany\",\"target\":\"api::alert.alert\",\"inversedBy\":\"judete\"},\"users\":{\"type\":\"relation\",\"relation\":\"manyToMany\",\"target\":\"plugin::users-permissions.user\",\"inversedBy\":\"judete\"}},\"kind\":\"collectionType\"},\"modelType\":\"contentType\",\"modelName\":\"county\",\"connection\":\"default\",\"uid\":\"api::county.county\",\"apiName\":\"county\",\"globalId\":\"County\",\"actions\":{},\"lifecycles\":{}},\"api::course.course\":{\"kind\":\"collectionType\",\"collectionName\":\"courses\",\"info\":{\"singularName\":\"course\",\"pluralName\":\"courses\",\"displayName\":\"Cursuri\"},\"options\":{\"draftAndPublish\":true},\"pluginOptions\":{\"i18n\":{\"localized\":true}},\"attributes\":{\"titlu\":{\"pluginOptions\":{\"i18n\":{\"localized\":true}},\"type\":\"string\",\"required\":true},\"continut\":{\"pluginOptions\":{\"i18n\":{\"localized\":true}},\"type\":\"richtext\"},\"url_youtube\":{\"pluginOptions\":{\"i18n\":{\"localized\":true}},\"type\":\"string\"},\"categorie_cursuri\":{\"type\":\"relation\",\"relation\":\"manyToOne\",\"target\":\"api::courses-category.courses-category\",\"inversedBy\":\"curs\"},\"imagine_previzualizare\":{\"allowedTypes\":[\"images\",\"files\",\"videos\",\"audios\"],\"type\":\"media\",\"multiple\":true,\"pluginOptions\":{\"i18n\":{\"localized\":true}}},\"createdAt\":{\"type\":\"datetime\"},\"updatedAt\":{\"type\":\"datetime\"},\"publishedAt\":{\"type\":\"datetime\",\"configurable\":false,\"writable\":true,\"visible\":false},\"createdBy\":{\"type\":\"relation\",\"relation\":\"oneToOne\",\"target\":\"admin::user\",\"configurable\":false,\"writable\":false,\"visible\":false,\"useJoinTable\":false,\"private\":true},\"updatedBy\":{\"type\":\"relation\",\"relation\":\"oneToOne\",\"target\":\"admin::user\",\"configurable\":false,\"writable\":false,\"visible\":false,\"useJoinTable\":false,\"private\":true},\"localizations\":{\"writable\":true,\"private\":false,\"configurable\":false,\"visible\":false,\"type\":\"relation\",\"relation\":\"oneToMany\",\"target\":\"api::course.course\"},\"locale\":{\"writable\":true,\"private\":false,\"configurable\":false,\"visible\":false,\"type\":\"string\"}},\"__schema__\":{\"collectionName\":\"courses\",\"info\":{\"singularName\":\"course\",\"pluralName\":\"courses\",\"displayName\":\"Cursuri\"},\"options\":{\"draftAndPublish\":true},\"pluginOptions\":{\"i18n\":{\"localized\":true}},\"attributes\":{\"titlu\":{\"pluginOptions\":{\"i18n\":{\"localized\":true}},\"type\":\"string\",\"required\":true},\"continut\":{\"pluginOptions\":{\"i18n\":{\"localized\":true}},\"type\":\"richtext\"},\"url_youtube\":{\"pluginOptions\":{\"i18n\":{\"localized\":true}},\"type\":\"string\"},\"categorie_cursuri\":{\"type\":\"relation\",\"relation\":\"manyToOne\",\"target\":\"api::courses-category.courses-category\",\"inversedBy\":\"curs\"},\"imagine_previzualizare\":{\"allowedTypes\":[\"images\",\"files\",\"videos\",\"audios\"],\"type\":\"media\",\"multiple\":true,\"pluginOptions\":{\"i18n\":{\"localized\":true}}}},\"kind\":\"collectionType\"},\"modelType\":\"contentType\",\"modelName\":\"course\",\"connection\":\"default\",\"uid\":\"api::course.course\",\"apiName\":\"course\",\"globalId\":\"Course\",\"actions\":{},\"lifecycles\":{}},\"api::courses-category.courses-category\":{\"kind\":\"collectionType\",\"collectionName\":\"courses_categories\",\"info\":{\"singularName\":\"courses-category\",\"pluralName\":\"courses-categories\",\"displayName\":\"Categorii cursuri\"},\"options\":{\"draftAndPublish\":false},\"pluginOptions\":{\"i18n\":{\"localized\":true}},\"attributes\":{\"nume\":{\"pluginOptions\":{\"i18n\":{\"localized\":true}},\"type\":\"string\",\"required\":true},\"curs\":{\"type\":\"relation\",\"relation\":\"oneToMany\",\"target\":\"api::course.course\",\"mappedBy\":\"categorie_cursuri\"},\"createdAt\":{\"type\":\"datetime\"},\"updatedAt\":{\"type\":\"datetime\"},\"createdBy\":{\"type\":\"relation\",\"relation\":\"oneToOne\",\"target\":\"admin::user\",\"configurable\":false,\"writable\":false,\"visible\":false,\"useJoinTable\":false,\"private\":true},\"updatedBy\":{\"type\":\"relation\",\"relation\":\"oneToOne\",\"target\":\"admin::user\",\"configurable\":false,\"writable\":false,\"visible\":false,\"useJoinTable\":false,\"private\":true},\"localizations\":{\"writable\":true,\"private\":false,\"configurable\":false,\"visible\":false,\"type\":\"relation\",\"relation\":\"oneToMany\",\"target\":\"api::courses-category.courses-category\"},\"locale\":{\"writable\":true,\"private\":false,\"configurable\":false,\"visible\":false,\"type\":\"string\"}},\"__schema__\":{\"collectionName\":\"courses_categories\",\"info\":{\"singularName\":\"courses-category\",\"pluralName\":\"courses-categories\",\"displayName\":\"Categorii cursuri\"},\"options\":{\"draftAndPublish\":false},\"pluginOptions\":{\"i18n\":{\"localized\":true}},\"attributes\":{\"nume\":{\"pluginOptions\":{\"i18n\":{\"localized\":true}},\"type\":\"string\",\"required\":true},\"curs\":{\"type\":\"relation\",\"relation\":\"oneToMany\",\"target\":\"api::course.course\",\"mappedBy\":\"categorie_cursuri\"}},\"kind\":\"collectionType\"},\"modelType\":\"contentType\",\"modelName\":\"courses-category\",\"connection\":\"default\",\"uid\":\"api::courses-category.courses-category\",\"apiName\":\"courses-category\",\"globalId\":\"CoursesCategory\",\"actions\":{},\"lifecycles\":{}},\"api::ip-category.ip-category\":{\"kind\":\"collectionType\",\"collectionName\":\"ip_categories\",\"info\":{\"singularName\":\"ip-category\",\"pluralName\":\"ip-categories\",\"displayName\":\"Categorii puncte de interes\"},\"options\":{\"draftAndPublish\":true},\"pluginOptions\":{\"i18n\":{\"localized\":true}},\"attributes\":{\"nume\":{\"pluginOptions\":{\"i18n\":{\"localized\":true}},\"type\":\"string\",\"required\":true},\"interest_points\":{\"type\":\"relation\",\"relation\":\"oneToMany\",\"target\":\"api::ip-point.ip-point\",\"mappedBy\":\"ip_category\"},\"createdAt\":{\"type\":\"datetime\"},\"updatedAt\":{\"type\":\"datetime\"},\"publishedAt\":{\"type\":\"datetime\",\"configurable\":false,\"writable\":true,\"visible\":false},\"createdBy\":{\"type\":\"relation\",\"relation\":\"oneToOne\",\"target\":\"admin::user\",\"configurable\":false,\"writable\":false,\"visible\":false,\"useJoinTable\":false,\"private\":true},\"updatedBy\":{\"type\":\"relation\",\"relation\":\"oneToOne\",\"target\":\"admin::user\",\"configurable\":false,\"writable\":false,\"visible\":false,\"useJoinTable\":false,\"private\":true},\"localizations\":{\"writable\":true,\"private\":false,\"configurable\":false,\"visible\":false,\"type\":\"relation\",\"relation\":\"oneToMany\",\"target\":\"api::ip-category.ip-category\"},\"locale\":{\"writable\":true,\"private\":false,\"configurable\":false,\"visible\":false,\"type\":\"string\"}},\"__schema__\":{\"collectionName\":\"ip_categories\",\"info\":{\"singularName\":\"ip-category\",\"pluralName\":\"ip-categories\",\"displayName\":\"Categorii puncte de interes\"},\"options\":{\"draftAndPublish\":true},\"pluginOptions\":{\"i18n\":{\"localized\":true}},\"attributes\":{\"nume\":{\"pluginOptions\":{\"i18n\":{\"localized\":true}},\"type\":\"string\",\"required\":true},\"interest_points\":{\"type\":\"relation\",\"relation\":\"oneToMany\",\"target\":\"api::ip-point.ip-point\",\"mappedBy\":\"ip_category\"}},\"kind\":\"collectionType\"},\"modelType\":\"contentType\",\"modelName\":\"ip-category\",\"connection\":\"default\",\"uid\":\"api::ip-category.ip-category\",\"apiName\":\"ip-category\",\"globalId\":\"IpCategory\",\"actions\":{},\"lifecycles\":{}},\"api::ip-point.ip-point\":{\"kind\":\"collectionType\",\"collectionName\":\"ip_points\",\"info\":{\"singularName\":\"ip-point\",\"pluralName\":\"ip-points\",\"displayName\":\"Puncte de inters\"},\"options\":{\"draftAndPublish\":true},\"pluginOptions\":{},\"attributes\":{\"titlu\":{\"type\":\"string\"},\"adresa\":{\"type\":\"string\"},\"numar_telefon\":{\"type\":\"string\"},\"website\":{\"type\":\"string\"},\"latitudine\":{\"type\":\"string\"},\"longitudine\":{\"type\":\"string\"},\"ip_category\":{\"type\":\"relation\",\"relation\":\"manyToOne\",\"target\":\"api::ip-category.ip-category\",\"inversedBy\":\"interest_points\"},\"createdAt\":{\"type\":\"datetime\"},\"updatedAt\":{\"type\":\"datetime\"},\"publishedAt\":{\"type\":\"datetime\",\"configurable\":false,\"writable\":true,\"visible\":false},\"createdBy\":{\"type\":\"relation\",\"relation\":\"oneToOne\",\"target\":\"admin::user\",\"configurable\":false,\"writable\":false,\"visible\":false,\"useJoinTable\":false,\"private\":true},\"updatedBy\":{\"type\":\"relation\",\"relation\":\"oneToOne\",\"target\":\"admin::user\",\"configurable\":false,\"writable\":false,\"visible\":false,\"useJoinTable\":false,\"private\":true}},\"__schema__\":{\"collectionName\":\"ip_points\",\"info\":{\"singularName\":\"ip-point\",\"pluralName\":\"ip-points\",\"displayName\":\"Puncte de inters\"},\"options\":{\"draftAndPublish\":true},\"pluginOptions\":{},\"attributes\":{\"titlu\":{\"type\":\"string\"},\"adresa\":{\"type\":\"string\"},\"numar_telefon\":{\"type\":\"string\"},\"website\":{\"type\":\"string\"},\"latitudine\":{\"type\":\"string\"},\"longitudine\":{\"type\":\"string\"},\"ip_category\":{\"type\":\"relation\",\"relation\":\"manyToOne\",\"target\":\"api::ip-category.ip-category\",\"inversedBy\":\"interest_points\"}},\"kind\":\"collectionType\"},\"modelType\":\"contentType\",\"modelName\":\"ip-point\",\"connection\":\"default\",\"uid\":\"api::ip-point.ip-point\",\"apiName\":\"ip-point\",\"globalId\":\"IpPoint\",\"actions\":{},\"lifecycles\":{}},\"api::link.link\":{\"kind\":\"collectionType\",\"collectionName\":\"links\",\"info\":{\"singularName\":\"link\",\"pluralName\":\"links\",\"displayName\":\"Linkuri utile\"},\"options\":{\"draftAndPublish\":true},\"pluginOptions\":{\"i18n\":{\"localized\":true}},\"attributes\":{\"titlu\":{\"pluginOptions\":{\"i18n\":{\"localized\":true}},\"type\":\"string\"},\"url\":{\"pluginOptions\":{\"i18n\":{\"localized\":false}},\"type\":\"string\"},\"createdAt\":{\"type\":\"datetime\"},\"updatedAt\":{\"type\":\"datetime\"},\"publishedAt\":{\"type\":\"datetime\",\"configurable\":false,\"writable\":true,\"visible\":false},\"createdBy\":{\"type\":\"relation\",\"relation\":\"oneToOne\",\"target\":\"admin::user\",\"configurable\":false,\"writable\":false,\"visible\":false,\"useJoinTable\":false,\"private\":true},\"updatedBy\":{\"type\":\"relation\",\"relation\":\"oneToOne\",\"target\":\"admin::user\",\"configurable\":false,\"writable\":false,\"visible\":false,\"useJoinTable\":false,\"private\":true},\"localizations\":{\"writable\":true,\"private\":false,\"configurable\":false,\"visible\":false,\"type\":\"relation\",\"relation\":\"oneToMany\",\"target\":\"api::link.link\"},\"locale\":{\"writable\":true,\"private\":false,\"configurable\":false,\"visible\":false,\"type\":\"string\"}},\"__schema__\":{\"collectionName\":\"links\",\"info\":{\"singularName\":\"link\",\"pluralName\":\"links\",\"displayName\":\"Linkuri utile\"},\"options\":{\"draftAndPublish\":true},\"pluginOptions\":{\"i18n\":{\"localized\":true}},\"attributes\":{\"titlu\":{\"pluginOptions\":{\"i18n\":{\"localized\":true}},\"type\":\"string\"},\"url\":{\"pluginOptions\":{\"i18n\":{\"localized\":false}},\"type\":\"string\"}},\"kind\":\"collectionType\"},\"modelType\":\"contentType\",\"modelName\":\"link\",\"connection\":\"default\",\"uid\":\"api::link.link\",\"apiName\":\"link\",\"globalId\":\"Link\",\"actions\":{},\"lifecycles\":{}},\"api::organization.organization\":{\"kind\":\"collectionType\",\"collectionName\":\"organizations\",\"info\":{\"singularName\":\"organization\",\"pluralName\":\"organizations\",\"displayName\":\"Organizatii\"},\"options\":{\"draftAndPublish\":false},\"pluginOptions\":{},\"attributes\":{\"nume\":{\"type\":\"string\",\"required\":true},\"icon\":{\"allowedTypes\":[\"images\"],\"type\":\"media\",\"multiple\":false},\"articoles\":{\"type\":\"relation\",\"relation\":\"oneToMany\",\"target\":\"api::article.article\",\"mappedBy\":\"organizaties\"},\"createdAt\":{\"type\":\"datetime\"},\"updatedAt\":{\"type\":\"datetime\"},\"createdBy\":{\"type\":\"relation\",\"relation\":\"oneToOne\",\"target\":\"admin::user\",\"configurable\":false,\"writable\":false,\"visible\":false,\"useJoinTable\":false,\"private\":true},\"updatedBy\":{\"type\":\"relation\",\"relation\":\"oneToOne\",\"target\":\"admin::user\",\"configurable\":false,\"writable\":false,\"visible\":false,\"useJoinTable\":false,\"private\":true}},\"__schema__\":{\"collectionName\":\"organizations\",\"info\":{\"singularName\":\"organization\",\"pluralName\":\"organizations\",\"displayName\":\"Organizatii\"},\"options\":{\"draftAndPublish\":false},\"pluginOptions\":{},\"attributes\":{\"nume\":{\"type\":\"string\",\"required\":true},\"icon\":{\"allowedTypes\":[\"images\"],\"type\":\"media\",\"multiple\":false},\"articoles\":{\"type\":\"relation\",\"relation\":\"oneToMany\",\"target\":\"api::article.article\",\"mappedBy\":\"organizaties\"}},\"kind\":\"collectionType\"},\"modelType\":\"contentType\",\"modelName\":\"organization\",\"connection\":\"default\",\"uid\":\"api::organization.organization\",\"apiName\":\"organization\",\"globalId\":\"Organization\",\"actions\":{},\"lifecycles\":{}},\"api::pozition.pozition\":{\"kind\":\"collectionType\",\"collectionName\":\"pozitions\",\"info\":{\"singularName\":\"pozition\",\"pluralName\":\"pozitions\",\"displayName\":\"Pozitie\"},\"options\":{\"draftAndPublish\":true},\"pluginOptions\":{\"i18n\":{\"localized\":true}},\"attributes\":{\"nume\":{\"type\":\"string\",\"pluginOptions\":{\"i18n\":{\"localized\":true}}},\"utilizatori\":{\"type\":\"relation\",\"relation\":\"oneToMany\",\"target\":\"admin::user\"},\"createdAt\":{\"type\":\"datetime\"},\"updatedAt\":{\"type\":\"datetime\"},\"publishedAt\":{\"type\":\"datetime\",\"configurable\":false,\"writable\":true,\"visible\":false},\"createdBy\":{\"type\":\"relation\",\"relation\":\"oneToOne\",\"target\":\"admin::user\",\"configurable\":false,\"writable\":false,\"visible\":false,\"useJoinTable\":false,\"private\":true},\"updatedBy\":{\"type\":\"relation\",\"relation\":\"oneToOne\",\"target\":\"admin::user\",\"configurable\":false,\"writable\":false,\"visible\":false,\"useJoinTable\":false,\"private\":true},\"localizations\":{\"writable\":true,\"private\":false,\"configurable\":false,\"visible\":false,\"type\":\"relation\",\"relation\":\"oneToMany\",\"target\":\"api::pozition.pozition\"},\"locale\":{\"writable\":true,\"private\":false,\"configurable\":false,\"visible\":false,\"type\":\"string\"}},\"__schema__\":{\"collectionName\":\"pozitions\",\"info\":{\"singularName\":\"pozition\",\"pluralName\":\"pozitions\",\"displayName\":\"Pozitie\"},\"options\":{\"draftAndPublish\":true},\"pluginOptions\":{\"i18n\":{\"localized\":true}},\"attributes\":{\"nume\":{\"type\":\"string\",\"pluginOptions\":{\"i18n\":{\"localized\":true}}},\"utilizatori\":{\"type\":\"relation\",\"relation\":\"oneToMany\",\"target\":\"admin::user\"}},\"kind\":\"collectionType\"},\"modelType\":\"contentType\",\"modelName\":\"pozition\",\"connection\":\"default\",\"uid\":\"api::pozition.pozition\",\"apiName\":\"pozition\",\"globalId\":\"Pozition\",\"actions\":{},\"lifecycles\":{}},\"api::privacy-policy.privacy-policy\":{\"kind\":\"singleType\",\"collectionName\":\"privacy_policies\",\"info\":{\"singularName\":\"privacy-policy\",\"pluralName\":\"privacy-policies\",\"displayName\":\"Privacy Policy\"},\"options\":{\"draftAndPublish\":true},\"pluginOptions\":{\"i18n\":{\"localized\":true}},\"attributes\":{\"continut\":{\"pluginOptions\":{\"i18n\":{\"localized\":true}},\"type\":\"richtext\"},\"createdAt\":{\"type\":\"datetime\"},\"updatedAt\":{\"type\":\"datetime\"},\"publishedAt\":{\"type\":\"datetime\",\"configurable\":false,\"writable\":true,\"visible\":false},\"createdBy\":{\"type\":\"relation\",\"relation\":\"oneToOne\",\"target\":\"admin::user\",\"configurable\":false,\"writable\":false,\"visible\":false,\"useJoinTable\":false,\"private\":true},\"updatedBy\":{\"type\":\"relation\",\"relation\":\"oneToOne\",\"target\":\"admin::user\",\"configurable\":false,\"writable\":false,\"visible\":false,\"useJoinTable\":false,\"private\":true},\"localizations\":{\"writable\":true,\"private\":false,\"configurable\":false,\"visible\":false,\"type\":\"relation\",\"relation\":\"oneToMany\",\"target\":\"api::privacy-policy.privacy-policy\"},\"locale\":{\"writable\":true,\"private\":false,\"configurable\":false,\"visible\":false,\"type\":\"string\"}},\"__schema__\":{\"collectionName\":\"privacy_policies\",\"info\":{\"singularName\":\"privacy-policy\",\"pluralName\":\"privacy-policies\",\"displayName\":\"Privacy Policy\"},\"options\":{\"draftAndPublish\":true},\"pluginOptions\":{\"i18n\":{\"localized\":true}},\"attributes\":{\"continut\":{\"pluginOptions\":{\"i18n\":{\"localized\":true}},\"type\":\"richtext\"}},\"kind\":\"singleType\"},\"modelType\":\"contentType\",\"modelName\":\"privacy-policy\",\"connection\":\"default\",\"uid\":\"api::privacy-policy.privacy-policy\",\"apiName\":\"privacy-policy\",\"globalId\":\"PrivacyPolicy\",\"actions\":{},\"lifecycles\":{}},\"api::reporting.reporting\":{\"kind\":\"collectionType\",\"collectionName\":\"reportings\",\"info\":{\"singularName\":\"reporting\",\"pluralName\":\"reportings\",\"displayName\":\"Raportari\",\"description\":\"\"},\"options\":{\"draftAndPublish\":true},\"pluginOptions\":{},\"attributes\":{\"data\":{\"type\":\"datetime\"},\"upload\":{\"type\":\"media\",\"multiple\":true,\"required\":true,\"allowedTypes\":[\"images\",\"files\",\"videos\",\"audios\"]},\"descriere\":{\"type\":\"text\"},\"uploader\":{\"type\":\"relation\",\"relation\":\"oneToOne\",\"target\":\"plugin::users-permissions.user\"},\"status\":{\"type\":\"enumeration\",\"enum\":[\"UNVERIFIED\",\"VERIFIED\"],\"default\":\"UNVERIFIED\"},\"createdAt\":{\"type\":\"datetime\"},\"updatedAt\":{\"type\":\"datetime\"},\"publishedAt\":{\"type\":\"datetime\",\"configurable\":false,\"writable\":true,\"visible\":false},\"createdBy\":{\"type\":\"relation\",\"relation\":\"oneToOne\",\"target\":\"admin::user\",\"configurable\":false,\"writable\":false,\"visible\":false,\"useJoinTable\":false,\"private\":true},\"updatedBy\":{\"type\":\"relation\",\"relation\":\"oneToOne\",\"target\":\"admin::user\",\"configurable\":false,\"writable\":false,\"visible\":false,\"useJoinTable\":false,\"private\":true}},\"__schema__\":{\"collectionName\":\"reportings\",\"info\":{\"singularName\":\"reporting\",\"pluralName\":\"reportings\",\"displayName\":\"Raportari\",\"description\":\"\"},\"options\":{\"draftAndPublish\":true},\"pluginOptions\":{},\"attributes\":{\"data\":{\"type\":\"datetime\"},\"upload\":{\"type\":\"media\",\"multiple\":true,\"required\":true,\"allowedTypes\":[\"images\",\"files\",\"videos\",\"audios\"]},\"descriere\":{\"type\":\"text\"},\"uploader\":{\"type\":\"relation\",\"relation\":\"oneToOne\",\"target\":\"plugin::users-permissions.user\"},\"status\":{\"type\":\"enumeration\",\"enum\":[\"UNVERIFIED\",\"VERIFIED\"],\"default\":\"UNVERIFIED\"}},\"kind\":\"collectionType\"},\"modelType\":\"contentType\",\"modelName\":\"reporting\",\"connection\":\"default\",\"uid\":\"api::reporting.reporting\",\"apiName\":\"reporting\",\"globalId\":\"Reporting\",\"actions\":{},\"lifecycles\":{}},\"api::tnc.tnc\":{\"kind\":\"singleType\",\"collectionName\":\"tncs\",\"info\":{\"singularName\":\"tnc\",\"pluralName\":\"tncs\",\"displayName\":\"Terms and conditions\"},\"options\":{\"draftAndPublish\":true},\"pluginOptions\":{\"i18n\":{\"localized\":true}},\"attributes\":{\"continut\":{\"pluginOptions\":{\"i18n\":{\"localized\":true}},\"type\":\"richtext\"},\"createdAt\":{\"type\":\"datetime\"},\"updatedAt\":{\"type\":\"datetime\"},\"publishedAt\":{\"type\":\"datetime\",\"configurable\":false,\"writable\":true,\"visible\":false},\"createdBy\":{\"type\":\"relation\",\"relation\":\"oneToOne\",\"target\":\"admin::user\",\"configurable\":false,\"writable\":false,\"visible\":false,\"useJoinTable\":false,\"private\":true},\"updatedBy\":{\"type\":\"relation\",\"relation\":\"oneToOne\",\"target\":\"admin::user\",\"configurable\":false,\"writable\":false,\"visible\":false,\"useJoinTable\":false,\"private\":true},\"localizations\":{\"writable\":true,\"private\":false,\"configurable\":false,\"visible\":false,\"type\":\"relation\",\"relation\":\"oneToMany\",\"target\":\"api::tnc.tnc\"},\"locale\":{\"writable\":true,\"private\":false,\"configurable\":false,\"visible\":false,\"type\":\"string\"}},\"__schema__\":{\"collectionName\":\"tncs\",\"info\":{\"singularName\":\"tnc\",\"pluralName\":\"tncs\",\"displayName\":\"Terms and conditions\"},\"options\":{\"draftAndPublish\":true},\"pluginOptions\":{\"i18n\":{\"localized\":true}},\"attributes\":{\"continut\":{\"pluginOptions\":{\"i18n\":{\"localized\":true}},\"type\":\"richtext\"}},\"kind\":\"singleType\"},\"modelType\":\"contentType\",\"modelName\":\"tnc\",\"connection\":\"default\",\"uid\":\"api::tnc.tnc\",\"apiName\":\"tnc\",\"globalId\":\"Tnc\",\"actions\":{},\"lifecycles\":{}},\"api::unreg-user.unreg-user\":{\"kind\":\"collectionType\",\"collectionName\":\"unreg_users\",\"info\":{\"singularName\":\"unreg-user\",\"pluralName\":\"unreg-users\",\"displayName\":\"UnregUsers\"},\"options\":{\"draftAndPublish\":false},\"pluginOptions\":{},\"attributes\":{\"firebase_token\":{\"type\":\"string\"},\"createdAt\":{\"type\":\"datetime\"},\"updatedAt\":{\"type\":\"datetime\"},\"createdBy\":{\"type\":\"relation\",\"relation\":\"oneToOne\",\"target\":\"admin::user\",\"configurable\":false,\"writable\":false,\"visible\":false,\"useJoinTable\":false,\"private\":true},\"updatedBy\":{\"type\":\"relation\",\"relation\":\"oneToOne\",\"target\":\"admin::user\",\"configurable\":false,\"writable\":false,\"visible\":false,\"useJoinTable\":false,\"private\":true}},\"__schema__\":{\"collectionName\":\"unreg_users\",\"info\":{\"singularName\":\"unreg-user\",\"pluralName\":\"unreg-users\",\"displayName\":\"UnregUsers\"},\"options\":{\"draftAndPublish\":false},\"pluginOptions\":{},\"attributes\":{\"firebase_token\":{\"type\":\"string\"}},\"kind\":\"collectionType\"},\"modelType\":\"contentType\",\"modelName\":\"unreg-user\",\"connection\":\"default\",\"uid\":\"api::unreg-user.unreg-user\",\"apiName\":\"unreg-user\",\"globalId\":\"UnregUser\",\"actions\":{},\"lifecycles\":{}}}','object',NULL,NULL),(2,'plugin_content_manager_configuration_content_types::admin::permission','{\"uid\":\"admin::permission\",\"settings\":{\"bulkable\":true,\"filterable\":true,\"searchable\":true,\"pageSize\":10,\"mainField\":\"action\",\"defaultSortBy\":\"action\",\"defaultSortOrder\":\"ASC\"},\"metadatas\":{\"id\":{\"edit\":{},\"list\":{\"label\":\"id\",\"searchable\":true,\"sortable\":true}},\"action\":{\"edit\":{\"label\":\"action\",\"description\":\"\",\"placeholder\":\"\",\"visible\":true,\"editable\":true},\"list\":{\"label\":\"action\",\"searchable\":true,\"sortable\":true}},\"subject\":{\"edit\":{\"label\":\"subject\",\"description\":\"\",\"placeholder\":\"\",\"visible\":true,\"editable\":true},\"list\":{\"label\":\"subject\",\"searchable\":true,\"sortable\":true}},\"properties\":{\"edit\":{\"label\":\"properties\",\"description\":\"\",\"placeholder\":\"\",\"visible\":true,\"editable\":true},\"list\":{\"label\":\"properties\",\"searchable\":false,\"sortable\":false}},\"conditions\":{\"edit\":{\"label\":\"conditions\",\"description\":\"\",\"placeholder\":\"\",\"visible\":true,\"editable\":true},\"list\":{\"label\":\"conditions\",\"searchable\":false,\"sortable\":false}},\"role\":{\"edit\":{\"label\":\"role\",\"description\":\"\",\"placeholder\":\"\",\"visible\":true,\"editable\":true,\"mainField\":\"name\"},\"list\":{\"label\":\"role\",\"searchable\":true,\"sortable\":true}},\"createdAt\":{\"edit\":{\"label\":\"createdAt\",\"description\":\"\",\"placeholder\":\"\",\"visible\":false,\"editable\":true},\"list\":{\"label\":\"createdAt\",\"searchable\":true,\"sortable\":true}},\"updatedAt\":{\"edit\":{\"label\":\"updatedAt\",\"description\":\"\",\"placeholder\":\"\",\"visible\":false,\"editable\":true},\"list\":{\"label\":\"updatedAt\",\"searchable\":true,\"sortable\":true}}},\"layouts\":{\"list\":[\"id\",\"action\",\"subject\",\"role\"],\"editRelations\":[\"role\"],\"edit\":[[{\"name\":\"action\",\"size\":6},{\"name\":\"subject\",\"size\":6}],[{\"name\":\"properties\",\"size\":12}],[{\"name\":\"conditions\",\"size\":12}]]}}','object',NULL,NULL),(3,'plugin_content_manager_configuration_content_types::admin::user','{\"uid\":\"admin::user\",\"settings\":{\"bulkable\":true,\"filterable\":true,\"searchable\":true,\"pageSize\":10,\"mainField\":\"firstname\",\"defaultSortBy\":\"firstname\",\"defaultSortOrder\":\"ASC\"},\"metadatas\":{\"id\":{\"edit\":{},\"list\":{\"label\":\"id\",\"searchable\":true,\"sortable\":true}},\"firstname\":{\"edit\":{\"label\":\"firstname\",\"description\":\"\",\"placeholder\":\"\",\"visible\":true,\"editable\":true},\"list\":{\"label\":\"firstname\",\"searchable\":true,\"sortable\":true}},\"lastname\":{\"edit\":{\"label\":\"lastname\",\"description\":\"\",\"placeholder\":\"\",\"visible\":true,\"editable\":true},\"list\":{\"label\":\"lastname\",\"searchable\":true,\"sortable\":true}},\"username\":{\"edit\":{\"label\":\"username\",\"description\":\"\",\"placeholder\":\"\",\"visible\":true,\"editable\":true},\"list\":{\"label\":\"username\",\"searchable\":true,\"sortable\":true}},\"email\":{\"edit\":{\"label\":\"email\",\"description\":\"\",\"placeholder\":\"\",\"visible\":true,\"editable\":true},\"list\":{\"label\":\"email\",\"searchable\":true,\"sortable\":true}},\"password\":{\"edit\":{\"label\":\"password\",\"description\":\"\",\"placeholder\":\"\",\"visible\":true,\"editable\":true},\"list\":{\"label\":\"password\",\"searchable\":true,\"sortable\":true}},\"resetPasswordToken\":{\"edit\":{\"label\":\"resetPasswordToken\",\"description\":\"\",\"placeholder\":\"\",\"visible\":true,\"editable\":true},\"list\":{\"label\":\"resetPasswordToken\",\"searchable\":true,\"sortable\":true}},\"registrationToken\":{\"edit\":{\"label\":\"registrationToken\",\"description\":\"\",\"placeholder\":\"\",\"visible\":true,\"editable\":true},\"list\":{\"label\":\"registrationToken\",\"searchable\":true,\"sortable\":true}},\"isActive\":{\"edit\":{\"label\":\"isActive\",\"description\":\"\",\"placeholder\":\"\",\"visible\":true,\"editable\":true},\"list\":{\"label\":\"isActive\",\"searchable\":true,\"sortable\":true}},\"roles\":{\"edit\":{\"label\":\"roles\",\"description\":\"\",\"placeholder\":\"\",\"visible\":true,\"editable\":true,\"mainField\":\"name\"},\"list\":{\"label\":\"roles\",\"searchable\":false,\"sortable\":false}},\"blocked\":{\"edit\":{\"label\":\"blocked\",\"description\":\"\",\"placeholder\":\"\",\"visible\":true,\"editable\":true},\"list\":{\"label\":\"blocked\",\"searchable\":true,\"sortable\":true}},\"preferedLanguage\":{\"edit\":{\"label\":\"preferedLanguage\",\"description\":\"\",\"placeholder\":\"\",\"visible\":true,\"editable\":true},\"list\":{\"label\":\"preferedLanguage\",\"searchable\":true,\"sortable\":true}},\"createdAt\":{\"edit\":{\"label\":\"createdAt\",\"description\":\"\",\"placeholder\":\"\",\"visible\":false,\"editable\":true},\"list\":{\"label\":\"createdAt\",\"searchable\":true,\"sortable\":true}},\"updatedAt\":{\"edit\":{\"label\":\"updatedAt\",\"description\":\"\",\"placeholder\":\"\",\"visible\":false,\"editable\":true},\"list\":{\"label\":\"updatedAt\",\"searchable\":true,\"sortable\":true}}},\"layouts\":{\"list\":[\"id\",\"firstname\",\"lastname\",\"username\"],\"editRelations\":[\"roles\"],\"edit\":[[{\"name\":\"firstname\",\"size\":6},{\"name\":\"lastname\",\"size\":6}],[{\"name\":\"username\",\"size\":6},{\"name\":\"email\",\"size\":6}],[{\"name\":\"password\",\"size\":6},{\"name\":\"resetPasswordToken\",\"size\":6}],[{\"name\":\"registrationToken\",\"size\":6},{\"name\":\"isActive\",\"size\":4}],[{\"name\":\"blocked\",\"size\":4},{\"name\":\"preferedLanguage\",\"size\":6}]]}}','object',NULL,NULL),(4,'plugin_content_manager_configuration_content_types::admin::role','{\"uid\":\"admin::role\",\"settings\":{\"bulkable\":true,\"filterable\":true,\"searchable\":true,\"pageSize\":10,\"mainField\":\"name\",\"defaultSortBy\":\"name\",\"defaultSortOrder\":\"ASC\"},\"metadatas\":{\"id\":{\"edit\":{},\"list\":{\"label\":\"id\",\"searchable\":true,\"sortable\":true}},\"name\":{\"edit\":{\"label\":\"name\",\"description\":\"\",\"placeholder\":\"\",\"visible\":true,\"editable\":true},\"list\":{\"label\":\"name\",\"searchable\":true,\"sortable\":true}},\"code\":{\"edit\":{\"label\":\"code\",\"description\":\"\",\"placeholder\":\"\",\"visible\":true,\"editable\":true},\"list\":{\"label\":\"code\",\"searchable\":true,\"sortable\":true}},\"description\":{\"edit\":{\"label\":\"description\",\"description\":\"\",\"placeholder\":\"\",\"visible\":true,\"editable\":true},\"list\":{\"label\":\"description\",\"searchable\":true,\"sortable\":true}},\"users\":{\"edit\":{\"label\":\"users\",\"description\":\"\",\"placeholder\":\"\",\"visible\":true,\"editable\":true,\"mainField\":\"firstname\"},\"list\":{\"label\":\"users\",\"searchable\":false,\"sortable\":false}},\"permissions\":{\"edit\":{\"label\":\"permissions\",\"description\":\"\",\"placeholder\":\"\",\"visible\":true,\"editable\":true,\"mainField\":\"action\"},\"list\":{\"label\":\"permissions\",\"searchable\":false,\"sortable\":false}},\"createdAt\":{\"edit\":{\"label\":\"createdAt\",\"description\":\"\",\"placeholder\":\"\",\"visible\":false,\"editable\":true},\"list\":{\"label\":\"createdAt\",\"searchable\":true,\"sortable\":true}},\"updatedAt\":{\"edit\":{\"label\":\"updatedAt\",\"description\":\"\",\"placeholder\":\"\",\"visible\":false,\"editable\":true},\"list\":{\"label\":\"updatedAt\",\"searchable\":true,\"sortable\":true}}},\"layouts\":{\"list\":[\"id\",\"name\",\"code\",\"description\"],\"editRelations\":[\"users\",\"permissions\"],\"edit\":[[{\"name\":\"name\",\"size\":6},{\"name\":\"code\",\"size\":6}],[{\"name\":\"description\",\"size\":6}]]}}','object',NULL,NULL),(5,'plugin_content_manager_configuration_content_types::admin::api-token','{\"uid\":\"admin::api-token\",\"settings\":{\"bulkable\":true,\"filterable\":true,\"searchable\":true,\"pageSize\":10,\"mainField\":\"name\",\"defaultSortBy\":\"name\",\"defaultSortOrder\":\"ASC\"},\"metadatas\":{\"id\":{\"edit\":{},\"list\":{\"label\":\"id\",\"searchable\":true,\"sortable\":true}},\"name\":{\"edit\":{\"label\":\"name\",\"description\":\"\",\"placeholder\":\"\",\"visible\":true,\"editable\":true},\"list\":{\"label\":\"name\",\"searchable\":true,\"sortable\":true}},\"description\":{\"edit\":{\"label\":\"description\",\"description\":\"\",\"placeholder\":\"\",\"visible\":true,\"editable\":true},\"list\":{\"label\":\"description\",\"searchable\":true,\"sortable\":true}},\"type\":{\"edit\":{\"label\":\"type\",\"description\":\"\",\"placeholder\":\"\",\"visible\":true,\"editable\":true},\"list\":{\"label\":\"type\",\"searchable\":true,\"sortable\":true}},\"accessKey\":{\"edit\":{\"label\":\"accessKey\",\"description\":\"\",\"placeholder\":\"\",\"visible\":true,\"editable\":true},\"list\":{\"label\":\"accessKey\",\"searchable\":true,\"sortable\":true}},\"lastUsedAt\":{\"edit\":{\"label\":\"lastUsedAt\",\"description\":\"\",\"placeholder\":\"\",\"visible\":true,\"editable\":true},\"list\":{\"label\":\"lastUsedAt\",\"searchable\":true,\"sortable\":true}},\"permissions\":{\"edit\":{\"label\":\"permissions\",\"description\":\"\",\"placeholder\":\"\",\"visible\":true,\"editable\":true,\"mainField\":\"action\"},\"list\":{\"label\":\"permissions\",\"searchable\":false,\"sortable\":false}},\"expiresAt\":{\"edit\":{\"label\":\"expiresAt\",\"description\":\"\",\"placeholder\":\"\",\"visible\":true,\"editable\":true},\"list\":{\"label\":\"expiresAt\",\"searchable\":true,\"sortable\":true}},\"lifespan\":{\"edit\":{\"label\":\"lifespan\",\"description\":\"\",\"placeholder\":\"\",\"visible\":true,\"editable\":true},\"list\":{\"label\":\"lifespan\",\"searchable\":true,\"sortable\":true}},\"createdAt\":{\"edit\":{\"label\":\"createdAt\",\"description\":\"\",\"placeholder\":\"\",\"visible\":false,\"editable\":true},\"list\":{\"label\":\"createdAt\",\"searchable\":true,\"sortable\":true}},\"updatedAt\":{\"edit\":{\"label\":\"updatedAt\",\"description\":\"\",\"placeholder\":\"\",\"visible\":false,\"editable\":true},\"list\":{\"label\":\"updatedAt\",\"searchable\":true,\"sortable\":true}}},\"layouts\":{\"list\":[\"id\",\"name\",\"description\",\"type\"],\"editRelations\":[\"permissions\"],\"edit\":[[{\"name\":\"name\",\"size\":6},{\"name\":\"description\",\"size\":6}],[{\"name\":\"type\",\"size\":6},{\"name\":\"accessKey\",\"size\":6}],[{\"name\":\"lastUsedAt\",\"size\":6},{\"name\":\"expiresAt\",\"size\":6}],[{\"name\":\"lifespan\",\"size\":4}]]}}','object',NULL,NULL),(6,'plugin_content_manager_configuration_content_types::admin::api-token-permission','{\"uid\":\"admin::api-token-permission\",\"settings\":{\"bulkable\":true,\"filterable\":true,\"searchable\":true,\"pageSize\":10,\"mainField\":\"action\",\"defaultSortBy\":\"action\",\"defaultSortOrder\":\"ASC\"},\"metadatas\":{\"id\":{\"edit\":{},\"list\":{\"label\":\"id\",\"searchable\":true,\"sortable\":true}},\"action\":{\"edit\":{\"label\":\"action\",\"description\":\"\",\"placeholder\":\"\",\"visible\":true,\"editable\":true},\"list\":{\"label\":\"action\",\"searchable\":true,\"sortable\":true}},\"token\":{\"edit\":{\"label\":\"token\",\"description\":\"\",\"placeholder\":\"\",\"visible\":true,\"editable\":true,\"mainField\":\"name\"},\"list\":{\"label\":\"token\",\"searchable\":true,\"sortable\":true}},\"createdAt\":{\"edit\":{\"label\":\"createdAt\",\"description\":\"\",\"placeholder\":\"\",\"visible\":false,\"editable\":true},\"list\":{\"label\":\"createdAt\",\"searchable\":true,\"sortable\":true}},\"updatedAt\":{\"edit\":{\"label\":\"updatedAt\",\"description\":\"\",\"placeholder\":\"\",\"visible\":false,\"editable\":true},\"list\":{\"label\":\"updatedAt\",\"searchable\":true,\"sortable\":true}}},\"layouts\":{\"list\":[\"id\",\"action\",\"token\",\"createdAt\"],\"editRelations\":[\"token\"],\"edit\":[[{\"name\":\"action\",\"size\":6}]]}}','object',NULL,NULL),(7,'plugin_content_manager_configuration_content_types::plugin::upload.file','{\"uid\":\"plugin::upload.file\",\"settings\":{\"bulkable\":true,\"filterable\":true,\"searchable\":true,\"pageSize\":10,\"mainField\":\"name\",\"defaultSortBy\":\"name\",\"defaultSortOrder\":\"ASC\"},\"metadatas\":{\"id\":{\"edit\":{},\"list\":{\"label\":\"id\",\"searchable\":true,\"sortable\":true}},\"name\":{\"edit\":{\"label\":\"name\",\"description\":\"\",\"placeholder\":\"\",\"visible\":true,\"editable\":true},\"list\":{\"label\":\"name\",\"searchable\":true,\"sortable\":true}},\"alternativeText\":{\"edit\":{\"label\":\"alternativeText\",\"description\":\"\",\"placeholder\":\"\",\"visible\":true,\"editable\":true},\"list\":{\"label\":\"alternativeText\",\"searchable\":true,\"sortable\":true}},\"caption\":{\"edit\":{\"label\":\"caption\",\"description\":\"\",\"placeholder\":\"\",\"visible\":true,\"editable\":true},\"list\":{\"label\":\"caption\",\"searchable\":true,\"sortable\":true}},\"width\":{\"edit\":{\"label\":\"width\",\"description\":\"\",\"placeholder\":\"\",\"visible\":true,\"editable\":true},\"list\":{\"label\":\"width\",\"searchable\":true,\"sortable\":true}},\"height\":{\"edit\":{\"label\":\"height\",\"description\":\"\",\"placeholder\":\"\",\"visible\":true,\"editable\":true},\"list\":{\"label\":\"height\",\"searchable\":true,\"sortable\":true}},\"formats\":{\"edit\":{\"label\":\"formats\",\"description\":\"\",\"placeholder\":\"\",\"visible\":true,\"editable\":true},\"list\":{\"label\":\"formats\",\"searchable\":false,\"sortable\":false}},\"hash\":{\"edit\":{\"label\":\"hash\",\"description\":\"\",\"placeholder\":\"\",\"visible\":true,\"editable\":true},\"list\":{\"label\":\"hash\",\"searchable\":true,\"sortable\":true}},\"ext\":{\"edit\":{\"label\":\"ext\",\"description\":\"\",\"placeholder\":\"\",\"visible\":true,\"editable\":true},\"list\":{\"label\":\"ext\",\"searchable\":true,\"sortable\":true}},\"mime\":{\"edit\":{\"label\":\"mime\",\"description\":\"\",\"placeholder\":\"\",\"visible\":true,\"editable\":true},\"list\":{\"label\":\"mime\",\"searchable\":true,\"sortable\":true}},\"size\":{\"edit\":{\"label\":\"size\",\"description\":\"\",\"placeholder\":\"\",\"visible\":true,\"editable\":true},\"list\":{\"label\":\"size\",\"searchable\":true,\"sortable\":true}},\"url\":{\"edit\":{\"label\":\"url\",\"description\":\"\",\"placeholder\":\"\",\"visible\":true,\"editable\":true},\"list\":{\"label\":\"url\",\"searchable\":true,\"sortable\":true}},\"previewUrl\":{\"edit\":{\"label\":\"previewUrl\",\"description\":\"\",\"placeholder\":\"\",\"visible\":true,\"editable\":true},\"list\":{\"label\":\"previewUrl\",\"searchable\":true,\"sortable\":true}},\"provider\":{\"edit\":{\"label\":\"provider\",\"description\":\"\",\"placeholder\":\"\",\"visible\":true,\"editable\":true},\"list\":{\"label\":\"provider\",\"searchable\":true,\"sortable\":true}},\"provider_metadata\":{\"edit\":{\"label\":\"provider_metadata\",\"description\":\"\",\"placeholder\":\"\",\"visible\":true,\"editable\":true},\"list\":{\"label\":\"provider_metadata\",\"searchable\":false,\"sortable\":false}},\"folder\":{\"edit\":{\"label\":\"folder\",\"description\":\"\",\"placeholder\":\"\",\"visible\":true,\"editable\":true,\"mainField\":\"name\"},\"list\":{\"label\":\"folder\",\"searchable\":true,\"sortable\":true}},\"folderPath\":{\"edit\":{\"label\":\"folderPath\",\"description\":\"\",\"placeholder\":\"\",\"visible\":true,\"editable\":true},\"list\":{\"label\":\"folderPath\",\"searchable\":true,\"sortable\":true}},\"createdAt\":{\"edit\":{\"label\":\"createdAt\",\"description\":\"\",\"placeholder\":\"\",\"visible\":false,\"editable\":true},\"list\":{\"label\":\"createdAt\",\"searchable\":true,\"sortable\":true}},\"updatedAt\":{\"edit\":{\"label\":\"updatedAt\",\"description\":\"\",\"placeholder\":\"\",\"visible\":false,\"editable\":true},\"list\":{\"label\":\"updatedAt\",\"searchable\":true,\"sortable\":true}}},\"layouts\":{\"list\":[\"id\",\"name\",\"alternativeText\",\"caption\"],\"editRelations\":[\"folder\"],\"edit\":[[{\"name\":\"name\",\"size\":6},{\"name\":\"alternativeText\",\"size\":6}],[{\"name\":\"caption\",\"size\":6},{\"name\":\"width\",\"size\":4}],[{\"name\":\"height\",\"size\":4}],[{\"name\":\"formats\",\"size\":12}],[{\"name\":\"hash\",\"size\":6},{\"name\":\"ext\",\"size\":6}],[{\"name\":\"mime\",\"size\":6},{\"name\":\"size\",\"size\":4}],[{\"name\":\"url\",\"size\":6},{\"name\":\"previewUrl\",\"size\":6}],[{\"name\":\"provider\",\"size\":6}],[{\"name\":\"provider_metadata\",\"size\":12}],[{\"name\":\"folderPath\",\"size\":6}]]}}','object',NULL,NULL),(8,'plugin_content_manager_configuration_content_types::plugin::upload.folder','{\"uid\":\"plugin::upload.folder\",\"settings\":{\"bulkable\":true,\"filterable\":true,\"searchable\":true,\"pageSize\":10,\"mainField\":\"name\",\"defaultSortBy\":\"name\",\"defaultSortOrder\":\"ASC\"},\"metadatas\":{\"id\":{\"edit\":{},\"list\":{\"label\":\"id\",\"searchable\":true,\"sortable\":true}},\"name\":{\"edit\":{\"label\":\"name\",\"description\":\"\",\"placeholder\":\"\",\"visible\":true,\"editable\":true},\"list\":{\"label\":\"name\",\"searchable\":true,\"sortable\":true}},\"pathId\":{\"edit\":{\"label\":\"pathId\",\"description\":\"\",\"placeholder\":\"\",\"visible\":true,\"editable\":true},\"list\":{\"label\":\"pathId\",\"searchable\":true,\"sortable\":true}},\"parent\":{\"edit\":{\"label\":\"parent\",\"description\":\"\",\"placeholder\":\"\",\"visible\":true,\"editable\":true,\"mainField\":\"name\"},\"list\":{\"label\":\"parent\",\"searchable\":true,\"sortable\":true}},\"children\":{\"edit\":{\"label\":\"children\",\"description\":\"\",\"placeholder\":\"\",\"visible\":true,\"editable\":true,\"mainField\":\"name\"},\"list\":{\"label\":\"children\",\"searchable\":false,\"sortable\":false}},\"files\":{\"edit\":{\"label\":\"files\",\"description\":\"\",\"placeholder\":\"\",\"visible\":true,\"editable\":true,\"mainField\":\"name\"},\"list\":{\"label\":\"files\",\"searchable\":false,\"sortable\":false}},\"path\":{\"edit\":{\"label\":\"path\",\"description\":\"\",\"placeholder\":\"\",\"visible\":true,\"editable\":true},\"list\":{\"label\":\"path\",\"searchable\":true,\"sortable\":true}},\"createdAt\":{\"edit\":{\"label\":\"createdAt\",\"description\":\"\",\"placeholder\":\"\",\"visible\":false,\"editable\":true},\"list\":{\"label\":\"createdAt\",\"searchable\":true,\"sortable\":true}},\"updatedAt\":{\"edit\":{\"label\":\"updatedAt\",\"description\":\"\",\"placeholder\":\"\",\"visible\":false,\"editable\":true},\"list\":{\"label\":\"updatedAt\",\"searchable\":true,\"sortable\":true}}},\"layouts\":{\"list\":[\"id\",\"name\",\"pathId\",\"parent\"],\"editRelations\":[\"parent\",\"children\",\"files\"],\"edit\":[[{\"name\":\"name\",\"size\":6},{\"name\":\"pathId\",\"size\":4}],[{\"name\":\"path\",\"size\":6}]]}}','object',NULL,NULL),(9,'plugin_content_manager_configuration_content_types::plugin::users-permissions.permission','{\"uid\":\"plugin::users-permissions.permission\",\"settings\":{\"bulkable\":true,\"filterable\":true,\"searchable\":true,\"pageSize\":10,\"mainField\":\"action\",\"defaultSortBy\":\"action\",\"defaultSortOrder\":\"ASC\"},\"metadatas\":{\"id\":{\"edit\":{},\"list\":{\"label\":\"id\",\"searchable\":true,\"sortable\":true}},\"action\":{\"edit\":{\"label\":\"action\",\"description\":\"\",\"placeholder\":\"\",\"visible\":true,\"editable\":true},\"list\":{\"label\":\"action\",\"searchable\":true,\"sortable\":true}},\"role\":{\"edit\":{\"label\":\"role\",\"description\":\"\",\"placeholder\":\"\",\"visible\":true,\"editable\":true,\"mainField\":\"name\"},\"list\":{\"label\":\"role\",\"searchable\":true,\"sortable\":true}},\"createdAt\":{\"edit\":{\"label\":\"createdAt\",\"description\":\"\",\"placeholder\":\"\",\"visible\":false,\"editable\":true},\"list\":{\"label\":\"createdAt\",\"searchable\":true,\"sortable\":true}},\"updatedAt\":{\"edit\":{\"label\":\"updatedAt\",\"description\":\"\",\"placeholder\":\"\",\"visible\":false,\"editable\":true},\"list\":{\"label\":\"updatedAt\",\"searchable\":true,\"sortable\":true}}},\"layouts\":{\"list\":[\"id\",\"action\",\"role\",\"createdAt\"],\"editRelations\":[\"role\"],\"edit\":[[{\"name\":\"action\",\"size\":6}]]}}','object',NULL,NULL),(10,'plugin_content_manager_configuration_content_types::plugin::users-permissions.role','{\"uid\":\"plugin::users-permissions.role\",\"settings\":{\"bulkable\":true,\"filterable\":true,\"searchable\":true,\"pageSize\":10,\"mainField\":\"name\",\"defaultSortBy\":\"name\",\"defaultSortOrder\":\"ASC\"},\"metadatas\":{\"id\":{\"edit\":{},\"list\":{\"label\":\"id\",\"searchable\":true,\"sortable\":true}},\"name\":{\"edit\":{\"label\":\"name\",\"description\":\"\",\"placeholder\":\"\",\"visible\":true,\"editable\":true},\"list\":{\"label\":\"name\",\"searchable\":true,\"sortable\":true}},\"description\":{\"edit\":{\"label\":\"description\",\"description\":\"\",\"placeholder\":\"\",\"visible\":true,\"editable\":true},\"list\":{\"label\":\"description\",\"searchable\":true,\"sortable\":true}},\"type\":{\"edit\":{\"label\":\"type\",\"description\":\"\",\"placeholder\":\"\",\"visible\":true,\"editable\":true},\"list\":{\"label\":\"type\",\"searchable\":true,\"sortable\":true}},\"permissions\":{\"edit\":{\"label\":\"permissions\",\"description\":\"\",\"placeholder\":\"\",\"visible\":true,\"editable\":true,\"mainField\":\"action\"},\"list\":{\"label\":\"permissions\",\"searchable\":false,\"sortable\":false}},\"users\":{\"edit\":{\"label\":\"users\",\"description\":\"\",\"placeholder\":\"\",\"visible\":true,\"editable\":true,\"mainField\":\"username\"},\"list\":{\"label\":\"users\",\"searchable\":false,\"sortable\":false}},\"createdAt\":{\"edit\":{\"label\":\"createdAt\",\"description\":\"\",\"placeholder\":\"\",\"visible\":false,\"editable\":true},\"list\":{\"label\":\"createdAt\",\"searchable\":true,\"sortable\":true}},\"updatedAt\":{\"edit\":{\"label\":\"updatedAt\",\"description\":\"\",\"placeholder\":\"\",\"visible\":false,\"editable\":true},\"list\":{\"label\":\"updatedAt\",\"searchable\":true,\"sortable\":true}}},\"layouts\":{\"list\":[\"id\",\"name\",\"description\",\"type\"],\"editRelations\":[\"permissions\",\"users\"],\"edit\":[[{\"name\":\"name\",\"size\":6},{\"name\":\"description\",\"size\":6}],[{\"name\":\"type\",\"size\":6}]]}}','object',NULL,NULL),(11,'plugin_content_manager_configuration_content_types::plugin::users-permissions.user','{\"uid\":\"plugin::users-permissions.user\",\"settings\":{\"bulkable\":true,\"filterable\":true,\"searchable\":true,\"pageSize\":10,\"mainField\":\"username\",\"defaultSortBy\":\"username\",\"defaultSortOrder\":\"ASC\"},\"metadatas\":{\"id\":{\"edit\":{},\"list\":{\"label\":\"id\",\"searchable\":true,\"sortable\":true}},\"username\":{\"edit\":{\"label\":\"username\",\"description\":\"\",\"placeholder\":\"\",\"visible\":true,\"editable\":true},\"list\":{\"label\":\"username\",\"searchable\":true,\"sortable\":true}},\"email\":{\"edit\":{\"label\":\"email\",\"description\":\"\",\"placeholder\":\"\",\"visible\":true,\"editable\":true},\"list\":{\"label\":\"email\",\"searchable\":true,\"sortable\":true}},\"provider\":{\"edit\":{\"label\":\"provider\",\"description\":\"\",\"placeholder\":\"\",\"visible\":false,\"editable\":true},\"list\":{\"label\":\"provider\",\"searchable\":true,\"sortable\":true}},\"password\":{\"edit\":{\"label\":\"password\",\"description\":\"\",\"placeholder\":\"\",\"visible\":true,\"editable\":true},\"list\":{\"label\":\"password\",\"searchable\":true,\"sortable\":true}},\"resetPasswordToken\":{\"edit\":{\"label\":\"resetPasswordToken\",\"description\":\"\",\"placeholder\":\"\",\"visible\":false,\"editable\":true},\"list\":{\"label\":\"resetPasswordToken\",\"searchable\":true,\"sortable\":true}},\"confirmationToken\":{\"edit\":{\"label\":\"confirmationToken\",\"description\":\"\",\"placeholder\":\"\",\"visible\":false,\"editable\":true},\"list\":{\"label\":\"confirmationToken\",\"searchable\":true,\"sortable\":true}},\"confirmed\":{\"edit\":{\"label\":\"confirmed\",\"description\":\"\",\"placeholder\":\"\",\"visible\":true,\"editable\":true},\"list\":{\"label\":\"confirmed\",\"searchable\":true,\"sortable\":true}},\"blocked\":{\"edit\":{\"label\":\"blocked\",\"description\":\"\",\"placeholder\":\"\",\"visible\":true,\"editable\":true},\"list\":{\"label\":\"blocked\",\"searchable\":true,\"sortable\":true}},\"role\":{\"edit\":{\"label\":\"role\",\"description\":\"\",\"placeholder\":\"\",\"visible\":true,\"editable\":true,\"mainField\":\"name\"},\"list\":{\"label\":\"role\",\"searchable\":true,\"sortable\":true}},\"alerts\":{\"edit\":{\"label\":\"alerts\",\"description\":\"\",\"placeholder\":\"\",\"visible\":true,\"editable\":true,\"mainField\":\"titlu\"},\"list\":{\"label\":\"alerts\",\"searchable\":false,\"sortable\":false}},\"full_name\":{\"edit\":{\"label\":\"full_name\",\"description\":\"\",\"placeholder\":\"\",\"visible\":true,\"editable\":true},\"list\":{\"label\":\"full_name\",\"searchable\":true,\"sortable\":true}},\"push_notify\":{\"edit\":{\"label\":\"push_notify\",\"description\":\"\",\"placeholder\":\"\",\"visible\":true,\"editable\":true},\"list\":{\"label\":\"push_notify\",\"searchable\":true,\"sortable\":true}},\"email_notify\":{\"edit\":{\"label\":\"email_notify\",\"description\":\"\",\"placeholder\":\"\",\"visible\":true,\"editable\":true},\"list\":{\"label\":\"email_notify\",\"searchable\":true,\"sortable\":true}},\"firebase_token\":{\"edit\":{\"label\":\"firebase_token\",\"description\":\"\",\"placeholder\":\"\",\"visible\":true,\"editable\":true},\"list\":{\"label\":\"firebase_token\",\"searchable\":true,\"sortable\":true}},\"judete\":{\"edit\":{\"label\":\"judete\",\"description\":\"\",\"placeholder\":\"\",\"visible\":true,\"editable\":true,\"mainField\":\"nume\"},\"list\":{\"label\":\"judete\",\"searchable\":false,\"sortable\":false}},\"createdAt\":{\"edit\":{\"label\":\"createdAt\",\"description\":\"\",\"placeholder\":\"\",\"visible\":false,\"editable\":true},\"list\":{\"label\":\"createdAt\",\"searchable\":true,\"sortable\":true}},\"updatedAt\":{\"edit\":{\"label\":\"updatedAt\",\"description\":\"\",\"placeholder\":\"\",\"visible\":false,\"editable\":true},\"list\":{\"label\":\"updatedAt\",\"searchable\":true,\"sortable\":true}}},\"layouts\":{\"list\":[\"id\",\"username\",\"email\",\"confirmed\"],\"edit\":[[{\"name\":\"username\",\"size\":6},{\"name\":\"email\",\"size\":6}],[{\"name\":\"password\",\"size\":6},{\"name\":\"confirmed\",\"size\":4}],[{\"name\":\"blocked\",\"size\":4},{\"name\":\"full_name\",\"size\":6}],[{\"name\":\"push_notify\",\"size\":4},{\"name\":\"email_notify\",\"size\":4}],[{\"name\":\"firebase_token\",\"size\":6}]],\"editRelations\":[\"role\",\"alerts\",\"judete\"]}}','object',NULL,NULL),(12,'plugin_content_manager_configuration_content_types::plugin::i18n.locale','{\"uid\":\"plugin::i18n.locale\",\"settings\":{\"bulkable\":true,\"filterable\":true,\"searchable\":true,\"pageSize\":10,\"mainField\":\"name\",\"defaultSortBy\":\"name\",\"defaultSortOrder\":\"ASC\"},\"metadatas\":{\"id\":{\"edit\":{},\"list\":{\"label\":\"id\",\"searchable\":true,\"sortable\":true}},\"name\":{\"edit\":{\"label\":\"name\",\"description\":\"\",\"placeholder\":\"\",\"visible\":true,\"editable\":true},\"list\":{\"label\":\"name\",\"searchable\":true,\"sortable\":true}},\"code\":{\"edit\":{\"label\":\"code\",\"description\":\"\",\"placeholder\":\"\",\"visible\":true,\"editable\":true},\"list\":{\"label\":\"code\",\"searchable\":true,\"sortable\":true}},\"createdAt\":{\"edit\":{\"label\":\"createdAt\",\"description\":\"\",\"placeholder\":\"\",\"visible\":false,\"editable\":true},\"list\":{\"label\":\"createdAt\",\"searchable\":true,\"sortable\":true}},\"updatedAt\":{\"edit\":{\"label\":\"updatedAt\",\"description\":\"\",\"placeholder\":\"\",\"visible\":false,\"editable\":true},\"list\":{\"label\":\"updatedAt\",\"searchable\":true,\"sortable\":true}}},\"layouts\":{\"list\":[\"id\",\"name\",\"code\",\"createdAt\"],\"editRelations\":[],\"edit\":[[{\"name\":\"name\",\"size\":6},{\"name\":\"code\",\"size\":6}]]}}','object',NULL,NULL),(13,'plugin_upload_settings','{\"sizeOptimization\":true,\"responsiveDimensions\":true,\"autoOrientation\":false}','object',NULL,NULL),(14,'plugin_upload_metrics','{\"weeklySchedule\":\"16 0 15 * * 1\",\"lastWeeklyUpdate\":1667228416035}','object',NULL,NULL),(15,'plugin_users-permissions_grant','{\"email\":{\"enabled\":true,\"icon\":\"envelope\"},\"discord\":{\"enabled\":false,\"icon\":\"discord\",\"key\":\"\",\"secret\":\"\",\"callback\":\"api/auth/discord/callback\",\"scope\":[\"identify\",\"email\"]},\"facebook\":{\"enabled\":false,\"icon\":\"facebook-square\",\"key\":\"\",\"secret\":\"\",\"callback\":\"api/auth/facebook/callback\",\"scope\":[\"email\"]},\"google\":{\"enabled\":false,\"icon\":\"google\",\"key\":\"\",\"secret\":\"\",\"callback\":\"api/auth/google/callback\",\"scope\":[\"email\"]},\"github\":{\"enabled\":false,\"icon\":\"github\",\"key\":\"\",\"secret\":\"\",\"callback\":\"api/auth/github/callback\",\"scope\":[\"user\",\"user:email\"]},\"microsoft\":{\"enabled\":false,\"icon\":\"windows\",\"key\":\"\",\"secret\":\"\",\"callback\":\"api/auth/microsoft/callback\",\"scope\":[\"user.read\"]},\"twitter\":{\"enabled\":false,\"icon\":\"twitter\",\"key\":\"\",\"secret\":\"\",\"callback\":\"api/auth/twitter/callback\"},\"instagram\":{\"enabled\":false,\"icon\":\"instagram\",\"key\":\"\",\"secret\":\"\",\"callback\":\"api/auth/instagram/callback\",\"scope\":[\"user_profile\"]},\"vk\":{\"enabled\":false,\"icon\":\"vk\",\"key\":\"\",\"secret\":\"\",\"callback\":\"api/auth/vk/callback\",\"scope\":[\"email\"]},\"twitch\":{\"enabled\":false,\"icon\":\"twitch\",\"key\":\"\",\"secret\":\"\",\"callback\":\"api/auth/twitch/callback\",\"scope\":[\"user:read:email\"]},\"linkedin\":{\"enabled\":false,\"icon\":\"linkedin\",\"key\":\"\",\"secret\":\"\",\"callback\":\"api/auth/linkedin/callback\",\"scope\":[\"r_liteprofile\",\"r_emailaddress\"]},\"cognito\":{\"enabled\":false,\"icon\":\"aws\",\"key\":\"\",\"secret\":\"\",\"subdomain\":\"my.subdomain.com\",\"callback\":\"api/auth/cognito/callback\",\"scope\":[\"email\",\"openid\",\"profile\"]},\"reddit\":{\"enabled\":false,\"icon\":\"reddit\",\"key\":\"\",\"secret\":\"\",\"state\":true,\"callback\":\"api/auth/reddit/callback\",\"scope\":[\"identity\"]},\"auth0\":{\"enabled\":false,\"icon\":\"\",\"key\":\"\",\"secret\":\"\",\"subdomain\":\"my-tenant.eu\",\"callback\":\"api/auth/auth0/callback\",\"scope\":[\"openid\",\"email\",\"profile\"]},\"cas\":{\"enabled\":false,\"icon\":\"book\",\"key\":\"\",\"secret\":\"\",\"callback\":\"api/auth/cas/callback\",\"scope\":[\"openid email\"],\"subdomain\":\"my.subdomain.com/cas\"}}','object',NULL,NULL),(16,'plugin_users-permissions_email','{\"reset_password\":{\"display\":\"Email.template.reset_password\",\"icon\":\"sync\",\"options\":{\"from\":{\"name\":\"Administration Panel\",\"email\":\"no-reply@strapi.io\"},\"response_email\":\"\",\"object\":\"Reset password\",\"message\":\"<p>We heard that you lost your password. Sorry about that!</p>\\n\\n<p>But don’t worry! You can use the following link to reset your password:</p>\\n<p><%= URL %>?code=<%= TOKEN %></p>\\n\\n<p>Thanks.</p>\"}},\"email_confirmation\":{\"display\":\"Email.template.email_confirmation\",\"icon\":\"check-square\",\"options\":{\"from\":{\"name\":\"Administration Panel\",\"email\":\"no-reply@strapi.io\"},\"response_email\":\"\",\"object\":\"Account confirmation\",\"message\":\"<p>Thank you for registering!</p>\\n\\n<p>You have to confirm your email address. Please click on the link below.</p>\\n\\n<p><%= URL %>?confirmation=<%= CODE %></p>\\n\\n<p>Thanks.</p>\"}}}','object',NULL,NULL),(17,'plugin_users-permissions_advanced','{\"unique_email\":true,\"allow_register\":true,\"email_confirmation\":true,\"email_reset_password\":null,\"email_confirmation_redirection\":\"https://novamatter.solutions/email-confirm\",\"default_role\":\"authenticated\"}','object',NULL,NULL),(18,'plugin_i18n_default_locale','\"ro\"','string',NULL,NULL),(19,'core_admin_auth','{\"providers\":{\"autoRegister\":false,\"defaultRole\":null}}','object',NULL,NULL),(20,'plugin_content_manager_configuration_content_types::api::organization.organization','{\"uid\":\"api::organization.organization\",\"settings\":{\"bulkable\":true,\"filterable\":true,\"searchable\":true,\"pageSize\":10,\"mainField\":\"nume\",\"defaultSortBy\":\"nume\",\"defaultSortOrder\":\"ASC\"},\"metadatas\":{\"id\":{\"edit\":{},\"list\":{\"label\":\"id\",\"searchable\":true,\"sortable\":true}},\"nume\":{\"edit\":{\"label\":\"nume\",\"description\":\"\",\"placeholder\":\"\",\"visible\":true,\"editable\":true},\"list\":{\"label\":\"nume\",\"searchable\":true,\"sortable\":true}},\"icon\":{\"edit\":{\"label\":\"icon\",\"description\":\"\",\"placeholder\":\"\",\"visible\":true,\"editable\":true},\"list\":{\"label\":\"icon\",\"searchable\":false,\"sortable\":false}},\"articoles\":{\"edit\":{\"label\":\"articoles\",\"description\":\"\",\"placeholder\":\"\",\"visible\":true,\"editable\":true,\"mainField\":\"titlu\"},\"list\":{\"label\":\"articoles\",\"searchable\":false,\"sortable\":false}},\"createdAt\":{\"edit\":{\"label\":\"createdAt\",\"description\":\"\",\"placeholder\":\"\",\"visible\":false,\"editable\":true},\"list\":{\"label\":\"createdAt\",\"searchable\":true,\"sortable\":true}},\"updatedAt\":{\"edit\":{\"label\":\"updatedAt\",\"description\":\"\",\"placeholder\":\"\",\"visible\":false,\"editable\":true},\"list\":{\"label\":\"updatedAt\",\"searchable\":true,\"sortable\":true}}},\"layouts\":{\"list\":[\"id\",\"nume\",\"icon\",\"createdAt\"],\"edit\":[[{\"name\":\"nume\",\"size\":6},{\"name\":\"icon\",\"size\":6}]],\"editRelations\":[\"articoles\"]}}','object',NULL,NULL),(21,'plugin_content_manager_configuration_content_types::api::county.county','{\"uid\":\"api::county.county\",\"settings\":{\"bulkable\":true,\"filterable\":true,\"searchable\":true,\"pageSize\":10,\"mainField\":\"nume\",\"defaultSortBy\":\"nume\",\"defaultSortOrder\":\"ASC\"},\"metadatas\":{\"id\":{\"edit\":{},\"list\":{\"label\":\"id\",\"searchable\":true,\"sortable\":true}},\"nume\":{\"edit\":{\"label\":\"nume\",\"description\":\"\",\"placeholder\":\"\",\"visible\":true,\"editable\":true},\"list\":{\"label\":\"nume\",\"searchable\":true,\"sortable\":true}},\"abreviere\":{\"edit\":{\"label\":\"abreviere\",\"description\":\"\",\"placeholder\":\"\",\"visible\":true,\"editable\":true},\"list\":{\"label\":\"abreviere\",\"searchable\":true,\"sortable\":true}},\"d\":{\"edit\":{\"label\":\"d\",\"description\":\"\",\"placeholder\":\"\",\"visible\":true,\"editable\":true},\"list\":{\"label\":\"d\",\"searchable\":true,\"sortable\":true}},\"alerte\":{\"edit\":{\"label\":\"alerte\",\"description\":\"\",\"placeholder\":\"\",\"visible\":true,\"editable\":true,\"mainField\":\"titlu\"},\"list\":{\"label\":\"alerte\",\"searchable\":false,\"sortable\":false}},\"users\":{\"edit\":{\"label\":\"users\",\"description\":\"\",\"placeholder\":\"\",\"visible\":true,\"editable\":true,\"mainField\":\"username\"},\"list\":{\"label\":\"users\",\"searchable\":false,\"sortable\":false}},\"createdAt\":{\"edit\":{\"label\":\"createdAt\",\"description\":\"\",\"placeholder\":\"\",\"visible\":false,\"editable\":true},\"list\":{\"label\":\"createdAt\",\"searchable\":true,\"sortable\":true}},\"updatedAt\":{\"edit\":{\"label\":\"updatedAt\",\"description\":\"\",\"placeholder\":\"\",\"visible\":false,\"editable\":true},\"list\":{\"label\":\"updatedAt\",\"searchable\":true,\"sortable\":true}}},\"layouts\":{\"list\":[\"id\",\"nume\",\"abreviere\",\"d\"],\"edit\":[[{\"name\":\"nume\",\"size\":6},{\"name\":\"abreviere\",\"size\":6}],[{\"name\":\"d\",\"size\":6}]],\"editRelations\":[\"alerte\",\"users\"]}}','object',NULL,NULL),(22,'plugin_content_manager_configuration_content_types::api::alerts-code.alerts-code','{\"uid\":\"api::alerts-code.alerts-code\",\"settings\":{\"bulkable\":true,\"filterable\":true,\"searchable\":true,\"pageSize\":10,\"mainField\":\"nume\",\"defaultSortBy\":\"nume\",\"defaultSortOrder\":\"ASC\"},\"metadatas\":{\"id\":{\"edit\":{},\"list\":{\"label\":\"id\",\"searchable\":true,\"sortable\":true}},\"nume\":{\"edit\":{\"label\":\"nume\",\"description\":\"\",\"placeholder\":\"\",\"visible\":true,\"editable\":true},\"list\":{\"label\":\"nume\",\"searchable\":true,\"sortable\":true}},\"foto\":{\"edit\":{\"label\":\"foto\",\"description\":\"\",\"placeholder\":\"\",\"visible\":true,\"editable\":true},\"list\":{\"label\":\"foto\",\"searchable\":false,\"sortable\":false}},\"culoare\":{\"edit\":{\"label\":\"culoare\",\"description\":\"\",\"placeholder\":\"\",\"visible\":true,\"editable\":true},\"list\":{\"label\":\"culoare\",\"searchable\":true,\"sortable\":true}},\"createdAt\":{\"edit\":{\"label\":\"createdAt\",\"description\":\"\",\"placeholder\":\"\",\"visible\":false,\"editable\":true},\"list\":{\"label\":\"createdAt\",\"searchable\":true,\"sortable\":true}},\"updatedAt\":{\"edit\":{\"label\":\"updatedAt\",\"description\":\"\",\"placeholder\":\"\",\"visible\":false,\"editable\":true},\"list\":{\"label\":\"updatedAt\",\"searchable\":true,\"sortable\":true}}},\"layouts\":{\"list\":[\"id\",\"nume\",\"foto\",\"culoare\"],\"editRelations\":[],\"edit\":[[{\"name\":\"nume\",\"size\":6},{\"name\":\"foto\",\"size\":6}],[{\"name\":\"culoare\",\"size\":6}]]}}','object',NULL,NULL),(23,'plugin_content_manager_configuration_content_types::api::alert.alert','{\"uid\":\"api::alert.alert\",\"settings\":{\"bulkable\":true,\"filterable\":true,\"searchable\":true,\"pageSize\":10,\"mainField\":\"titlu\",\"defaultSortBy\":\"titlu\",\"defaultSortOrder\":\"ASC\"},\"metadatas\":{\"id\":{\"edit\":{},\"list\":{\"label\":\"id\",\"searchable\":true,\"sortable\":true}},\"start\":{\"edit\":{\"label\":\"start\",\"description\":\"\",\"placeholder\":\"\",\"visible\":true,\"editable\":true},\"list\":{\"label\":\"start\",\"searchable\":true,\"sortable\":true}},\"final\":{\"edit\":{\"label\":\"final\",\"description\":\"\",\"placeholder\":\"\",\"visible\":true,\"editable\":true},\"list\":{\"label\":\"final\",\"searchable\":true,\"sortable\":true}},\"titlu\":{\"edit\":{\"label\":\"titlu\",\"description\":\"\",\"placeholder\":\"\",\"visible\":true,\"editable\":true},\"list\":{\"label\":\"titlu\",\"searchable\":true,\"sortable\":true}},\"continut\":{\"edit\":{\"label\":\"continut\",\"description\":\"\",\"placeholder\":\"\",\"visible\":true,\"editable\":true},\"list\":{\"label\":\"continut\",\"searchable\":false,\"sortable\":false}},\"organizatie\":{\"edit\":{\"label\":\"organizatie\",\"description\":\"\",\"placeholder\":\"\",\"visible\":true,\"editable\":true,\"mainField\":\"nume\"},\"list\":{\"label\":\"organizatie\",\"searchable\":true,\"sortable\":true}},\"judete\":{\"edit\":{\"label\":\"judete\",\"description\":\"\",\"placeholder\":\"\",\"visible\":true,\"editable\":true,\"mainField\":\"nume\"},\"list\":{\"label\":\"judete\",\"searchable\":false,\"sortable\":false}},\"coduri_alerta\":{\"edit\":{\"label\":\"coduri_alerta\",\"description\":\"\",\"placeholder\":\"\",\"visible\":true,\"editable\":true,\"mainField\":\"nume\"},\"list\":{\"label\":\"coduri_alerta\",\"searchable\":true,\"sortable\":true}},\"users\":{\"edit\":{\"label\":\"users\",\"description\":\"\",\"placeholder\":\"\",\"visible\":true,\"editable\":true,\"mainField\":\"username\"},\"list\":{\"label\":\"users\",\"searchable\":false,\"sortable\":false}},\"createdAt\":{\"edit\":{\"label\":\"createdAt\",\"description\":\"\",\"placeholder\":\"\",\"visible\":false,\"editable\":true},\"list\":{\"label\":\"createdAt\",\"searchable\":true,\"sortable\":true}},\"updatedAt\":{\"edit\":{\"label\":\"updatedAt\",\"description\":\"\",\"placeholder\":\"\",\"visible\":false,\"editable\":true},\"list\":{\"label\":\"updatedAt\",\"searchable\":true,\"sortable\":true}}},\"layouts\":{\"edit\":[[{\"name\":\"titlu\",\"size\":6}],[{\"name\":\"start\",\"size\":6},{\"name\":\"final\",\"size\":6}],[{\"name\":\"continut\",\"size\":12}]],\"editRelations\":[\"organizatie\",\"judete\",\"coduri_alerta\",\"users\"],\"list\":[\"id\",\"start\",\"final\",\"titlu\"]}}','object',NULL,NULL),(24,'plugin_content_manager_configuration_content_types::api::article.article','{\"uid\":\"api::article.article\",\"settings\":{\"bulkable\":true,\"filterable\":true,\"searchable\":true,\"pageSize\":10,\"mainField\":\"titlu\",\"defaultSortBy\":\"titlu\",\"defaultSortOrder\":\"ASC\"},\"metadatas\":{\"id\":{\"edit\":{},\"list\":{\"label\":\"id\",\"searchable\":true,\"sortable\":true}},\"titlu\":{\"edit\":{\"label\":\"titlu\",\"description\":\"\",\"placeholder\":\"\",\"visible\":true,\"editable\":true},\"list\":{\"label\":\"titlu\",\"searchable\":true,\"sortable\":true}},\"continut\":{\"edit\":{\"label\":\"continut\",\"description\":\"\",\"placeholder\":\"\",\"visible\":true,\"editable\":true},\"list\":{\"label\":\"continut\",\"searchable\":false,\"sortable\":false}},\"foto\":{\"edit\":{\"label\":\"foto\",\"description\":\"\",\"placeholder\":\"\",\"visible\":true,\"editable\":true},\"list\":{\"label\":\"foto\",\"searchable\":false,\"sortable\":false}},\"organizaties\":{\"edit\":{\"label\":\"organizaties\",\"description\":\"\",\"placeholder\":\"\",\"visible\":true,\"editable\":true,\"mainField\":\"nume\"},\"list\":{\"label\":\"organizaties\",\"searchable\":true,\"sortable\":true}},\"createdAt\":{\"edit\":{\"label\":\"createdAt\",\"description\":\"\",\"placeholder\":\"\",\"visible\":false,\"editable\":true},\"list\":{\"label\":\"createdAt\",\"searchable\":true,\"sortable\":true}},\"updatedAt\":{\"edit\":{\"label\":\"updatedAt\",\"description\":\"\",\"placeholder\":\"\",\"visible\":false,\"editable\":true},\"list\":{\"label\":\"updatedAt\",\"searchable\":true,\"sortable\":true}}},\"layouts\":{\"list\":[\"id\",\"titlu\",\"foto\",\"organizaties\"],\"edit\":[[{\"name\":\"titlu\",\"size\":6}],[{\"name\":\"continut\",\"size\":12}],[{\"name\":\"foto\",\"size\":6}]],\"editRelations\":[\"organizaties\"]}}','object',NULL,NULL),(25,'plugin_content_manager_configuration_content_types::api::courses-category.courses-category','{\"uid\":\"api::courses-category.courses-category\",\"settings\":{\"bulkable\":true,\"filterable\":true,\"searchable\":true,\"pageSize\":10,\"mainField\":\"nume\",\"defaultSortBy\":\"nume\",\"defaultSortOrder\":\"ASC\"},\"metadatas\":{\"id\":{\"edit\":{},\"list\":{\"label\":\"id\",\"searchable\":true,\"sortable\":true}},\"nume\":{\"edit\":{\"label\":\"nume\",\"description\":\"\",\"placeholder\":\"\",\"visible\":true,\"editable\":true},\"list\":{\"label\":\"nume\",\"searchable\":true,\"sortable\":true}},\"curs\":{\"edit\":{\"label\":\"curs\",\"description\":\"\",\"placeholder\":\"\",\"visible\":true,\"editable\":true,\"mainField\":\"titlu\"},\"list\":{\"label\":\"curs\",\"searchable\":false,\"sortable\":false}},\"createdAt\":{\"edit\":{\"label\":\"createdAt\",\"description\":\"\",\"placeholder\":\"\",\"visible\":false,\"editable\":true},\"list\":{\"label\":\"createdAt\",\"searchable\":true,\"sortable\":true}},\"updatedAt\":{\"edit\":{\"label\":\"updatedAt\",\"description\":\"\",\"placeholder\":\"\",\"visible\":false,\"editable\":true},\"list\":{\"label\":\"updatedAt\",\"searchable\":true,\"sortable\":true}}},\"layouts\":{\"list\":[\"id\",\"nume\",\"createdAt\",\"updatedAt\"],\"edit\":[[{\"name\":\"nume\",\"size\":6}]],\"editRelations\":[\"curs\"]}}','object',NULL,NULL),(26,'plugin_content_manager_configuration_content_types::api::ip-category.ip-category','{\"uid\":\"api::ip-category.ip-category\",\"settings\":{\"bulkable\":true,\"filterable\":true,\"searchable\":true,\"pageSize\":10,\"mainField\":\"nume\",\"defaultSortBy\":\"nume\",\"defaultSortOrder\":\"ASC\"},\"metadatas\":{\"id\":{\"edit\":{},\"list\":{\"label\":\"id\",\"searchable\":true,\"sortable\":true}},\"nume\":{\"edit\":{\"label\":\"nume\",\"description\":\"\",\"placeholder\":\"\",\"visible\":true,\"editable\":true},\"list\":{\"label\":\"nume\",\"searchable\":true,\"sortable\":true}},\"interest_points\":{\"edit\":{\"label\":\"interest_points\",\"description\":\"\",\"placeholder\":\"\",\"visible\":true,\"editable\":true,\"mainField\":\"titlu\"},\"list\":{\"label\":\"interest_points\",\"searchable\":false,\"sortable\":false}},\"createdAt\":{\"edit\":{\"label\":\"createdAt\",\"description\":\"\",\"placeholder\":\"\",\"visible\":false,\"editable\":true},\"list\":{\"label\":\"createdAt\",\"searchable\":true,\"sortable\":true}},\"updatedAt\":{\"edit\":{\"label\":\"updatedAt\",\"description\":\"\",\"placeholder\":\"\",\"visible\":false,\"editable\":true},\"list\":{\"label\":\"updatedAt\",\"searchable\":true,\"sortable\":true}}},\"layouts\":{\"list\":[\"id\",\"nume\",\"createdAt\",\"updatedAt\"],\"edit\":[[{\"name\":\"nume\",\"size\":6}]],\"editRelations\":[\"interest_points\"]}}','object',NULL,NULL),(27,'plugin_content_manager_configuration_content_types::api::course.course','{\"uid\":\"api::course.course\",\"settings\":{\"bulkable\":true,\"filterable\":true,\"searchable\":true,\"pageSize\":10,\"mainField\":\"titlu\",\"defaultSortBy\":\"titlu\",\"defaultSortOrder\":\"ASC\"},\"metadatas\":{\"id\":{\"edit\":{},\"list\":{\"label\":\"id\",\"searchable\":true,\"sortable\":true}},\"titlu\":{\"edit\":{\"label\":\"titlu\",\"description\":\"\",\"placeholder\":\"\",\"visible\":true,\"editable\":true},\"list\":{\"label\":\"titlu\",\"searchable\":true,\"sortable\":true}},\"continut\":{\"edit\":{\"label\":\"continut\",\"description\":\"\",\"placeholder\":\"\",\"visible\":true,\"editable\":true},\"list\":{\"label\":\"continut\",\"searchable\":false,\"sortable\":false}},\"url_youtube\":{\"edit\":{\"label\":\"url_youtube\",\"description\":\"\",\"placeholder\":\"\",\"visible\":true,\"editable\":true},\"list\":{\"label\":\"url_youtube\",\"searchable\":true,\"sortable\":true}},\"categorie_cursuri\":{\"edit\":{\"label\":\"categorie_cursuri\",\"description\":\"\",\"placeholder\":\"\",\"visible\":true,\"editable\":true,\"mainField\":\"nume\"},\"list\":{\"label\":\"categorie_cursuri\",\"searchable\":true,\"sortable\":true}},\"imagine_previzualizare\":{\"edit\":{\"label\":\"imagine_previzualizare\",\"description\":\"\",\"placeholder\":\"\",\"visible\":true,\"editable\":true},\"list\":{\"label\":\"imagine_previzualizare\",\"searchable\":false,\"sortable\":false}},\"createdAt\":{\"edit\":{\"label\":\"createdAt\",\"description\":\"\",\"placeholder\":\"\",\"visible\":false,\"editable\":true},\"list\":{\"label\":\"createdAt\",\"searchable\":true,\"sortable\":true}},\"updatedAt\":{\"edit\":{\"label\":\"updatedAt\",\"description\":\"\",\"placeholder\":\"\",\"visible\":false,\"editable\":true},\"list\":{\"label\":\"updatedAt\",\"searchable\":true,\"sortable\":true}}},\"layouts\":{\"list\":[\"id\",\"titlu\",\"url_youtube\",\"categorie_cursuri\"],\"editRelations\":[\"categorie_cursuri\"],\"edit\":[[{\"name\":\"titlu\",\"size\":6}],[{\"name\":\"continut\",\"size\":12}],[{\"name\":\"url_youtube\",\"size\":6},{\"name\":\"imagine_previzualizare\",\"size\":6}]]}}','object',NULL,NULL),(28,'plugin_content_manager_configuration_content_types::api::link.link','{\"uid\":\"api::link.link\",\"settings\":{\"bulkable\":true,\"filterable\":true,\"searchable\":true,\"pageSize\":10,\"mainField\":\"titlu\",\"defaultSortBy\":\"titlu\",\"defaultSortOrder\":\"ASC\"},\"metadatas\":{\"id\":{\"edit\":{},\"list\":{\"label\":\"id\",\"searchable\":true,\"sortable\":true}},\"titlu\":{\"edit\":{\"label\":\"titlu\",\"description\":\"\",\"placeholder\":\"\",\"visible\":true,\"editable\":true},\"list\":{\"label\":\"titlu\",\"searchable\":true,\"sortable\":true}},\"url\":{\"edit\":{\"label\":\"url\",\"description\":\"\",\"placeholder\":\"\",\"visible\":true,\"editable\":true},\"list\":{\"label\":\"url\",\"searchable\":true,\"sortable\":true}},\"createdAt\":{\"edit\":{\"label\":\"createdAt\",\"description\":\"\",\"placeholder\":\"\",\"visible\":false,\"editable\":true},\"list\":{\"label\":\"createdAt\",\"searchable\":true,\"sortable\":true}},\"updatedAt\":{\"edit\":{\"label\":\"updatedAt\",\"description\":\"\",\"placeholder\":\"\",\"visible\":false,\"editable\":true},\"list\":{\"label\":\"updatedAt\",\"searchable\":true,\"sortable\":true}}},\"layouts\":{\"list\":[\"id\",\"titlu\",\"url\",\"createdAt\"],\"editRelations\":[],\"edit\":[[{\"name\":\"titlu\",\"size\":6},{\"name\":\"url\",\"size\":6}]]}}','object',NULL,NULL),(29,'plugin_content_manager_configuration_content_types::api::pozition.pozition','{\"uid\":\"api::pozition.pozition\",\"settings\":{\"bulkable\":true,\"filterable\":true,\"searchable\":true,\"pageSize\":10,\"mainField\":\"nume\",\"defaultSortBy\":\"nume\",\"defaultSortOrder\":\"ASC\"},\"metadatas\":{\"id\":{\"edit\":{},\"list\":{\"label\":\"id\",\"searchable\":true,\"sortable\":true}},\"nume\":{\"edit\":{\"label\":\"nume\",\"description\":\"\",\"placeholder\":\"\",\"visible\":true,\"editable\":true},\"list\":{\"label\":\"nume\",\"searchable\":true,\"sortable\":true}},\"utilizatori\":{\"edit\":{\"label\":\"utilizatori\",\"description\":\"\",\"placeholder\":\"\",\"visible\":true,\"editable\":true,\"mainField\":\"firstname\"},\"list\":{\"label\":\"utilizatori\",\"searchable\":false,\"sortable\":false}},\"createdAt\":{\"edit\":{\"label\":\"createdAt\",\"description\":\"\",\"placeholder\":\"\",\"visible\":false,\"editable\":true},\"list\":{\"label\":\"createdAt\",\"searchable\":true,\"sortable\":true}},\"updatedAt\":{\"edit\":{\"label\":\"updatedAt\",\"description\":\"\",\"placeholder\":\"\",\"visible\":false,\"editable\":true},\"list\":{\"label\":\"updatedAt\",\"searchable\":true,\"sortable\":true}}},\"layouts\":{\"list\":[\"id\",\"nume\",\"utilizatori\",\"createdAt\"],\"editRelations\":[\"utilizatori\"],\"edit\":[[{\"name\":\"nume\",\"size\":6}]]}}','object',NULL,NULL),(30,'plugin_content_manager_configuration_content_types::api::ip-point.ip-point','{\"uid\":\"api::ip-point.ip-point\",\"settings\":{\"bulkable\":true,\"filterable\":true,\"searchable\":true,\"pageSize\":10,\"mainField\":\"titlu\",\"defaultSortBy\":\"titlu\",\"defaultSortOrder\":\"ASC\"},\"metadatas\":{\"id\":{\"edit\":{},\"list\":{\"label\":\"id\",\"searchable\":true,\"sortable\":true}},\"titlu\":{\"edit\":{\"label\":\"titlu\",\"description\":\"\",\"placeholder\":\"\",\"visible\":true,\"editable\":true},\"list\":{\"label\":\"titlu\",\"searchable\":true,\"sortable\":true}},\"adresa\":{\"edit\":{\"label\":\"adresa\",\"description\":\"\",\"placeholder\":\"\",\"visible\":true,\"editable\":true},\"list\":{\"label\":\"adresa\",\"searchable\":true,\"sortable\":true}},\"numar_telefon\":{\"edit\":{\"label\":\"numar_telefon\",\"description\":\"\",\"placeholder\":\"\",\"visible\":true,\"editable\":true},\"list\":{\"label\":\"numar_telefon\",\"searchable\":true,\"sortable\":true}},\"website\":{\"edit\":{\"label\":\"website\",\"description\":\"\",\"placeholder\":\"\",\"visible\":true,\"editable\":true},\"list\":{\"label\":\"website\",\"searchable\":true,\"sortable\":true}},\"latitudine\":{\"edit\":{\"label\":\"latitudine\",\"description\":\"\",\"placeholder\":\"\",\"visible\":true,\"editable\":true},\"list\":{\"label\":\"latitudine\",\"searchable\":true,\"sortable\":true}},\"longitudine\":{\"edit\":{\"label\":\"longitudine\",\"description\":\"\",\"placeholder\":\"\",\"visible\":true,\"editable\":true},\"list\":{\"label\":\"longitudine\",\"searchable\":true,\"sortable\":true}},\"ip_category\":{\"edit\":{\"label\":\"ip_category\",\"description\":\"\",\"placeholder\":\"\",\"visible\":true,\"editable\":true,\"mainField\":\"nume\"},\"list\":{\"label\":\"ip_category\",\"searchable\":true,\"sortable\":true}},\"createdAt\":{\"edit\":{\"label\":\"createdAt\",\"description\":\"\",\"placeholder\":\"\",\"visible\":false,\"editable\":true},\"list\":{\"label\":\"createdAt\",\"searchable\":true,\"sortable\":true}},\"updatedAt\":{\"edit\":{\"label\":\"updatedAt\",\"description\":\"\",\"placeholder\":\"\",\"visible\":false,\"editable\":true},\"list\":{\"label\":\"updatedAt\",\"searchable\":true,\"sortable\":true}}},\"layouts\":{\"edit\":[[{\"name\":\"titlu\",\"size\":6},{\"name\":\"adresa\",\"size\":6}],[{\"name\":\"numar_telefon\",\"size\":6},{\"name\":\"website\",\"size\":6}],[{\"name\":\"latitudine\",\"size\":6},{\"name\":\"longitudine\",\"size\":6}]],\"editRelations\":[\"ip_category\"],\"list\":[\"id\",\"titlu\",\"adresa\",\"numar_telefon\",\"ip_category\"]}}','object',NULL,NULL),(31,'plugin_content_manager_configuration_content_types::api::reporting.reporting','{\"uid\":\"api::reporting.reporting\",\"settings\":{\"bulkable\":true,\"filterable\":true,\"searchable\":true,\"pageSize\":10,\"mainField\":\"id\",\"defaultSortBy\":\"id\",\"defaultSortOrder\":\"ASC\"},\"metadatas\":{\"id\":{\"edit\":{},\"list\":{\"label\":\"id\",\"searchable\":true,\"sortable\":true}},\"data\":{\"edit\":{\"label\":\"data\",\"description\":\"\",\"placeholder\":\"\",\"visible\":true,\"editable\":false},\"list\":{\"label\":\"data\",\"searchable\":true,\"sortable\":true}},\"upload\":{\"edit\":{\"label\":\"upload\",\"description\":\"\",\"placeholder\":\"\",\"visible\":true,\"editable\":false},\"list\":{\"label\":\"upload\",\"searchable\":false,\"sortable\":false}},\"descriere\":{\"edit\":{\"label\":\"descriere\",\"description\":\"\",\"placeholder\":\"\",\"visible\":true,\"editable\":false},\"list\":{\"label\":\"descriere\",\"searchable\":true,\"sortable\":true}},\"uploader\":{\"edit\":{\"label\":\"uploader\",\"description\":\"\",\"placeholder\":\"\",\"visible\":true,\"editable\":false,\"mainField\":\"username\"},\"list\":{\"label\":\"uploader\",\"searchable\":true,\"sortable\":true}},\"status\":{\"edit\":{\"label\":\"status\",\"description\":\"\",\"placeholder\":\"\",\"visible\":true,\"editable\":true},\"list\":{\"label\":\"status\",\"searchable\":true,\"sortable\":true}},\"createdAt\":{\"edit\":{\"label\":\"createdAt\",\"description\":\"\",\"placeholder\":\"\",\"visible\":false,\"editable\":true},\"list\":{\"label\":\"createdAt\",\"searchable\":true,\"sortable\":true}},\"updatedAt\":{\"edit\":{\"label\":\"updatedAt\",\"description\":\"\",\"placeholder\":\"\",\"visible\":false,\"editable\":true},\"list\":{\"label\":\"updatedAt\",\"searchable\":true,\"sortable\":true}}},\"layouts\":{\"edit\":[[{\"name\":\"data\",\"size\":6},{\"name\":\"status\",\"size\":6}],[{\"name\":\"upload\",\"size\":6},{\"name\":\"descriere\",\"size\":6}]],\"editRelations\":[\"uploader\"],\"list\":[\"id\",\"data\",\"upload\",\"descriere\"]}}','object',NULL,NULL),(32,'plugin_content_manager_configuration_content_types::api::unreg-user.unreg-user','{\"uid\":\"api::unreg-user.unreg-user\",\"settings\":{\"bulkable\":true,\"filterable\":true,\"searchable\":true,\"pageSize\":10,\"mainField\":\"firebase_token\",\"defaultSortBy\":\"firebase_token\",\"defaultSortOrder\":\"ASC\"},\"metadatas\":{\"id\":{\"edit\":{},\"list\":{\"label\":\"id\",\"searchable\":true,\"sortable\":true}},\"firebase_token\":{\"edit\":{\"label\":\"firebase_token\",\"description\":\"\",\"placeholder\":\"\",\"visible\":true,\"editable\":true},\"list\":{\"label\":\"firebase_token\",\"searchable\":true,\"sortable\":true}},\"createdAt\":{\"edit\":{\"label\":\"createdAt\",\"description\":\"\",\"placeholder\":\"\",\"visible\":false,\"editable\":true},\"list\":{\"label\":\"createdAt\",\"searchable\":true,\"sortable\":true}},\"updatedAt\":{\"edit\":{\"label\":\"updatedAt\",\"description\":\"\",\"placeholder\":\"\",\"visible\":false,\"editable\":true},\"list\":{\"label\":\"updatedAt\",\"searchable\":true,\"sortable\":true}}},\"layouts\":{\"list\":[\"id\",\"firebase_token\",\"createdAt\",\"updatedAt\"],\"editRelations\":[],\"edit\":[[{\"name\":\"firebase_token\",\"size\":6}]]}}','object',NULL,NULL),(33,'plugin_content_manager_configuration_content_types::api::audit.audit','{\"uid\":\"api::audit.audit\",\"settings\":{\"bulkable\":true,\"filterable\":true,\"searchable\":true,\"pageSize\":10,\"mainField\":\"action\",\"defaultSortBy\":\"action\",\"defaultSortOrder\":\"ASC\"},\"metadatas\":{\"id\":{\"edit\":{},\"list\":{\"label\":\"id\",\"searchable\":true,\"sortable\":true}},\"action\":{\"edit\":{\"label\":\"action\",\"description\":\"\",\"placeholder\":\"\",\"visible\":true,\"editable\":true},\"list\":{\"label\":\"action\",\"searchable\":true,\"sortable\":true}},\"admin_user\":{\"edit\":{\"label\":\"admin_user\",\"description\":\"\",\"placeholder\":\"\",\"visible\":true,\"editable\":true,\"mainField\":\"firstname\"},\"list\":{\"label\":\"admin_user\",\"searchable\":true,\"sortable\":true}},\"ora\":{\"edit\":{\"label\":\"ora\",\"description\":\"\",\"placeholder\":\"\",\"visible\":true,\"editable\":true},\"list\":{\"label\":\"ora\",\"searchable\":true,\"sortable\":true}},\"createdAt\":{\"edit\":{\"label\":\"createdAt\",\"description\":\"\",\"placeholder\":\"\",\"visible\":false,\"editable\":true},\"list\":{\"label\":\"createdAt\",\"searchable\":true,\"sortable\":true}},\"updatedAt\":{\"edit\":{\"label\":\"updatedAt\",\"description\":\"\",\"placeholder\":\"\",\"visible\":false,\"editable\":true},\"list\":{\"label\":\"updatedAt\",\"searchable\":true,\"sortable\":true}}},\"layouts\":{\"list\":[\"id\",\"action\",\"admin_user\",\"ora\"],\"editRelations\":[\"admin_user\"],\"edit\":[[{\"name\":\"action\",\"size\":6},{\"name\":\"ora\",\"size\":6}]]}}','object',NULL,NULL),(34,'plugin_content_manager_configuration_content_types::api::privacy-policy.privacy-policy','{\"uid\":\"api::privacy-policy.privacy-policy\",\"settings\":{\"bulkable\":true,\"filterable\":true,\"searchable\":true,\"pageSize\":10,\"mainField\":\"id\",\"defaultSortBy\":\"id\",\"defaultSortOrder\":\"ASC\"},\"metadatas\":{\"id\":{\"edit\":{},\"list\":{\"label\":\"id\",\"searchable\":true,\"sortable\":true}},\"continut\":{\"edit\":{\"label\":\"continut\",\"description\":\"\",\"placeholder\":\"\",\"visible\":true,\"editable\":true},\"list\":{\"label\":\"continut\",\"searchable\":false,\"sortable\":false}},\"createdAt\":{\"edit\":{\"label\":\"createdAt\",\"description\":\"\",\"placeholder\":\"\",\"visible\":false,\"editable\":true},\"list\":{\"label\":\"createdAt\",\"searchable\":true,\"sortable\":true}},\"updatedAt\":{\"edit\":{\"label\":\"updatedAt\",\"description\":\"\",\"placeholder\":\"\",\"visible\":false,\"editable\":true},\"list\":{\"label\":\"updatedAt\",\"searchable\":true,\"sortable\":true}}},\"layouts\":{\"list\":[\"id\",\"createdAt\",\"updatedAt\"],\"editRelations\":[],\"edit\":[[{\"name\":\"continut\",\"size\":12}]]}}','object',NULL,NULL),(35,'plugin_content_manager_configuration_content_types::api::tnc.tnc','{\"uid\":\"api::tnc.tnc\",\"settings\":{\"bulkable\":true,\"filterable\":true,\"searchable\":true,\"pageSize\":10,\"mainField\":\"id\",\"defaultSortBy\":\"id\",\"defaultSortOrder\":\"ASC\"},\"metadatas\":{\"id\":{\"edit\":{},\"list\":{\"label\":\"id\",\"searchable\":true,\"sortable\":true}},\"continut\":{\"edit\":{\"label\":\"continut\",\"description\":\"\",\"placeholder\":\"\",\"visible\":true,\"editable\":true},\"list\":{\"label\":\"continut\",\"searchable\":false,\"sortable\":false}},\"createdAt\":{\"edit\":{\"label\":\"createdAt\",\"description\":\"\",\"placeholder\":\"\",\"visible\":false,\"editable\":true},\"list\":{\"label\":\"createdAt\",\"searchable\":true,\"sortable\":true}},\"updatedAt\":{\"edit\":{\"label\":\"updatedAt\",\"description\":\"\",\"placeholder\":\"\",\"visible\":false,\"editable\":true},\"list\":{\"label\":\"updatedAt\",\"searchable\":true,\"sortable\":true}}},\"layouts\":{\"list\":[\"id\",\"createdAt\",\"updatedAt\"],\"editRelations\":[],\"edit\":[[{\"name\":\"continut\",\"size\":12}]]}}','object',NULL,NULL),(36,'plugin_content_manager_configuration_content_types::api::caravana-dsu.caravana-dsu','{\"uid\":\"api::caravana-dsu.caravana-dsu\",\"settings\":{\"bulkable\":true,\"filterable\":true,\"searchable\":true,\"pageSize\":10,\"mainField\":\"id\",\"defaultSortBy\":\"id\",\"defaultSortOrder\":\"ASC\"},\"metadatas\":{\"id\":{\"edit\":{},\"list\":{\"label\":\"id\",\"searchable\":true,\"sortable\":true}},\"continut\":{\"edit\":{\"label\":\"continut\",\"description\":\"\",\"placeholder\":\"\",\"visible\":true,\"editable\":true},\"list\":{\"label\":\"continut\",\"searchable\":false,\"sortable\":false}},\"createdAt\":{\"edit\":{\"label\":\"createdAt\",\"description\":\"\",\"placeholder\":\"\",\"visible\":false,\"editable\":true},\"list\":{\"label\":\"createdAt\",\"searchable\":true,\"sortable\":true}},\"updatedAt\":{\"edit\":{\"label\":\"updatedAt\",\"description\":\"\",\"placeholder\":\"\",\"visible\":false,\"editable\":true},\"list\":{\"label\":\"updatedAt\",\"searchable\":true,\"sortable\":true}}},\"layouts\":{\"list\":[\"id\",\"createdAt\",\"updatedAt\"],\"editRelations\":[],\"edit\":[[{\"name\":\"continut\",\"size\":12}]]}}','object',NULL,NULL),(37,'plugin_upload_api-folder','{\"id\":1}','object',NULL,NULL);
/*!40000 ALTER TABLE `strapi_core_store_settings` ENABLE KEYS */;
UNLOCK TABLES;

--
-- Table structure for table `strapi_database_schema`
--

DROP TABLE IF EXISTS `strapi_database_schema`;
/*!40101 SET @saved_cs_client     = @@character_set_client */;
/*!50503 SET character_set_client = utf8mb4 */;
CREATE TABLE `strapi_database_schema` (
  `id` int(10) unsigned NOT NULL AUTO_INCREMENT,
  `schema` json DEFAULT NULL,
  `time` datetime DEFAULT NULL,
  `hash` varchar(255) DEFAULT NULL,
  PRIMARY KEY (`id`)
) ENGINE=InnoDB AUTO_INCREMENT=24 DEFAULT CHARSET=utf8;
/*!40101 SET character_set_client = @saved_cs_client */;

--
-- Dumping data for table `strapi_database_schema`
--

LOCK TABLES `strapi_database_schema` WRITE;
/*!40000 ALTER TABLE `strapi_database_schema` DISABLE KEYS */;
INSERT INTO `strapi_database_schema` VALUES (23,'{\"tables\": [{\"name\": \"strapi_core_store_settings\", \"columns\": [{\"args\": [{\"primary\": true, \"primaryKey\": true}], \"name\": \"id\", \"type\": \"increments\", \"unsigned\": false, \"defaultTo\": null, \"notNullable\": true}, {\"args\": [], \"name\": \"key\", \"type\": \"string\", \"unsigned\": false, \"defaultTo\": null, \"notNullable\": false}, {\"args\": [\"longtext\"], \"name\": \"value\", \"type\": \"text\", \"unsigned\": false, \"defaultTo\": null, \"notNullable\": false}, {\"args\": [], \"name\": \"type\", \"type\": \"string\", \"unsigned\": false, \"defaultTo\": null, \"notNullable\": false}, {\"args\": [], \"name\": \"environment\", \"type\": \"string\", \"unsigned\": false, \"defaultTo\": null, \"notNullable\": false}, {\"args\": [], \"name\": \"tag\", \"type\": \"string\", \"unsigned\": false, \"defaultTo\": null, \"notNullable\": false}], \"indexes\": [], \"foreignKeys\": []}, {\"name\": \"strapi_webhooks\", \"columns\": [{\"args\": [{\"primary\": true, \"primaryKey\": true}], \"name\": \"id\", \"type\": \"increments\", \"unsigned\": false, \"defaultTo\": null, \"notNullable\": true}, {\"args\": [], \"name\": \"name\", \"type\": \"string\", \"unsigned\": false, \"defaultTo\": null, \"notNullable\": false}, {\"args\": [\"longtext\"], \"name\": \"url\", \"type\": \"text\", \"unsigned\": false, \"defaultTo\": null, \"notNullable\": false}, {\"args\": [], \"name\": \"headers\", \"type\": \"jsonb\", \"unsigned\": false, \"defaultTo\": null, \"notNullable\": false}, {\"args\": [], \"name\": \"events\", \"type\": \"jsonb\", \"unsigned\": false, \"defaultTo\": null, \"notNullable\": false}, {\"args\": [], \"name\": \"enabled\", \"type\": \"boolean\", \"unsigned\": false, \"defaultTo\": null, \"notNullable\": false}], \"indexes\": [], \"foreignKeys\": []}, {\"name\": \"admin_permissions\", \"columns\": [{\"args\": [{\"primary\": true, \"primaryKey\": true}], \"name\": \"id\", \"type\": \"increments\", \"unsigned\": false, \"defaultTo\": null, \"notNullable\": true}, {\"args\": [], \"name\": \"action\", \"type\": \"string\", \"unsigned\": false, \"defaultTo\": null, \"notNullable\": false}, {\"args\": [], \"name\": \"subject\", \"type\": \"string\", \"unsigned\": false, \"defaultTo\": null, \"notNullable\": false}, {\"args\": [], \"name\": \"properties\", \"type\": \"jsonb\", \"unsigned\": false, \"defaultTo\": null, \"notNullable\": false}, {\"args\": [], \"name\": \"conditions\", \"type\": \"jsonb\", \"unsigned\": false, \"defaultTo\": null, \"notNullable\": false}, {\"args\": [{\"useTz\": false, \"precision\": 6}], \"name\": \"created_at\", \"type\": \"datetime\", \"unsigned\": false, \"defaultTo\": null, \"notNullable\": false}, {\"args\": [{\"useTz\": false, \"precision\": 6}], \"name\": \"updated_at\", \"type\": \"datetime\", \"unsigned\": false, \"defaultTo\": null, \"notNullable\": false}, {\"args\": [], \"name\": \"created_by_id\", \"type\": \"integer\", \"unsigned\": true, \"defaultTo\": null, \"notNullable\": false}, {\"args\": [], \"name\": \"updated_by_id\", \"type\": \"integer\", \"unsigned\": true, \"defaultTo\": null, \"notNullable\": false}], \"indexes\": [{\"name\": \"admin_permissions_created_by_id_fk\", \"columns\": [\"created_by_id\"]}, {\"name\": \"admin_permissions_updated_by_id_fk\", \"columns\": [\"updated_by_id\"]}], \"foreignKeys\": [{\"name\": \"admin_permissions_created_by_id_fk\", \"columns\": [\"created_by_id\"], \"onDelete\": \"SET NULL\", \"referencedTable\": \"admin_users\", \"referencedColumns\": [\"id\"]}, {\"name\": \"admin_permissions_updated_by_id_fk\", \"columns\": [\"updated_by_id\"], \"onDelete\": \"SET NULL\", \"referencedTable\": \"admin_users\", \"referencedColumns\": [\"id\"]}]}, {\"name\": \"admin_users\", \"columns\": [{\"args\": [{\"primary\": true, \"primaryKey\": true}], \"name\": \"id\", \"type\": \"increments\", \"unsigned\": false, \"defaultTo\": null, \"notNullable\": true}, {\"args\": [], \"name\": \"firstname\", \"type\": \"string\", \"unsigned\": false, \"defaultTo\": null, \"notNullable\": false}, {\"args\": [], \"name\": \"lastname\", \"type\": \"string\", \"unsigned\": false, \"defaultTo\": null, \"notNullable\": false}, {\"args\": [], \"name\": \"username\", \"type\": \"string\", \"unsigned\": false, \"defaultTo\": null, \"notNullable\": false}, {\"args\": [], \"name\": \"email\", \"type\": \"string\", \"unsigned\": false, \"defaultTo\": null, \"notNullable\": false}, {\"args\": [], \"name\": \"password\", \"type\": \"string\", \"unsigned\": false, \"defaultTo\": null, \"notNullable\": false}, {\"args\": [], \"name\": \"reset_password_token\", \"type\": \"string\", \"unsigned\": false, \"defaultTo\": null, \"notNullable\": false}, {\"args\": [], \"name\": \"registration_token\", \"type\": \"string\", \"unsigned\": false, \"defaultTo\": null, \"notNullable\": false}, {\"args\": [], \"name\": \"is_active\", \"type\": \"boolean\", \"unsigned\": false, \"defaultTo\": null, \"notNullable\": false}, {\"args\": [], \"name\": \"blocked\", \"type\": \"boolean\", \"unsigned\": false, \"defaultTo\": null, \"notNullable\": false}, {\"args\": [], \"name\": \"prefered_language\", \"type\": \"string\", \"unsigned\": false, \"defaultTo\": null, \"notNullable\": false}, {\"args\": [{\"useTz\": false, \"precision\": 6}], \"name\": \"created_at\", \"type\": \"datetime\", \"unsigned\": false, \"defaultTo\": null, \"notNullable\": false}, {\"args\": [{\"useTz\": false, \"precision\": 6}], \"name\": \"updated_at\", \"type\": \"datetime\", \"unsigned\": false, \"defaultTo\": null, \"notNullable\": false}, {\"args\": [], \"name\": \"created_by_id\", \"type\": \"integer\", \"unsigned\": true, \"defaultTo\": null, \"notNullable\": false}, {\"args\": [], \"name\": \"updated_by_id\", \"type\": \"integer\", \"unsigned\": true, \"defaultTo\": null, \"notNullable\": false}], \"indexes\": [{\"name\": \"admin_users_created_by_id_fk\", \"columns\": [\"created_by_id\"]}, {\"name\": \"admin_users_updated_by_id_fk\", \"columns\": [\"updated_by_id\"]}], \"foreignKeys\": [{\"name\": \"admin_users_created_by_id_fk\", \"columns\": [\"created_by_id\"], \"onDelete\": \"SET NULL\", \"referencedTable\": \"admin_users\", \"referencedColumns\": [\"id\"]}, {\"name\": \"admin_users_updated_by_id_fk\", \"columns\": [\"updated_by_id\"], \"onDelete\": \"SET NULL\", \"referencedTable\": \"admin_users\", \"referencedColumns\": [\"id\"]}]}, {\"name\": \"admin_roles\", \"columns\": [{\"args\": [{\"primary\": true, \"primaryKey\": true}], \"name\": \"id\", \"type\": \"increments\", \"unsigned\": false, \"defaultTo\": null, \"notNullable\": true}, {\"args\": [], \"name\": \"name\", \"type\": \"string\", \"unsigned\": false, \"defaultTo\": null, \"notNullable\": false}, {\"args\": [], \"name\": \"code\", \"type\": \"string\", \"unsigned\": false, \"defaultTo\": null, \"notNullable\": false}, {\"args\": [], \"name\": \"description\", \"type\": \"string\", \"unsigned\": false, \"defaultTo\": null, \"notNullable\": false}, {\"args\": [{\"useTz\": false, \"precision\": 6}], \"name\": \"created_at\", \"type\": \"datetime\", \"unsigned\": false, \"defaultTo\": null, \"notNullable\": false}, {\"args\": [{\"useTz\": false, \"precision\": 6}], \"name\": \"updated_at\", \"type\": \"datetime\", \"unsigned\": false, \"defaultTo\": null, \"notNullable\": false}, {\"args\": [], \"name\": \"created_by_id\", \"type\": \"integer\", \"unsigned\": true, \"defaultTo\": null, \"notNullable\": false}, {\"args\": [], \"name\": \"updated_by_id\", \"type\": \"integer\", \"unsigned\": true, \"defaultTo\": null, \"notNullable\": false}], \"indexes\": [{\"name\": \"admin_roles_created_by_id_fk\", \"columns\": [\"created_by_id\"]}, {\"name\": \"admin_roles_updated_by_id_fk\", \"columns\": [\"updated_by_id\"]}], \"foreignKeys\": [{\"name\": \"admin_roles_created_by_id_fk\", \"columns\": [\"created_by_id\"], \"onDelete\": \"SET NULL\", \"referencedTable\": \"admin_users\", \"referencedColumns\": [\"id\"]}, {\"name\": \"admin_roles_updated_by_id_fk\", \"columns\": [\"updated_by_id\"], \"onDelete\": \"SET NULL\", \"referencedTable\": \"admin_users\", \"referencedColumns\": [\"id\"]}]}, {\"name\": \"strapi_api_tokens\", \"columns\": [{\"args\": [{\"primary\": true, \"primaryKey\": true}], \"name\": \"id\", \"type\": \"increments\", \"unsigned\": false, \"defaultTo\": null, \"notNullable\": true}, {\"args\": [], \"name\": \"name\", \"type\": \"string\", \"unsigned\": false, \"defaultTo\": null, \"notNullable\": false}, {\"args\": [], \"name\": \"description\", \"type\": \"string\", \"unsigned\": false, \"defaultTo\": null, \"notNullable\": false}, {\"args\": [], \"name\": \"type\", \"type\": \"string\", \"unsigned\": false, \"defaultTo\": null, \"notNullable\": false}, {\"args\": [], \"name\": \"access_key\", \"type\": \"string\", \"unsigned\": false, \"defaultTo\": null, \"notNullable\": false}, {\"args\": [{\"useTz\": false, \"precision\": 6}], \"name\": \"last_used_at\", \"type\": \"datetime\", \"unsigned\": false, \"defaultTo\": null, \"notNullable\": false}, {\"args\": [{\"useTz\": false, \"precision\": 6}], \"name\": \"expires_at\", \"type\": \"datetime\", \"unsigned\": false, \"defaultTo\": null, \"notNullable\": false}, {\"args\": [], \"name\": \"lifespan\", \"type\": \"integer\", \"unsigned\": false, \"defaultTo\": null, \"notNullable\": false}, {\"args\": [{\"useTz\": false, \"precision\": 6}], \"name\": \"created_at\", \"type\": \"datetime\", \"unsigned\": false, \"defaultTo\": null, \"notNullable\": false}, {\"args\": [{\"useTz\": false, \"precision\": 6}], \"name\": \"updated_at\", \"type\": \"datetime\", \"unsigned\": false, \"defaultTo\": null, \"notNullable\": false}, {\"args\": [], \"name\": \"created_by_id\", \"type\": \"integer\", \"unsigned\": true, \"defaultTo\": null, \"notNullable\": false}, {\"args\": [], \"name\": \"updated_by_id\", \"type\": \"integer\", \"unsigned\": true, \"defaultTo\": null, \"notNullable\": false}], \"indexes\": [{\"name\": \"strapi_api_tokens_created_by_id_fk\", \"columns\": [\"created_by_id\"]}, {\"name\": \"strapi_api_tokens_updated_by_id_fk\", \"columns\": [\"updated_by_id\"]}], \"foreignKeys\": [{\"name\": \"strapi_api_tokens_created_by_id_fk\", \"columns\": [\"created_by_id\"], \"onDelete\": \"SET NULL\", \"referencedTable\": \"admin_users\", \"referencedColumns\": [\"id\"]}, {\"name\": \"strapi_api_tokens_updated_by_id_fk\", \"columns\": [\"updated_by_id\"], \"onDelete\": \"SET NULL\", \"referencedTable\": \"admin_users\", \"referencedColumns\": [\"id\"]}]}, {\"name\": \"strapi_api_token_permissions\", \"columns\": [{\"args\": [{\"primary\": true, \"primaryKey\": true}], \"name\": \"id\", \"type\": \"increments\", \"unsigned\": false, \"defaultTo\": null, \"notNullable\": true}, {\"args\": [], \"name\": \"action\", \"type\": \"string\", \"unsigned\": false, \"defaultTo\": null, \"notNullable\": false}, {\"args\": [{\"useTz\": false, \"precision\": 6}], \"name\": \"created_at\", \"type\": \"datetime\", \"unsigned\": false, \"defaultTo\": null, \"notNullable\": false}, {\"args\": [{\"useTz\": false, \"precision\": 6}], \"name\": \"updated_at\", \"type\": \"datetime\", \"unsigned\": false, \"defaultTo\": null, \"notNullable\": false}, {\"args\": [], \"name\": \"created_by_id\", \"type\": \"integer\", \"unsigned\": true, \"defaultTo\": null, \"notNullable\": false}, {\"args\": [], \"name\": \"updated_by_id\", \"type\": \"integer\", \"unsigned\": true, \"defaultTo\": null, \"notNullable\": false}], \"indexes\": [{\"name\": \"strapi_api_token_permissions_created_by_id_fk\", \"columns\": [\"created_by_id\"]}, {\"name\": \"strapi_api_token_permissions_updated_by_id_fk\", \"columns\": [\"updated_by_id\"]}], \"foreignKeys\": [{\"name\": \"strapi_api_token_permissions_created_by_id_fk\", \"columns\": [\"created_by_id\"], \"onDelete\": \"SET NULL\", \"referencedTable\": \"admin_users\", \"referencedColumns\": [\"id\"]}, {\"name\": \"strapi_api_token_permissions_updated_by_id_fk\", \"columns\": [\"updated_by_id\"], \"onDelete\": \"SET NULL\", \"referencedTable\": \"admin_users\", \"referencedColumns\": [\"id\"]}]}, {\"name\": \"files\", \"columns\": [{\"args\": [{\"primary\": true, \"primaryKey\": true}], \"name\": \"id\", \"type\": \"increments\", \"unsigned\": false, \"defaultTo\": null, \"notNullable\": true}, {\"args\": [], \"name\": \"name\", \"type\": \"string\", \"unsigned\": false, \"defaultTo\": null, \"notNullable\": false}, {\"args\": [], \"name\": \"alternative_text\", \"type\": \"string\", \"unsigned\": false, \"defaultTo\": null, \"notNullable\": false}, {\"args\": [], \"name\": \"caption\", \"type\": \"string\", \"unsigned\": false, \"defaultTo\": null, \"notNullable\": false}, {\"args\": [], \"name\": \"width\", \"type\": \"integer\", \"unsigned\": false, \"defaultTo\": null, \"notNullable\": false}, {\"args\": [], \"name\": \"height\", \"type\": \"integer\", \"unsigned\": false, \"defaultTo\": null, \"notNullable\": false}, {\"args\": [], \"name\": \"formats\", \"type\": \"jsonb\", \"unsigned\": false, \"defaultTo\": null, \"notNullable\": false}, {\"args\": [], \"name\": \"hash\", \"type\": \"string\", \"unsigned\": false, \"defaultTo\": null, \"notNullable\": false}, {\"args\": [], \"name\": \"ext\", \"type\": \"string\", \"unsigned\": false, \"defaultTo\": null, \"notNullable\": false}, {\"args\": [], \"name\": \"mime\", \"type\": \"string\", \"unsigned\": false, \"defaultTo\": null, \"notNullable\": false}, {\"args\": [10, 2], \"name\": \"size\", \"type\": \"decimal\", \"unsigned\": false, \"defaultTo\": null, \"notNullable\": false}, {\"args\": [], \"name\": \"url\", \"type\": \"string\", \"unsigned\": false, \"defaultTo\": null, \"notNullable\": false}, {\"args\": [], \"name\": \"preview_url\", \"type\": \"string\", \"unsigned\": false, \"defaultTo\": null, \"notNullable\": false}, {\"args\": [], \"name\": \"provider\", \"type\": \"string\", \"unsigned\": false, \"defaultTo\": null, \"notNullable\": false}, {\"args\": [], \"name\": \"provider_metadata\", \"type\": \"jsonb\", \"unsigned\": false, \"defaultTo\": null, \"notNullable\": false}, {\"args\": [], \"name\": \"folder_path\", \"type\": \"string\", \"unsigned\": false, \"defaultTo\": null, \"notNullable\": false}, {\"args\": [{\"useTz\": false, \"precision\": 6}], \"name\": \"created_at\", \"type\": \"datetime\", \"unsigned\": false, \"defaultTo\": null, \"notNullable\": false}, {\"args\": [{\"useTz\": false, \"precision\": 6}], \"name\": \"updated_at\", \"type\": \"datetime\", \"unsigned\": false, \"defaultTo\": null, \"notNullable\": false}, {\"args\": [], \"name\": \"created_by_id\", \"type\": \"integer\", \"unsigned\": true, \"defaultTo\": null, \"notNullable\": false}, {\"args\": [], \"name\": \"updated_by_id\", \"type\": \"integer\", \"unsigned\": true, \"defaultTo\": null, \"notNullable\": false}], \"indexes\": [{\"name\": \"upload_files_folder_path_index\", \"type\": null, \"columns\": [\"folder_path\"]}, {\"name\": \"files_created_by_id_fk\", \"columns\": [\"created_by_id\"]}, {\"name\": \"files_updated_by_id_fk\", \"columns\": [\"updated_by_id\"]}], \"foreignKeys\": [{\"name\": \"files_created_by_id_fk\", \"columns\": [\"created_by_id\"], \"onDelete\": \"SET NULL\", \"referencedTable\": \"admin_users\", \"referencedColumns\": [\"id\"]}, {\"name\": \"files_updated_by_id_fk\", \"columns\": [\"updated_by_id\"], \"onDelete\": \"SET NULL\", \"referencedTable\": \"admin_users\", \"referencedColumns\": [\"id\"]}]}, {\"name\": \"upload_folders\", \"columns\": [{\"args\": [{\"primary\": true, \"primaryKey\": true}], \"name\": \"id\", \"type\": \"increments\", \"unsigned\": false, \"defaultTo\": null, \"notNullable\": true}, {\"args\": [], \"name\": \"name\", \"type\": \"string\", \"unsigned\": false, \"defaultTo\": null, \"notNullable\": false}, {\"args\": [], \"name\": \"path_id\", \"type\": \"integer\", \"unsigned\": false, \"defaultTo\": null, \"notNullable\": false}, {\"args\": [], \"name\": \"path\", \"type\": \"string\", \"unsigned\": false, \"defaultTo\": null, \"notNullable\": false}, {\"args\": [{\"useTz\": false, \"precision\": 6}], \"name\": \"created_at\", \"type\": \"datetime\", \"unsigned\": false, \"defaultTo\": null, \"notNullable\": false}, {\"args\": [{\"useTz\": false, \"precision\": 6}], \"name\": \"updated_at\", \"type\": \"datetime\", \"unsigned\": false, \"defaultTo\": null, \"notNullable\": false}, {\"args\": [], \"name\": \"created_by_id\", \"type\": \"integer\", \"unsigned\": true, \"defaultTo\": null, \"notNullable\": false}, {\"args\": [], \"name\": \"updated_by_id\", \"type\": \"integer\", \"unsigned\": true, \"defaultTo\": null, \"notNullable\": false}], \"indexes\": [{\"name\": \"upload_folders_path_id_index\", \"type\": \"unique\", \"columns\": [\"path_id\"]}, {\"name\": \"upload_folders_path_index\", \"type\": \"unique\", \"columns\": [\"path\"]}, {\"name\": \"upload_folders_created_by_id_fk\", \"columns\": [\"created_by_id\"]}, {\"name\": \"upload_folders_updated_by_id_fk\", \"columns\": [\"updated_by_id\"]}], \"foreignKeys\": [{\"name\": \"upload_folders_created_by_id_fk\", \"columns\": [\"created_by_id\"], \"onDelete\": \"SET NULL\", \"referencedTable\": \"admin_users\", \"referencedColumns\": [\"id\"]}, {\"name\": \"upload_folders_updated_by_id_fk\", \"columns\": [\"updated_by_id\"], \"onDelete\": \"SET NULL\", \"referencedTable\": \"admin_users\", \"referencedColumns\": [\"id\"]}]}, {\"name\": \"i18n_locale\", \"columns\": [{\"args\": [{\"primary\": true, \"primaryKey\": true}], \"name\": \"id\", \"type\": \"increments\", \"unsigned\": false, \"defaultTo\": null, \"notNullable\": true}, {\"args\": [], \"name\": \"name\", \"type\": \"string\", \"unsigned\": false, \"defaultTo\": null, \"notNullable\": false}, {\"args\": [], \"name\": \"code\", \"type\": \"string\", \"unsigned\": false, \"defaultTo\": null, \"notNullable\": false}, {\"args\": [{\"useTz\": false, \"precision\": 6}], \"name\": \"created_at\", \"type\": \"datetime\", \"unsigned\": false, \"defaultTo\": null, \"notNullable\": false}, {\"args\": [{\"useTz\": false, \"precision\": 6}], \"name\": \"updated_at\", \"type\": \"datetime\", \"unsigned\": false, \"defaultTo\": null, \"notNullable\": false}, {\"args\": [], \"name\": \"created_by_id\", \"type\": \"integer\", \"unsigned\": true, \"defaultTo\": null, \"notNullable\": false}, {\"args\": [], \"name\": \"updated_by_id\", \"type\": \"integer\", \"unsigned\": true, \"defaultTo\": null, \"notNullable\": false}], \"indexes\": [{\"name\": \"i18n_locale_created_by_id_fk\", \"columns\": [\"created_by_id\"]}, {\"name\": \"i18n_locale_updated_by_id_fk\", \"columns\": [\"updated_by_id\"]}], \"foreignKeys\": [{\"name\": \"i18n_locale_created_by_id_fk\", \"columns\": [\"created_by_id\"], \"onDelete\": \"SET NULL\", \"referencedTable\": \"admin_users\", \"referencedColumns\": [\"id\"]}, {\"name\": \"i18n_locale_updated_by_id_fk\", \"columns\": [\"updated_by_id\"], \"onDelete\": \"SET NULL\", \"referencedTable\": \"admin_users\", \"referencedColumns\": [\"id\"]}]}, {\"name\": \"up_permissions\", \"columns\": [{\"args\": [{\"primary\": true, \"primaryKey\": true}], \"name\": \"id\", \"type\": \"increments\", \"unsigned\": false, \"defaultTo\": null, \"notNullable\": true}, {\"args\": [], \"name\": \"action\", \"type\": \"string\", \"unsigned\": false, \"defaultTo\": null, \"notNullable\": false}, {\"args\": [{\"useTz\": false, \"precision\": 6}], \"name\": \"created_at\", \"type\": \"datetime\", \"unsigned\": false, \"defaultTo\": null, \"notNullable\": false}, {\"args\": [{\"useTz\": false, \"precision\": 6}], \"name\": \"updated_at\", \"type\": \"datetime\", \"unsigned\": false, \"defaultTo\": null, \"notNullable\": false}, {\"args\": [], \"name\": \"created_by_id\", \"type\": \"integer\", \"unsigned\": true, \"defaultTo\": null, \"notNullable\": false}, {\"args\": [], \"name\": \"updated_by_id\", \"type\": \"integer\", \"unsigned\": true, \"defaultTo\": null, \"notNullable\": false}], \"indexes\": [{\"name\": \"up_permissions_created_by_id_fk\", \"columns\": [\"created_by_id\"]}, {\"name\": \"up_permissions_updated_by_id_fk\", \"columns\": [\"updated_by_id\"]}], \"foreignKeys\": [{\"name\": \"up_permissions_created_by_id_fk\", \"columns\": [\"created_by_id\"], \"onDelete\": \"SET NULL\", \"referencedTable\": \"admin_users\", \"referencedColumns\": [\"id\"]}, {\"name\": \"up_permissions_updated_by_id_fk\", \"columns\": [\"updated_by_id\"], \"onDelete\": \"SET NULL\", \"referencedTable\": \"admin_users\", \"referencedColumns\": [\"id\"]}]}, {\"name\": \"up_roles\", \"columns\": [{\"args\": [{\"primary\": true, \"primaryKey\": true}], \"name\": \"id\", \"type\": \"increments\", \"unsigned\": false, \"defaultTo\": null, \"notNullable\": true}, {\"args\": [], \"name\": \"name\", \"type\": \"string\", \"unsigned\": false, \"defaultTo\": null, \"notNullable\": false}, {\"args\": [], \"name\": \"description\", \"type\": \"string\", \"unsigned\": false, \"defaultTo\": null, \"notNullable\": false}, {\"args\": [], \"name\": \"type\", \"type\": \"string\", \"unsigned\": false, \"defaultTo\": null, \"notNullable\": false}, {\"args\": [{\"useTz\": false, \"precision\": 6}], \"name\": \"created_at\", \"type\": \"datetime\", \"unsigned\": false, \"defaultTo\": null, \"notNullable\": false}, {\"args\": [{\"useTz\": false, \"precision\": 6}], \"name\": \"updated_at\", \"type\": \"datetime\", \"unsigned\": false, \"defaultTo\": null, \"notNullable\": false}, {\"args\": [], \"name\": \"created_by_id\", \"type\": \"integer\", \"unsigned\": true, \"defaultTo\": null, \"notNullable\": false}, {\"args\": [], \"name\": \"updated_by_id\", \"type\": \"integer\", \"unsigned\": true, \"defaultTo\": null, \"notNullable\": false}], \"indexes\": [{\"name\": \"up_roles_created_by_id_fk\", \"columns\": [\"created_by_id\"]}, {\"name\": \"up_roles_updated_by_id_fk\", \"columns\": [\"updated_by_id\"]}], \"foreignKeys\": [{\"name\": \"up_roles_created_by_id_fk\", \"columns\": [\"created_by_id\"], \"onDelete\": \"SET NULL\", \"referencedTable\": \"admin_users\", \"referencedColumns\": [\"id\"]}, {\"name\": \"up_roles_updated_by_id_fk\", \"columns\": [\"updated_by_id\"], \"onDelete\": \"SET NULL\", \"referencedTable\": \"admin_users\", \"referencedColumns\": [\"id\"]}]}, {\"name\": \"up_users\", \"columns\": [{\"args\": [{\"primary\": true, \"primaryKey\": true}], \"name\": \"id\", \"type\": \"increments\", \"unsigned\": false, \"defaultTo\": null, \"notNullable\": true}, {\"args\": [], \"name\": \"username\", \"type\": \"string\", \"unsigned\": false, \"defaultTo\": null, \"notNullable\": false}, {\"args\": [], \"name\": \"email\", \"type\": \"string\", \"unsigned\": false, \"defaultTo\": null, \"notNullable\": false}, {\"args\": [], \"name\": \"provider\", \"type\": \"string\", \"unsigned\": false, \"defaultTo\": null, \"notNullable\": false}, {\"args\": [], \"name\": \"password\", \"type\": \"string\", \"unsigned\": false, \"defaultTo\": null, \"notNullable\": false}, {\"args\": [], \"name\": \"reset_password_token\", \"type\": \"string\", \"unsigned\": false, \"defaultTo\": null, \"notNullable\": false}, {\"args\": [], \"name\": \"confirmation_token\", \"type\": \"string\", \"unsigned\": false, \"defaultTo\": null, \"notNullable\": false}, {\"args\": [], \"name\": \"confirmed\", \"type\": \"boolean\", \"unsigned\": false, \"defaultTo\": null, \"notNullable\": false}, {\"args\": [], \"name\": \"blocked\", \"type\": \"boolean\", \"unsigned\": false, \"defaultTo\": null, \"notNullable\": false}, {\"args\": [], \"name\": \"full_name\", \"type\": \"string\", \"unsigned\": false, \"defaultTo\": null, \"notNullable\": false}, {\"args\": [], \"name\": \"push_notify\", \"type\": \"boolean\", \"unsigned\": false, \"defaultTo\": null, \"notNullable\": false}, {\"args\": [], \"name\": \"email_notify\", \"type\": \"boolean\", \"unsigned\": false, \"defaultTo\": null, \"notNullable\": false}, {\"args\": [], \"name\": \"firebase_token\", \"type\": \"string\", \"unsigned\": false, \"defaultTo\": null, \"notNullable\": false}, {\"args\": [{\"useTz\": false, \"precision\": 6}], \"name\": \"created_at\", \"type\": \"datetime\", \"unsigned\": false, \"defaultTo\": null, \"notNullable\": false}, {\"args\": [{\"useTz\": false, \"precision\": 6}], \"name\": \"updated_at\", \"type\": \"datetime\", \"unsigned\": false, \"defaultTo\": null, \"notNullable\": false}, {\"args\": [], \"name\": \"created_by_id\", \"type\": \"integer\", \"unsigned\": true, \"defaultTo\": null, \"notNullable\": false}, {\"args\": [], \"name\": \"updated_by_id\", \"type\": \"integer\", \"unsigned\": true, \"defaultTo\": null, \"notNullable\": false}], \"indexes\": [{\"name\": \"up_users_created_by_id_fk\", \"columns\": [\"created_by_id\"]}, {\"name\": \"up_users_updated_by_id_fk\", \"columns\": [\"updated_by_id\"]}], \"foreignKeys\": [{\"name\": \"up_users_created_by_id_fk\", \"columns\": [\"created_by_id\"], \"onDelete\": \"SET NULL\", \"referencedTable\": \"admin_users\", \"referencedColumns\": [\"id\"]}, {\"name\": \"up_users_updated_by_id_fk\", \"columns\": [\"updated_by_id\"], \"onDelete\": \"SET NULL\", \"referencedTable\": \"admin_users\", \"referencedColumns\": [\"id\"]}]}, {\"name\": \"alerts\", \"columns\": [{\"args\": [{\"primary\": true, \"primaryKey\": true}], \"name\": \"id\", \"type\": \"increments\", \"unsigned\": false, \"defaultTo\": null, \"notNullable\": true}, {\"args\": [{\"useTz\": false, \"precision\": 6}], \"name\": \"start\", \"type\": \"datetime\", \"unsigned\": false, \"defaultTo\": null, \"notNullable\": false}, {\"args\": [{\"useTz\": false, \"precision\": 6}], \"name\": \"final\", \"type\": \"datetime\", \"unsigned\": false, \"defaultTo\": null, \"notNullable\": false}, {\"args\": [], \"name\": \"titlu\", \"type\": \"string\", \"unsigned\": false, \"defaultTo\": null, \"notNullable\": false}, {\"args\": [\"longtext\"], \"name\": \"continut\", \"type\": \"text\", \"unsigned\": false, \"defaultTo\": null, \"notNullable\": false}, {\"args\": [{\"useTz\": false, \"precision\": 6}], \"name\": \"created_at\", \"type\": \"datetime\", \"unsigned\": false, \"defaultTo\": null, \"notNullable\": false}, {\"args\": [{\"useTz\": false, \"precision\": 6}], \"name\": \"updated_at\", \"type\": \"datetime\", \"unsigned\": false, \"defaultTo\": null, \"notNullable\": false}, {\"args\": [{\"useTz\": false, \"precision\": 6}], \"name\": \"published_at\", \"type\": \"datetime\", \"unsigned\": false, \"defaultTo\": null, \"notNullable\": false}, {\"args\": [], \"name\": \"created_by_id\", \"type\": \"integer\", \"unsigned\": true, \"defaultTo\": null, \"notNullable\": false}, {\"args\": [], \"name\": \"updated_by_id\", \"type\": \"integer\", \"unsigned\": true, \"defaultTo\": null, \"notNullable\": false}, {\"args\": [], \"name\": \"locale\", \"type\": \"string\", \"unsigned\": false, \"defaultTo\": null, \"notNullable\": false}], \"indexes\": [{\"name\": \"alerts_created_by_id_fk\", \"columns\": [\"created_by_id\"]}, {\"name\": \"alerts_updated_by_id_fk\", \"columns\": [\"updated_by_id\"]}], \"foreignKeys\": [{\"name\": \"alerts_created_by_id_fk\", \"columns\": [\"created_by_id\"], \"onDelete\": \"SET NULL\", \"referencedTable\": \"admin_users\", \"referencedColumns\": [\"id\"]}, {\"name\": \"alerts_updated_by_id_fk\", \"columns\": [\"updated_by_id\"], \"onDelete\": \"SET NULL\", \"referencedTable\": \"admin_users\", \"referencedColumns\": [\"id\"]}]}, {\"name\": \"alerts_codes\", \"columns\": [{\"args\": [{\"primary\": true, \"primaryKey\": true}], \"name\": \"id\", \"type\": \"increments\", \"unsigned\": false, \"defaultTo\": null, \"notNullable\": true}, {\"args\": [], \"name\": \"nume\", \"type\": \"string\", \"unsigned\": false, \"defaultTo\": null, \"notNullable\": false}, {\"args\": [], \"name\": \"culoare\", \"type\": \"string\", \"unsigned\": false, \"defaultTo\": null, \"notNullable\": false}, {\"args\": [{\"useTz\": false, \"precision\": 6}], \"name\": \"created_at\", \"type\": \"datetime\", \"unsigned\": false, \"defaultTo\": null, \"notNullable\": false}, {\"args\": [{\"useTz\": false, \"precision\": 6}], \"name\": \"updated_at\", \"type\": \"datetime\", \"unsigned\": false, \"defaultTo\": null, \"notNullable\": false}, {\"args\": [{\"useTz\": false, \"precision\": 6}], \"name\": \"published_at\", \"type\": \"datetime\", \"unsigned\": false, \"defaultTo\": null, \"notNullable\": false}, {\"args\": [], \"name\": \"created_by_id\", \"type\": \"integer\", \"unsigned\": true, \"defaultTo\": null, \"notNullable\": false}, {\"args\": [], \"name\": \"updated_by_id\", \"type\": \"integer\", \"unsigned\": true, \"defaultTo\": null, \"notNullable\": false}, {\"args\": [], \"name\": \"locale\", \"type\": \"string\", \"unsigned\": false, \"defaultTo\": null, \"notNullable\": false}], \"indexes\": [{\"name\": \"alerts_codes_created_by_id_fk\", \"columns\": [\"created_by_id\"]}, {\"name\": \"alerts_codes_updated_by_id_fk\", \"columns\": [\"updated_by_id\"]}], \"foreignKeys\": [{\"name\": \"alerts_codes_created_by_id_fk\", \"columns\": [\"created_by_id\"], \"onDelete\": \"SET NULL\", \"referencedTable\": \"admin_users\", \"referencedColumns\": [\"id\"]}, {\"name\": \"alerts_codes_updated_by_id_fk\", \"columns\": [\"updated_by_id\"], \"onDelete\": \"SET NULL\", \"referencedTable\": \"admin_users\", \"referencedColumns\": [\"id\"]}]}, {\"name\": \"articles\", \"columns\": [{\"args\": [{\"primary\": true, \"primaryKey\": true}], \"name\": \"id\", \"type\": \"increments\", \"unsigned\": false, \"defaultTo\": null, \"notNullable\": true}, {\"args\": [], \"name\": \"titlu\", \"type\": \"string\", \"unsigned\": false, \"defaultTo\": null, \"notNullable\": false}, {\"args\": [\"longtext\"], \"name\": \"continut\", \"type\": \"text\", \"unsigned\": false, \"defaultTo\": null, \"notNullable\": false}, {\"args\": [{\"useTz\": false, \"precision\": 6}], \"name\": \"created_at\", \"type\": \"datetime\", \"unsigned\": false, \"defaultTo\": null, \"notNullable\": false}, {\"args\": [{\"useTz\": false, \"precision\": 6}], \"name\": \"updated_at\", \"type\": \"datetime\", \"unsigned\": false, \"defaultTo\": null, \"notNullable\": false}, {\"args\": [{\"useTz\": false, \"precision\": 6}], \"name\": \"published_at\", \"type\": \"datetime\", \"unsigned\": false, \"defaultTo\": null, \"notNullable\": false}, {\"args\": [], \"name\": \"created_by_id\", \"type\": \"integer\", \"unsigned\": true, \"defaultTo\": null, \"notNullable\": false}, {\"args\": [], \"name\": \"updated_by_id\", \"type\": \"integer\", \"unsigned\": true, \"defaultTo\": null, \"notNullable\": false}, {\"args\": [], \"name\": \"locale\", \"type\": \"string\", \"unsigned\": false, \"defaultTo\": null, \"notNullable\": false}], \"indexes\": [{\"name\": \"articles_created_by_id_fk\", \"columns\": [\"created_by_id\"]}, {\"name\": \"articles_updated_by_id_fk\", \"columns\": [\"updated_by_id\"]}], \"foreignKeys\": [{\"name\": \"articles_created_by_id_fk\", \"columns\": [\"created_by_id\"], \"onDelete\": \"SET NULL\", \"referencedTable\": \"admin_users\", \"referencedColumns\": [\"id\"]}, {\"name\": \"articles_updated_by_id_fk\", \"columns\": [\"updated_by_id\"], \"onDelete\": \"SET NULL\", \"referencedTable\": \"admin_users\", \"referencedColumns\": [\"id\"]}]}, {\"name\": \"audits\", \"columns\": [{\"args\": [{\"primary\": true, \"primaryKey\": true}], \"name\": \"id\", \"type\": \"increments\", \"unsigned\": false, \"defaultTo\": null, \"notNullable\": true}, {\"args\": [], \"name\": \"action\", \"type\": \"string\", \"unsigned\": false, \"defaultTo\": null, \"notNullable\": false}, {\"args\": [{\"useTz\": false, \"precision\": 6}], \"name\": \"ora\", \"type\": \"datetime\", \"unsigned\": false, \"defaultTo\": null, \"notNullable\": false}, {\"args\": [{\"useTz\": false, \"precision\": 6}], \"name\": \"created_at\", \"type\": \"datetime\", \"unsigned\": false, \"defaultTo\": null, \"notNullable\": false}, {\"args\": [{\"useTz\": false, \"precision\": 6}], \"name\": \"updated_at\", \"type\": \"datetime\", \"unsigned\": false, \"defaultTo\": null, \"notNullable\": false}, {\"args\": [{\"useTz\": false, \"precision\": 6}], \"name\": \"published_at\", \"type\": \"datetime\", \"unsigned\": false, \"defaultTo\": null, \"notNullable\": false}, {\"args\": [], \"name\": \"created_by_id\", \"type\": \"integer\", \"unsigned\": true, \"defaultTo\": null, \"notNullable\": false}, {\"args\": [], \"name\": \"updated_by_id\", \"type\": \"integer\", \"unsigned\": true, \"defaultTo\": null, \"notNullable\": false}], \"indexes\": [{\"name\": \"audits_created_by_id_fk\", \"columns\": [\"created_by_id\"]}, {\"name\": \"audits_updated_by_id_fk\", \"columns\": [\"updated_by_id\"]}], \"foreignKeys\": [{\"name\": \"audits_created_by_id_fk\", \"columns\": [\"created_by_id\"], \"onDelete\": \"SET NULL\", \"referencedTable\": \"admin_users\", \"referencedColumns\": [\"id\"]}, {\"name\": \"audits_updated_by_id_fk\", \"columns\": [\"updated_by_id\"], \"onDelete\": \"SET NULL\", \"referencedTable\": \"admin_users\", \"referencedColumns\": [\"id\"]}]}, {\"name\": \"caravana_dsus\", \"columns\": [{\"args\": [{\"primary\": true, \"primaryKey\": true}], \"name\": \"id\", \"type\": \"increments\", \"unsigned\": false, \"defaultTo\": null, \"notNullable\": true}, {\"args\": [\"longtext\"], \"name\": \"continut\", \"type\": \"text\", \"unsigned\": false, \"defaultTo\": null, \"notNullable\": false}, {\"args\": [{\"useTz\": false, \"precision\": 6}], \"name\": \"created_at\", \"type\": \"datetime\", \"unsigned\": false, \"defaultTo\": null, \"notNullable\": false}, {\"args\": [{\"useTz\": false, \"precision\": 6}], \"name\": \"updated_at\", \"type\": \"datetime\", \"unsigned\": false, \"defaultTo\": null, \"notNullable\": false}, {\"args\": [{\"useTz\": false, \"precision\": 6}], \"name\": \"published_at\", \"type\": \"datetime\", \"unsigned\": false, \"defaultTo\": null, \"notNullable\": false}, {\"args\": [], \"name\": \"created_by_id\", \"type\": \"integer\", \"unsigned\": true, \"defaultTo\": null, \"notNullable\": false}, {\"args\": [], \"name\": \"updated_by_id\", \"type\": \"integer\", \"unsigned\": true, \"defaultTo\": null, \"notNullable\": false}, {\"args\": [], \"name\": \"locale\", \"type\": \"string\", \"unsigned\": false, \"defaultTo\": null, \"notNullable\": false}], \"indexes\": [{\"name\": \"caravana_dsus_created_by_id_fk\", \"columns\": [\"created_by_id\"]}, {\"name\": \"caravana_dsus_updated_by_id_fk\", \"columns\": [\"updated_by_id\"]}], \"foreignKeys\": [{\"name\": \"caravana_dsus_created_by_id_fk\", \"columns\": [\"created_by_id\"], \"onDelete\": \"SET NULL\", \"referencedTable\": \"admin_users\", \"referencedColumns\": [\"id\"]}, {\"name\": \"caravana_dsus_updated_by_id_fk\", \"columns\": [\"updated_by_id\"], \"onDelete\": \"SET NULL\", \"referencedTable\": \"admin_users\", \"referencedColumns\": [\"id\"]}]}, {\"name\": \"counties\", \"columns\": [{\"args\": [{\"primary\": true, \"primaryKey\": true}], \"name\": \"id\", \"type\": \"increments\", \"unsigned\": false, \"defaultTo\": null, \"notNullable\": true}, {\"args\": [], \"name\": \"nume\", \"type\": \"string\", \"unsigned\": false, \"defaultTo\": null, \"notNullable\": false}, {\"args\": [], \"name\": \"abreviere\", \"type\": \"string\", \"unsigned\": false, \"defaultTo\": null, \"notNullable\": false}, {\"args\": [\"longtext\"], \"name\": \"d\", \"type\": \"text\", \"unsigned\": false, \"defaultTo\": null, \"notNullable\": false}, {\"args\": [{\"useTz\": false, \"precision\": 6}], \"name\": \"created_at\", \"type\": \"datetime\", \"unsigned\": false, \"defaultTo\": null, \"notNullable\": false}, {\"args\": [{\"useTz\": false, \"precision\": 6}], \"name\": \"updated_at\", \"type\": \"datetime\", \"unsigned\": false, \"defaultTo\": null, \"notNullable\": false}, {\"args\": [], \"name\": \"created_by_id\", \"type\": \"integer\", \"unsigned\": true, \"defaultTo\": null, \"notNullable\": false}, {\"args\": [], \"name\": \"updated_by_id\", \"type\": \"integer\", \"unsigned\": true, \"defaultTo\": null, \"notNullable\": false}], \"indexes\": [{\"name\": \"counties_created_by_id_fk\", \"columns\": [\"created_by_id\"]}, {\"name\": \"counties_updated_by_id_fk\", \"columns\": [\"updated_by_id\"]}], \"foreignKeys\": [{\"name\": \"counties_created_by_id_fk\", \"columns\": [\"created_by_id\"], \"onDelete\": \"SET NULL\", \"referencedTable\": \"admin_users\", \"referencedColumns\": [\"id\"]}, {\"name\": \"counties_updated_by_id_fk\", \"columns\": [\"updated_by_id\"], \"onDelete\": \"SET NULL\", \"referencedTable\": \"admin_users\", \"referencedColumns\": [\"id\"]}]}, {\"name\": \"courses\", \"columns\": [{\"args\": [{\"primary\": true, \"primaryKey\": true}], \"name\": \"id\", \"type\": \"increments\", \"unsigned\": false, \"defaultTo\": null, \"notNullable\": true}, {\"args\": [], \"name\": \"titlu\", \"type\": \"string\", \"unsigned\": false, \"defaultTo\": null, \"notNullable\": false}, {\"args\": [\"longtext\"], \"name\": \"continut\", \"type\": \"text\", \"unsigned\": false, \"defaultTo\": null, \"notNullable\": false}, {\"args\": [], \"name\": \"url_youtube\", \"type\": \"string\", \"unsigned\": false, \"defaultTo\": null, \"notNullable\": false}, {\"args\": [{\"useTz\": false, \"precision\": 6}], \"name\": \"created_at\", \"type\": \"datetime\", \"unsigned\": false, \"defaultTo\": null, \"notNullable\": false}, {\"args\": [{\"useTz\": false, \"precision\": 6}], \"name\": \"updated_at\", \"type\": \"datetime\", \"unsigned\": false, \"defaultTo\": null, \"notNullable\": false}, {\"args\": [{\"useTz\": false, \"precision\": 6}], \"name\": \"published_at\", \"type\": \"datetime\", \"unsigned\": false, \"defaultTo\": null, \"notNullable\": false}, {\"args\": [], \"name\": \"created_by_id\", \"type\": \"integer\", \"unsigned\": true, \"defaultTo\": null, \"notNullable\": false}, {\"args\": [], \"name\": \"updated_by_id\", \"type\": \"integer\", \"unsigned\": true, \"defaultTo\": null, \"notNullable\": false}, {\"args\": [], \"name\": \"locale\", \"type\": \"string\", \"unsigned\": false, \"defaultTo\": null, \"notNullable\": false}], \"indexes\": [{\"name\": \"courses_created_by_id_fk\", \"columns\": [\"created_by_id\"]}, {\"name\": \"courses_updated_by_id_fk\", \"columns\": [\"updated_by_id\"]}], \"foreignKeys\": [{\"name\": \"courses_created_by_id_fk\", \"columns\": [\"created_by_id\"], \"onDelete\": \"SET NULL\", \"referencedTable\": \"admin_users\", \"referencedColumns\": [\"id\"]}, {\"name\": \"courses_updated_by_id_fk\", \"columns\": [\"updated_by_id\"], \"onDelete\": \"SET NULL\", \"referencedTable\": \"admin_users\", \"referencedColumns\": [\"id\"]}]}, {\"name\": \"courses_categories\", \"columns\": [{\"args\": [{\"primary\": true, \"primaryKey\": true}], \"name\": \"id\", \"type\": \"increments\", \"unsigned\": false, \"defaultTo\": null, \"notNullable\": true}, {\"args\": [], \"name\": \"nume\", \"type\": \"string\", \"unsigned\": false, \"defaultTo\": null, \"notNullable\": false}, {\"args\": [{\"useTz\": false, \"precision\": 6}], \"name\": \"created_at\", \"type\": \"datetime\", \"unsigned\": false, \"defaultTo\": null, \"notNullable\": false}, {\"args\": [{\"useTz\": false, \"precision\": 6}], \"name\": \"updated_at\", \"type\": \"datetime\", \"unsigned\": false, \"defaultTo\": null, \"notNullable\": false}, {\"args\": [], \"name\": \"created_by_id\", \"type\": \"integer\", \"unsigned\": true, \"defaultTo\": null, \"notNullable\": false}, {\"args\": [], \"name\": \"updated_by_id\", \"type\": \"integer\", \"unsigned\": true, \"defaultTo\": null, \"notNullable\": false}, {\"args\": [], \"name\": \"locale\", \"type\": \"string\", \"unsigned\": false, \"defaultTo\": null, \"notNullable\": false}], \"indexes\": [{\"name\": \"courses_categories_created_by_id_fk\", \"columns\": [\"created_by_id\"]}, {\"name\": \"courses_categories_updated_by_id_fk\", \"columns\": [\"updated_by_id\"]}], \"foreignKeys\": [{\"name\": \"courses_categories_created_by_id_fk\", \"columns\": [\"created_by_id\"], \"onDelete\": \"SET NULL\", \"referencedTable\": \"admin_users\", \"referencedColumns\": [\"id\"]}, {\"name\": \"courses_categories_updated_by_id_fk\", \"columns\": [\"updated_by_id\"], \"onDelete\": \"SET NULL\", \"referencedTable\": \"admin_users\", \"referencedColumns\": [\"id\"]}]}, {\"name\": \"ip_categories\", \"columns\": [{\"args\": [{\"primary\": true, \"primaryKey\": true}], \"name\": \"id\", \"type\": \"increments\", \"unsigned\": false, \"defaultTo\": null, \"notNullable\": true}, {\"args\": [], \"name\": \"nume\", \"type\": \"string\", \"unsigned\": false, \"defaultTo\": null, \"notNullable\": false}, {\"args\": [{\"useTz\": false, \"precision\": 6}], \"name\": \"created_at\", \"type\": \"datetime\", \"unsigned\": false, \"defaultTo\": null, \"notNullable\": false}, {\"args\": [{\"useTz\": false, \"precision\": 6}], \"name\": \"updated_at\", \"type\": \"datetime\", \"unsigned\": false, \"defaultTo\": null, \"notNullable\": false}, {\"args\": [{\"useTz\": false, \"precision\": 6}], \"name\": \"published_at\", \"type\": \"datetime\", \"unsigned\": false, \"defaultTo\": null, \"notNullable\": false}, {\"args\": [], \"name\": \"created_by_id\", \"type\": \"integer\", \"unsigned\": true, \"defaultTo\": null, \"notNullable\": false}, {\"args\": [], \"name\": \"updated_by_id\", \"type\": \"integer\", \"unsigned\": true, \"defaultTo\": null, \"notNullable\": false}, {\"args\": [], \"name\": \"locale\", \"type\": \"string\", \"unsigned\": false, \"defaultTo\": null, \"notNullable\": false}], \"indexes\": [{\"name\": \"ip_categories_created_by_id_fk\", \"columns\": [\"created_by_id\"]}, {\"name\": \"ip_categories_updated_by_id_fk\", \"columns\": [\"updated_by_id\"]}], \"foreignKeys\": [{\"name\": \"ip_categories_created_by_id_fk\", \"columns\": [\"created_by_id\"], \"onDelete\": \"SET NULL\", \"referencedTable\": \"admin_users\", \"referencedColumns\": [\"id\"]}, {\"name\": \"ip_categories_updated_by_id_fk\", \"columns\": [\"updated_by_id\"], \"onDelete\": \"SET NULL\", \"referencedTable\": \"admin_users\", \"referencedColumns\": [\"id\"]}]}, {\"name\": \"ip_points\", \"columns\": [{\"args\": [{\"primary\": true, \"primaryKey\": true}], \"name\": \"id\", \"type\": \"increments\", \"unsigned\": false, \"defaultTo\": null, \"notNullable\": true}, {\"args\": [], \"name\": \"titlu\", \"type\": \"string\", \"unsigned\": false, \"defaultTo\": null, \"notNullable\": false}, {\"args\": [], \"name\": \"adresa\", \"type\": \"string\", \"unsigned\": false, \"defaultTo\": null, \"notNullable\": false}, {\"args\": [], \"name\": \"numar_telefon\", \"type\": \"string\", \"unsigned\": false, \"defaultTo\": null, \"notNullable\": false}, {\"args\": [], \"name\": \"website\", \"type\": \"string\", \"unsigned\": false, \"defaultTo\": null, \"notNullable\": false}, {\"args\": [], \"name\": \"latitudine\", \"type\": \"string\", \"unsigned\": false, \"defaultTo\": null, \"notNullable\": false}, {\"args\": [], \"name\": \"longitudine\", \"type\": \"string\", \"unsigned\": false, \"defaultTo\": null, \"notNullable\": false}, {\"args\": [{\"useTz\": false, \"precision\": 6}], \"name\": \"created_at\", \"type\": \"datetime\", \"unsigned\": false, \"defaultTo\": null, \"notNullable\": false}, {\"args\": [{\"useTz\": false, \"precision\": 6}], \"name\": \"updated_at\", \"type\": \"datetime\", \"unsigned\": false, \"defaultTo\": null, \"notNullable\": false}, {\"args\": [{\"useTz\": false, \"precision\": 6}], \"name\": \"published_at\", \"type\": \"datetime\", \"unsigned\": false, \"defaultTo\": null, \"notNullable\": false}, {\"args\": [], \"name\": \"created_by_id\", \"type\": \"integer\", \"unsigned\": true, \"defaultTo\": null, \"notNullable\": false}, {\"args\": [], \"name\": \"updated_by_id\", \"type\": \"integer\", \"unsigned\": true, \"defaultTo\": null, \"notNullable\": false}], \"indexes\": [{\"name\": \"ip_points_created_by_id_fk\", \"columns\": [\"created_by_id\"]}, {\"name\": \"ip_points_updated_by_id_fk\", \"columns\": [\"updated_by_id\"]}], \"foreignKeys\": [{\"name\": \"ip_points_created_by_id_fk\", \"columns\": [\"created_by_id\"], \"onDelete\": \"SET NULL\", \"referencedTable\": \"admin_users\", \"referencedColumns\": [\"id\"]}, {\"name\": \"ip_points_updated_by_id_fk\", \"columns\": [\"updated_by_id\"], \"onDelete\": \"SET NULL\", \"referencedTable\": \"admin_users\", \"referencedColumns\": [\"id\"]}]}, {\"name\": \"links\", \"columns\": [{\"args\": [{\"primary\": true, \"primaryKey\": true}], \"name\": \"id\", \"type\": \"increments\", \"unsigned\": false, \"defaultTo\": null, \"notNullable\": true}, {\"args\": [], \"name\": \"titlu\", \"type\": \"string\", \"unsigned\": false, \"defaultTo\": null, \"notNullable\": false}, {\"args\": [], \"name\": \"url\", \"type\": \"string\", \"unsigned\": false, \"defaultTo\": null, \"notNullable\": false}, {\"args\": [{\"useTz\": false, \"precision\": 6}], \"name\": \"created_at\", \"type\": \"datetime\", \"unsigned\": false, \"defaultTo\": null, \"notNullable\": false}, {\"args\": [{\"useTz\": false, \"precision\": 6}], \"name\": \"updated_at\", \"type\": \"datetime\", \"unsigned\": false, \"defaultTo\": null, \"notNullable\": false}, {\"args\": [{\"useTz\": false, \"precision\": 6}], \"name\": \"published_at\", \"type\": \"datetime\", \"unsigned\": false, \"defaultTo\": null, \"notNullable\": false}, {\"args\": [], \"name\": \"created_by_id\", \"type\": \"integer\", \"unsigned\": true, \"defaultTo\": null, \"notNullable\": false}, {\"args\": [], \"name\": \"updated_by_id\", \"type\": \"integer\", \"unsigned\": true, \"defaultTo\": null, \"notNullable\": false}, {\"args\": [], \"name\": \"locale\", \"type\": \"string\", \"unsigned\": false, \"defaultTo\": null, \"notNullable\": false}], \"indexes\": [{\"name\": \"links_created_by_id_fk\", \"columns\": [\"created_by_id\"]}, {\"name\": \"links_updated_by_id_fk\", \"columns\": [\"updated_by_id\"]}], \"foreignKeys\": [{\"name\": \"links_created_by_id_fk\", \"columns\": [\"created_by_id\"], \"onDelete\": \"SET NULL\", \"referencedTable\": \"admin_users\", \"referencedColumns\": [\"id\"]}, {\"name\": \"links_updated_by_id_fk\", \"columns\": [\"updated_by_id\"], \"onDelete\": \"SET NULL\", \"referencedTable\": \"admin_users\", \"referencedColumns\": [\"id\"]}]}, {\"name\": \"organizations\", \"columns\": [{\"args\": [{\"primary\": true, \"primaryKey\": true}], \"name\": \"id\", \"type\": \"increments\", \"unsigned\": false, \"defaultTo\": null, \"notNullable\": true}, {\"args\": [], \"name\": \"nume\", \"type\": \"string\", \"unsigned\": false, \"defaultTo\": null, \"notNullable\": false}, {\"args\": [{\"useTz\": false, \"precision\": 6}], \"name\": \"created_at\", \"type\": \"datetime\", \"unsigned\": false, \"defaultTo\": null, \"notNullable\": false}, {\"args\": [{\"useTz\": false, \"precision\": 6}], \"name\": \"updated_at\", \"type\": \"datetime\", \"unsigned\": false, \"defaultTo\": null, \"notNullable\": false}, {\"args\": [], \"name\": \"created_by_id\", \"type\": \"integer\", \"unsigned\": true, \"defaultTo\": null, \"notNullable\": false}, {\"args\": [], \"name\": \"updated_by_id\", \"type\": \"integer\", \"unsigned\": true, \"defaultTo\": null, \"notNullable\": false}], \"indexes\": [{\"name\": \"organizations_created_by_id_fk\", \"columns\": [\"created_by_id\"]}, {\"name\": \"organizations_updated_by_id_fk\", \"columns\": [\"updated_by_id\"]}], \"foreignKeys\": [{\"name\": \"organizations_created_by_id_fk\", \"columns\": [\"created_by_id\"], \"onDelete\": \"SET NULL\", \"referencedTable\": \"admin_users\", \"referencedColumns\": [\"id\"]}, {\"name\": \"organizations_updated_by_id_fk\", \"columns\": [\"updated_by_id\"], \"onDelete\": \"SET NULL\", \"referencedTable\": \"admin_users\", \"referencedColumns\": [\"id\"]}]}, {\"name\": \"pozitions\", \"columns\": [{\"args\": [{\"primary\": true, \"primaryKey\": true}], \"name\": \"id\", \"type\": \"increments\", \"unsigned\": false, \"defaultTo\": null, \"notNullable\": true}, {\"args\": [], \"name\": \"nume\", \"type\": \"string\", \"unsigned\": false, \"defaultTo\": null, \"notNullable\": false}, {\"args\": [{\"useTz\": false, \"precision\": 6}], \"name\": \"created_at\", \"type\": \"datetime\", \"unsigned\": false, \"defaultTo\": null, \"notNullable\": false}, {\"args\": [{\"useTz\": false, \"precision\": 6}], \"name\": \"updated_at\", \"type\": \"datetime\", \"unsigned\": false, \"defaultTo\": null, \"notNullable\": false}, {\"args\": [{\"useTz\": false, \"precision\": 6}], \"name\": \"published_at\", \"type\": \"datetime\", \"unsigned\": false, \"defaultTo\": null, \"notNullable\": false}, {\"args\": [], \"name\": \"created_by_id\", \"type\": \"integer\", \"unsigned\": true, \"defaultTo\": null, \"notNullable\": false}, {\"args\": [], \"name\": \"updated_by_id\", \"type\": \"integer\", \"unsigned\": true, \"defaultTo\": null, \"notNullable\": false}, {\"args\": [], \"name\": \"locale\", \"type\": \"string\", \"unsigned\": false, \"defaultTo\": null, \"notNullable\": false}], \"indexes\": [{\"name\": \"pozitions_created_by_id_fk\", \"columns\": [\"created_by_id\"]}, {\"name\": \"pozitions_updated_by_id_fk\", \"columns\": [\"updated_by_id\"]}], \"foreignKeys\": [{\"name\": \"pozitions_created_by_id_fk\", \"columns\": [\"created_by_id\"], \"onDelete\": \"SET NULL\", \"referencedTable\": \"admin_users\", \"referencedColumns\": [\"id\"]}, {\"name\": \"pozitions_updated_by_id_fk\", \"columns\": [\"updated_by_id\"], \"onDelete\": \"SET NULL\", \"referencedTable\": \"admin_users\", \"referencedColumns\": [\"id\"]}]}, {\"name\": \"privacy_policies\", \"columns\": [{\"args\": [{\"primary\": true, \"primaryKey\": true}], \"name\": \"id\", \"type\": \"increments\", \"unsigned\": false, \"defaultTo\": null, \"notNullable\": true}, {\"args\": [\"longtext\"], \"name\": \"continut\", \"type\": \"text\", \"unsigned\": false, \"defaultTo\": null, \"notNullable\": false}, {\"args\": [{\"useTz\": false, \"precision\": 6}], \"name\": \"created_at\", \"type\": \"datetime\", \"unsigned\": false, \"defaultTo\": null, \"notNullable\": false}, {\"args\": [{\"useTz\": false, \"precision\": 6}], \"name\": \"updated_at\", \"type\": \"datetime\", \"unsigned\": false, \"defaultTo\": null, \"notNullable\": false}, {\"args\": [{\"useTz\": false, \"precision\": 6}], \"name\": \"published_at\", \"type\": \"datetime\", \"unsigned\": false, \"defaultTo\": null, \"notNullable\": false}, {\"args\": [], \"name\": \"created_by_id\", \"type\": \"integer\", \"unsigned\": true, \"defaultTo\": null, \"notNullable\": false}, {\"args\": [], \"name\": \"updated_by_id\", \"type\": \"integer\", \"unsigned\": true, \"defaultTo\": null, \"notNullable\": false}, {\"args\": [], \"name\": \"locale\", \"type\": \"string\", \"unsigned\": false, \"defaultTo\": null, \"notNullable\": false}], \"indexes\": [{\"name\": \"privacy_policies_created_by_id_fk\", \"columns\": [\"created_by_id\"]}, {\"name\": \"privacy_policies_updated_by_id_fk\", \"columns\": [\"updated_by_id\"]}], \"foreignKeys\": [{\"name\": \"privacy_policies_created_by_id_fk\", \"columns\": [\"created_by_id\"], \"onDelete\": \"SET NULL\", \"referencedTable\": \"admin_users\", \"referencedColumns\": [\"id\"]}, {\"name\": \"privacy_policies_updated_by_id_fk\", \"columns\": [\"updated_by_id\"], \"onDelete\": \"SET NULL\", \"referencedTable\": \"admin_users\", \"referencedColumns\": [\"id\"]}]}, {\"name\": \"reportings\", \"columns\": [{\"args\": [{\"primary\": true, \"primaryKey\": true}], \"name\": \"id\", \"type\": \"increments\", \"unsigned\": false, \"defaultTo\": null, \"notNullable\": true}, {\"args\": [{\"useTz\": false, \"precision\": 6}], \"name\": \"data\", \"type\": \"datetime\", \"unsigned\": false, \"defaultTo\": null, \"notNullable\": false}, {\"args\": [\"longtext\"], \"name\": \"descriere\", \"type\": \"text\", \"unsigned\": false, \"defaultTo\": null, \"notNullable\": false}, {\"args\": [], \"name\": \"status\", \"type\": \"string\", \"unsigned\": false, \"defaultTo\": null, \"notNullable\": false}, {\"args\": [{\"useTz\": false, \"precision\": 6}], \"name\": \"created_at\", \"type\": \"datetime\", \"unsigned\": false, \"defaultTo\": null, \"notNullable\": false}, {\"args\": [{\"useTz\": false, \"precision\": 6}], \"name\": \"updated_at\", \"type\": \"datetime\", \"unsigned\": false, \"defaultTo\": null, \"notNullable\": false}, {\"args\": [{\"useTz\": false, \"precision\": 6}], \"name\": \"published_at\", \"type\": \"datetime\", \"unsigned\": false, \"defaultTo\": null, \"notNullable\": false}, {\"args\": [], \"name\": \"created_by_id\", \"type\": \"integer\", \"unsigned\": true, \"defaultTo\": null, \"notNullable\": false}, {\"args\": [], \"name\": \"updated_by_id\", \"type\": \"integer\", \"unsigned\": true, \"defaultTo\": null, \"notNullable\": false}], \"indexes\": [{\"name\": \"reportings_created_by_id_fk\", \"columns\": [\"created_by_id\"]}, {\"name\": \"reportings_updated_by_id_fk\", \"columns\": [\"updated_by_id\"]}], \"foreignKeys\": [{\"name\": \"reportings_created_by_id_fk\", \"columns\": [\"created_by_id\"], \"onDelete\": \"SET NULL\", \"referencedTable\": \"admin_users\", \"referencedColumns\": [\"id\"]}, {\"name\": \"reportings_updated_by_id_fk\", \"columns\": [\"updated_by_id\"], \"onDelete\": \"SET NULL\", \"referencedTable\": \"admin_users\", \"referencedColumns\": [\"id\"]}]}, {\"name\": \"tncs\", \"columns\": [{\"args\": [{\"primary\": true, \"primaryKey\": true}], \"name\": \"id\", \"type\": \"increments\", \"unsigned\": false, \"defaultTo\": null, \"notNullable\": true}, {\"args\": [\"longtext\"], \"name\": \"continut\", \"type\": \"text\", \"unsigned\": false, \"defaultTo\": null, \"notNullable\": false}, {\"args\": [{\"useTz\": false, \"precision\": 6}], \"name\": \"created_at\", \"type\": \"datetime\", \"unsigned\": false, \"defaultTo\": null, \"notNullable\": false}, {\"args\": [{\"useTz\": false, \"precision\": 6}], \"name\": \"updated_at\", \"type\": \"datetime\", \"unsigned\": false, \"defaultTo\": null, \"notNullable\": false}, {\"args\": [{\"useTz\": false, \"precision\": 6}], \"name\": \"published_at\", \"type\": \"datetime\", \"unsigned\": false, \"defaultTo\": null, \"notNullable\": false}, {\"args\": [], \"name\": \"created_by_id\", \"type\": \"integer\", \"unsigned\": true, \"defaultTo\": null, \"notNullable\": false}, {\"args\": [], \"name\": \"updated_by_id\", \"type\": \"integer\", \"unsigned\": true, \"defaultTo\": null, \"notNullable\": false}, {\"args\": [], \"name\": \"locale\", \"type\": \"string\", \"unsigned\": false, \"defaultTo\": null, \"notNullable\": false}], \"indexes\": [{\"name\": \"tncs_created_by_id_fk\", \"columns\": [\"created_by_id\"]}, {\"name\": \"tncs_updated_by_id_fk\", \"columns\": [\"updated_by_id\"]}], \"foreignKeys\": [{\"name\": \"tncs_created_by_id_fk\", \"columns\": [\"created_by_id\"], \"onDelete\": \"SET NULL\", \"referencedTable\": \"admin_users\", \"referencedColumns\": [\"id\"]}, {\"name\": \"tncs_updated_by_id_fk\", \"columns\": [\"updated_by_id\"], \"onDelete\": \"SET NULL\", \"referencedTable\": \"admin_users\", \"referencedColumns\": [\"id\"]}]}, {\"name\": \"unreg_users\", \"columns\": [{\"args\": [{\"primary\": true, \"primaryKey\": true}], \"name\": \"id\", \"type\": \"increments\", \"unsigned\": false, \"defaultTo\": null, \"notNullable\": true}, {\"args\": [], \"name\": \"firebase_token\", \"type\": \"string\", \"unsigned\": false, \"defaultTo\": null, \"notNullable\": false}, {\"args\": [{\"useTz\": false, \"precision\": 6}], \"name\": \"created_at\", \"type\": \"datetime\", \"unsigned\": false, \"defaultTo\": null, \"notNullable\": false}, {\"args\": [{\"useTz\": false, \"precision\": 6}], \"name\": \"updated_at\", \"type\": \"datetime\", \"unsigned\": false, \"defaultTo\": null, \"notNullable\": false}, {\"args\": [], \"name\": \"created_by_id\", \"type\": \"integer\", \"unsigned\": true, \"defaultTo\": null, \"notNullable\": false}, {\"args\": [], \"name\": \"updated_by_id\", \"type\": \"integer\", \"unsigned\": true, \"defaultTo\": null, \"notNullable\": false}], \"indexes\": [{\"name\": \"unreg_users_created_by_id_fk\", \"columns\": [\"created_by_id\"]}, {\"name\": \"unreg_users_updated_by_id_fk\", \"columns\": [\"updated_by_id\"]}], \"foreignKeys\": [{\"name\": \"unreg_users_created_by_id_fk\", \"columns\": [\"created_by_id\"], \"onDelete\": \"SET NULL\", \"referencedTable\": \"admin_users\", \"referencedColumns\": [\"id\"]}, {\"name\": \"unreg_users_updated_by_id_fk\", \"columns\": [\"updated_by_id\"], \"onDelete\": \"SET NULL\", \"referencedTable\": \"admin_users\", \"referencedColumns\": [\"id\"]}]}, {\"name\": \"admin_permissions_role_links\", \"columns\": [{\"args\": [{\"primary\": true, \"primaryKey\": true}], \"name\": \"id\", \"type\": \"increments\", \"unsigned\": false, \"defaultTo\": null, \"notNullable\": true}, {\"args\": [], \"name\": \"permission_id\", \"type\": \"integer\", \"unsigned\": true, \"defaultTo\": null, \"notNullable\": false}, {\"args\": [], \"name\": \"role_id\", \"type\": \"integer\", \"unsigned\": true, \"defaultTo\": null, \"notNullable\": false}], \"indexes\": [{\"name\": \"admin_permissions_role_links_fk\", \"columns\": [\"permission_id\"]}, {\"name\": \"admin_permissions_role_links_inv_fk\", \"columns\": [\"role_id\"]}], \"foreignKeys\": [{\"name\": \"admin_permissions_role_links_fk\", \"columns\": [\"permission_id\"], \"onDelete\": \"CASCADE\", \"referencedTable\": \"admin_permissions\", \"referencedColumns\": [\"id\"]}, {\"name\": \"admin_permissions_role_links_inv_fk\", \"columns\": [\"role_id\"], \"onDelete\": \"CASCADE\", \"referencedTable\": \"admin_roles\", \"referencedColumns\": [\"id\"]}]}, {\"name\": \"admin_users_roles_links\", \"columns\": [{\"args\": [{\"primary\": true, \"primaryKey\": true}], \"name\": \"id\", \"type\": \"increments\", \"unsigned\": false, \"defaultTo\": null, \"notNullable\": true}, {\"args\": [], \"name\": \"user_id\", \"type\": \"integer\", \"unsigned\": true, \"defaultTo\": null, \"notNullable\": false}, {\"args\": [], \"name\": \"role_id\", \"type\": \"integer\", \"unsigned\": true, \"defaultTo\": null, \"notNullable\": false}], \"indexes\": [{\"name\": \"admin_users_roles_links_fk\", \"columns\": [\"user_id\"]}, {\"name\": \"admin_users_roles_links_inv_fk\", \"columns\": [\"role_id\"]}], \"foreignKeys\": [{\"name\": \"admin_users_roles_links_fk\", \"columns\": [\"user_id\"], \"onDelete\": \"CASCADE\", \"referencedTable\": \"admin_users\", \"referencedColumns\": [\"id\"]}, {\"name\": \"admin_users_roles_links_inv_fk\", \"columns\": [\"role_id\"], \"onDelete\": \"CASCADE\", \"referencedTable\": \"admin_roles\", \"referencedColumns\": [\"id\"]}]}, {\"name\": \"strapi_api_token_permissions_token_links\", \"columns\": [{\"args\": [{\"primary\": true, \"primaryKey\": true}], \"name\": \"id\", \"type\": \"increments\", \"unsigned\": false, \"defaultTo\": null, \"notNullable\": true}, {\"args\": [], \"name\": \"api_token_permission_id\", \"type\": \"integer\", \"unsigned\": true, \"defaultTo\": null, \"notNullable\": false}, {\"args\": [], \"name\": \"api_token_id\", \"type\": \"integer\", \"unsigned\": true, \"defaultTo\": null, \"notNullable\": false}], \"indexes\": [{\"name\": \"strapi_api_token_permissions_token_links_fk\", \"columns\": [\"api_token_permission_id\"]}, {\"name\": \"strapi_api_token_permissions_token_links_inv_fk\", \"columns\": [\"api_token_id\"]}], \"foreignKeys\": [{\"name\": \"strapi_api_token_permissions_token_links_fk\", \"columns\": [\"api_token_permission_id\"], \"onDelete\": \"CASCADE\", \"referencedTable\": \"strapi_api_token_permissions\", \"referencedColumns\": [\"id\"]}, {\"name\": \"strapi_api_token_permissions_token_links_inv_fk\", \"columns\": [\"api_token_id\"], \"onDelete\": \"CASCADE\", \"referencedTable\": \"strapi_api_tokens\", \"referencedColumns\": [\"id\"]}]}, {\"name\": \"files_related_morphs\", \"columns\": [{\"args\": [{\"primary\": true, \"primaryKey\": true}], \"name\": \"id\", \"type\": \"increments\", \"unsigned\": false, \"defaultTo\": null, \"notNullable\": true}, {\"args\": [], \"name\": \"file_id\", \"type\": \"integer\", \"unsigned\": true, \"defaultTo\": null, \"notNullable\": false}, {\"args\": [], \"name\": \"related_id\", \"type\": \"integer\", \"unsigned\": true, \"defaultTo\": null, \"notNullable\": false}, {\"args\": [], \"name\": \"related_type\", \"type\": \"string\", \"unsigned\": false, \"defaultTo\": null, \"notNullable\": false}, {\"args\": [], \"name\": \"field\", \"type\": \"string\", \"unsigned\": false, \"defaultTo\": null, \"notNullable\": false}, {\"args\": [], \"name\": \"order\", \"type\": \"integer\", \"unsigned\": true, \"defaultTo\": null, \"notNullable\": false}], \"indexes\": [{\"name\": \"files_related_morphs_fk\", \"columns\": [\"file_id\"]}], \"foreignKeys\": [{\"name\": \"files_related_morphs_fk\", \"columns\": [\"file_id\"], \"onDelete\": \"CASCADE\", \"referencedTable\": \"files\", \"referencedColumns\": [\"id\"]}]}, {\"name\": \"files_folder_links\", \"columns\": [{\"args\": [{\"primary\": true, \"primaryKey\": true}], \"name\": \"id\", \"type\": \"increments\", \"unsigned\": false, \"defaultTo\": null, \"notNullable\": true}, {\"args\": [], \"name\": \"file_id\", \"type\": \"integer\", \"unsigned\": true, \"defaultTo\": null, \"notNullable\": false}, {\"args\": [], \"name\": \"folder_id\", \"type\": \"integer\", \"unsigned\": true, \"defaultTo\": null, \"notNullable\": false}], \"indexes\": [{\"name\": \"files_folder_links_fk\", \"columns\": [\"file_id\"]}, {\"name\": \"files_folder_links_inv_fk\", \"columns\": [\"folder_id\"]}], \"foreignKeys\": [{\"name\": \"files_folder_links_fk\", \"columns\": [\"file_id\"], \"onDelete\": \"CASCADE\", \"referencedTable\": \"files\", \"referencedColumns\": [\"id\"]}, {\"name\": \"files_folder_links_inv_fk\", \"columns\": [\"folder_id\"], \"onDelete\": \"CASCADE\", \"referencedTable\": \"upload_folders\", \"referencedColumns\": [\"id\"]}]}, {\"name\": \"upload_folders_parent_links\", \"columns\": [{\"args\": [{\"primary\": true, \"primaryKey\": true}], \"name\": \"id\", \"type\": \"increments\", \"unsigned\": false, \"defaultTo\": null, \"notNullable\": true}, {\"args\": [], \"name\": \"folder_id\", \"type\": \"integer\", \"unsigned\": true, \"defaultTo\": null, \"notNullable\": false}, {\"args\": [], \"name\": \"inv_folder_id\", \"type\": \"integer\", \"unsigned\": true, \"defaultTo\": null, \"notNullable\": false}], \"indexes\": [{\"name\": \"upload_folders_parent_links_fk\", \"columns\": [\"folder_id\"]}, {\"name\": \"upload_folders_parent_links_inv_fk\", \"columns\": [\"inv_folder_id\"]}], \"foreignKeys\": [{\"name\": \"upload_folders_parent_links_fk\", \"columns\": [\"folder_id\"], \"onDelete\": \"CASCADE\", \"referencedTable\": \"upload_folders\", \"referencedColumns\": [\"id\"]}, {\"name\": \"upload_folders_parent_links_inv_fk\", \"columns\": [\"inv_folder_id\"], \"onDelete\": \"CASCADE\", \"referencedTable\": \"upload_folders\", \"referencedColumns\": [\"id\"]}]}, {\"name\": \"up_permissions_role_links\", \"columns\": [{\"args\": [{\"primary\": true, \"primaryKey\": true}], \"name\": \"id\", \"type\": \"increments\", \"unsigned\": false, \"defaultTo\": null, \"notNullable\": true}, {\"args\": [], \"name\": \"permission_id\", \"type\": \"integer\", \"unsigned\": true, \"defaultTo\": null, \"notNullable\": false}, {\"args\": [], \"name\": \"role_id\", \"type\": \"integer\", \"unsigned\": true, \"defaultTo\": null, \"notNullable\": false}], \"indexes\": [{\"name\": \"up_permissions_role_links_fk\", \"columns\": [\"permission_id\"]}, {\"name\": \"up_permissions_role_links_inv_fk\", \"columns\": [\"role_id\"]}], \"foreignKeys\": [{\"name\": \"up_permissions_role_links_fk\", \"columns\": [\"permission_id\"], \"onDelete\": \"CASCADE\", \"referencedTable\": \"up_permissions\", \"referencedColumns\": [\"id\"]}, {\"name\": \"up_permissions_role_links_inv_fk\", \"columns\": [\"role_id\"], \"onDelete\": \"CASCADE\", \"referencedTable\": \"up_roles\", \"referencedColumns\": [\"id\"]}]}, {\"name\": \"up_users_role_links\", \"columns\": [{\"args\": [{\"primary\": true, \"primaryKey\": true}], \"name\": \"id\", \"type\": \"increments\", \"unsigned\": false, \"defaultTo\": null, \"notNullable\": true}, {\"args\": [], \"name\": \"user_id\", \"type\": \"integer\", \"unsigned\": true, \"defaultTo\": null, \"notNullable\": false}, {\"args\": [], \"name\": \"role_id\", \"type\": \"integer\", \"unsigned\": true, \"defaultTo\": null, \"notNullable\": false}], \"indexes\": [{\"name\": \"up_users_role_links_fk\", \"columns\": [\"user_id\"]}, {\"name\": \"up_users_role_links_inv_fk\", \"columns\": [\"role_id\"]}], \"foreignKeys\": [{\"name\": \"up_users_role_links_fk\", \"columns\": [\"user_id\"], \"onDelete\": \"CASCADE\", \"referencedTable\": \"up_users\", \"referencedColumns\": [\"id\"]}, {\"name\": \"up_users_role_links_inv_fk\", \"columns\": [\"role_id\"], \"onDelete\": \"CASCADE\", \"referencedTable\": \"up_roles\", \"referencedColumns\": [\"id\"]}]}, {\"name\": \"up_users_alerts_links\", \"columns\": [{\"args\": [{\"primary\": true, \"primaryKey\": true}], \"name\": \"id\", \"type\": \"increments\", \"unsigned\": false, \"defaultTo\": null, \"notNullable\": true}, {\"args\": [], \"name\": \"user_id\", \"type\": \"integer\", \"unsigned\": true, \"defaultTo\": null, \"notNullable\": false}, {\"args\": [], \"name\": \"alert_id\", \"type\": \"integer\", \"unsigned\": true, \"defaultTo\": null, \"notNullable\": false}], \"indexes\": [{\"name\": \"up_users_alerts_links_fk\", \"columns\": [\"user_id\"]}, {\"name\": \"up_users_alerts_links_inv_fk\", \"columns\": [\"alert_id\"]}], \"foreignKeys\": [{\"name\": \"up_users_alerts_links_fk\", \"columns\": [\"user_id\"], \"onDelete\": \"CASCADE\", \"referencedTable\": \"up_users\", \"referencedColumns\": [\"id\"]}, {\"name\": \"up_users_alerts_links_inv_fk\", \"columns\": [\"alert_id\"], \"onDelete\": \"CASCADE\", \"referencedTable\": \"alerts\", \"referencedColumns\": [\"id\"]}]}, {\"name\": \"up_users_judete_links\", \"columns\": [{\"args\": [{\"primary\": true, \"primaryKey\": true}], \"name\": \"id\", \"type\": \"increments\", \"unsigned\": false, \"defaultTo\": null, \"notNullable\": true}, {\"args\": [], \"name\": \"user_id\", \"type\": \"integer\", \"unsigned\": true, \"defaultTo\": null, \"notNullable\": false}, {\"args\": [], \"name\": \"county_id\", \"type\": \"integer\", \"unsigned\": true, \"defaultTo\": null, \"notNullable\": false}], \"indexes\": [{\"name\": \"up_users_judete_links_fk\", \"columns\": [\"user_id\"]}, {\"name\": \"up_users_judete_links_inv_fk\", \"columns\": [\"county_id\"]}], \"foreignKeys\": [{\"name\": \"up_users_judete_links_fk\", \"columns\": [\"user_id\"], \"onDelete\": \"CASCADE\", \"referencedTable\": \"up_users\", \"referencedColumns\": [\"id\"]}, {\"name\": \"up_users_judete_links_inv_fk\", \"columns\": [\"county_id\"], \"onDelete\": \"CASCADE\", \"referencedTable\": \"counties\", \"referencedColumns\": [\"id\"]}]}, {\"name\": \"alerts_organizatie_links\", \"columns\": [{\"args\": [{\"primary\": true, \"primaryKey\": true}], \"name\": \"id\", \"type\": \"increments\", \"unsigned\": false, \"defaultTo\": null, \"notNullable\": true}, {\"args\": [], \"name\": \"alert_id\", \"type\": \"integer\", \"unsigned\": true, \"defaultTo\": null, \"notNullable\": false}, {\"args\": [], \"name\": \"organization_id\", \"type\": \"integer\", \"unsigned\": true, \"defaultTo\": null, \"notNullable\": false}], \"indexes\": [{\"name\": \"alerts_organizatie_links_fk\", \"columns\": [\"alert_id\"]}, {\"name\": \"alerts_organizatie_links_inv_fk\", \"columns\": [\"organization_id\"]}], \"foreignKeys\": [{\"name\": \"alerts_organizatie_links_fk\", \"columns\": [\"alert_id\"], \"onDelete\": \"CASCADE\", \"referencedTable\": \"alerts\", \"referencedColumns\": [\"id\"]}, {\"name\": \"alerts_organizatie_links_inv_fk\", \"columns\": [\"organization_id\"], \"onDelete\": \"CASCADE\", \"referencedTable\": \"organizations\", \"referencedColumns\": [\"id\"]}]}, {\"name\": \"alerts_judete_links\", \"columns\": [{\"args\": [{\"primary\": true, \"primaryKey\": true}], \"name\": \"id\", \"type\": \"increments\", \"unsigned\": false, \"defaultTo\": null, \"notNullable\": true}, {\"args\": [], \"name\": \"alert_id\", \"type\": \"integer\", \"unsigned\": true, \"defaultTo\": null, \"notNullable\": false}, {\"args\": [], \"name\": \"county_id\", \"type\": \"integer\", \"unsigned\": true, \"defaultTo\": null, \"notNullable\": false}], \"indexes\": [{\"name\": \"alerts_judete_links_fk\", \"columns\": [\"alert_id\"]}, {\"name\": \"alerts_judete_links_inv_fk\", \"columns\": [\"county_id\"]}], \"foreignKeys\": [{\"name\": \"alerts_judete_links_fk\", \"columns\": [\"alert_id\"], \"onDelete\": \"CASCADE\", \"referencedTable\": \"alerts\", \"referencedColumns\": [\"id\"]}, {\"name\": \"alerts_judete_links_inv_fk\", \"columns\": [\"county_id\"], \"onDelete\": \"CASCADE\", \"referencedTable\": \"counties\", \"referencedColumns\": [\"id\"]}]}, {\"name\": \"alerts_coduri_alerta_links\", \"columns\": [{\"args\": [{\"primary\": true, \"primaryKey\": true}], \"name\": \"id\", \"type\": \"increments\", \"unsigned\": false, \"defaultTo\": null, \"notNullable\": true}, {\"args\": [], \"name\": \"alert_id\", \"type\": \"integer\", \"unsigned\": true, \"defaultTo\": null, \"notNullable\": false}, {\"args\": [], \"name\": \"alerts_code_id\", \"type\": \"integer\", \"unsigned\": true, \"defaultTo\": null, \"notNullable\": false}], \"indexes\": [{\"name\": \"alerts_coduri_alerta_links_fk\", \"columns\": [\"alert_id\"]}, {\"name\": \"alerts_coduri_alerta_links_inv_fk\", \"columns\": [\"alerts_code_id\"]}], \"foreignKeys\": [{\"name\": \"alerts_coduri_alerta_links_fk\", \"columns\": [\"alert_id\"], \"onDelete\": \"CASCADE\", \"referencedTable\": \"alerts\", \"referencedColumns\": [\"id\"]}, {\"name\": \"alerts_coduri_alerta_links_inv_fk\", \"columns\": [\"alerts_code_id\"], \"onDelete\": \"CASCADE\", \"referencedTable\": \"alerts_codes\", \"referencedColumns\": [\"id\"]}]}, {\"name\": \"alerts_localizations_links\", \"columns\": [{\"args\": [{\"primary\": true, \"primaryKey\": true}], \"name\": \"id\", \"type\": \"increments\", \"unsigned\": false, \"defaultTo\": null, \"notNullable\": true}, {\"args\": [], \"name\": \"alert_id\", \"type\": \"integer\", \"unsigned\": true, \"defaultTo\": null, \"notNullable\": false}, {\"args\": [], \"name\": \"inv_alert_id\", \"type\": \"integer\", \"unsigned\": true, \"defaultTo\": null, \"notNullable\": false}], \"indexes\": [{\"name\": \"alerts_localizations_links_fk\", \"columns\": [\"alert_id\"]}, {\"name\": \"alerts_localizations_links_inv_fk\", \"columns\": [\"inv_alert_id\"]}], \"foreignKeys\": [{\"name\": \"alerts_localizations_links_fk\", \"columns\": [\"alert_id\"], \"onDelete\": \"CASCADE\", \"referencedTable\": \"alerts\", \"referencedColumns\": [\"id\"]}, {\"name\": \"alerts_localizations_links_inv_fk\", \"columns\": [\"inv_alert_id\"], \"onDelete\": \"CASCADE\", \"referencedTable\": \"alerts\", \"referencedColumns\": [\"id\"]}]}, {\"name\": \"alerts_codes_localizations_links\", \"columns\": [{\"args\": [{\"primary\": true, \"primaryKey\": true}], \"name\": \"id\", \"type\": \"increments\", \"unsigned\": false, \"defaultTo\": null, \"notNullable\": true}, {\"args\": [], \"name\": \"alerts_code_id\", \"type\": \"integer\", \"unsigned\": true, \"defaultTo\": null, \"notNullable\": false}, {\"args\": [], \"name\": \"inv_alerts_code_id\", \"type\": \"integer\", \"unsigned\": true, \"defaultTo\": null, \"notNullable\": false}], \"indexes\": [{\"name\": \"alerts_codes_localizations_links_fk\", \"columns\": [\"alerts_code_id\"]}, {\"name\": \"alerts_codes_localizations_links_inv_fk\", \"columns\": [\"inv_alerts_code_id\"]}], \"foreignKeys\": [{\"name\": \"alerts_codes_localizations_links_fk\", \"columns\": [\"alerts_code_id\"], \"onDelete\": \"CASCADE\", \"referencedTable\": \"alerts_codes\", \"referencedColumns\": [\"id\"]}, {\"name\": \"alerts_codes_localizations_links_inv_fk\", \"columns\": [\"inv_alerts_code_id\"], \"onDelete\": \"CASCADE\", \"referencedTable\": \"alerts_codes\", \"referencedColumns\": [\"id\"]}]}, {\"name\": \"articles_organizaties_links\", \"columns\": [{\"args\": [{\"primary\": true, \"primaryKey\": true}], \"name\": \"id\", \"type\": \"increments\", \"unsigned\": false, \"defaultTo\": null, \"notNullable\": true}, {\"args\": [], \"name\": \"article_id\", \"type\": \"integer\", \"unsigned\": true, \"defaultTo\": null, \"notNullable\": false}, {\"args\": [], \"name\": \"organization_id\", \"type\": \"integer\", \"unsigned\": true, \"defaultTo\": null, \"notNullable\": false}], \"indexes\": [{\"name\": \"articles_organizaties_links_fk\", \"columns\": [\"article_id\"]}, {\"name\": \"articles_organizaties_links_inv_fk\", \"columns\": [\"organization_id\"]}], \"foreignKeys\": [{\"name\": \"articles_organizaties_links_fk\", \"columns\": [\"article_id\"], \"onDelete\": \"CASCADE\", \"referencedTable\": \"articles\", \"referencedColumns\": [\"id\"]}, {\"name\": \"articles_organizaties_links_inv_fk\", \"columns\": [\"organization_id\"], \"onDelete\": \"CASCADE\", \"referencedTable\": \"organizations\", \"referencedColumns\": [\"id\"]}]}, {\"name\": \"articles_localizations_links\", \"columns\": [{\"args\": [{\"primary\": true, \"primaryKey\": true}], \"name\": \"id\", \"type\": \"increments\", \"unsigned\": false, \"defaultTo\": null, \"notNullable\": true}, {\"args\": [], \"name\": \"article_id\", \"type\": \"integer\", \"unsigned\": true, \"defaultTo\": null, \"notNullable\": false}, {\"args\": [], \"name\": \"inv_article_id\", \"type\": \"integer\", \"unsigned\": true, \"defaultTo\": null, \"notNullable\": false}], \"indexes\": [{\"name\": \"articles_localizations_links_fk\", \"columns\": [\"article_id\"]}, {\"name\": \"articles_localizations_links_inv_fk\", \"columns\": [\"inv_article_id\"]}], \"foreignKeys\": [{\"name\": \"articles_localizations_links_fk\", \"columns\": [\"article_id\"], \"onDelete\": \"CASCADE\", \"referencedTable\": \"articles\", \"referencedColumns\": [\"id\"]}, {\"name\": \"articles_localizations_links_inv_fk\", \"columns\": [\"inv_article_id\"], \"onDelete\": \"CASCADE\", \"referencedTable\": \"articles\", \"referencedColumns\": [\"id\"]}]}, {\"name\": \"audits_admin_user_links\", \"columns\": [{\"args\": [{\"primary\": true, \"primaryKey\": true}], \"name\": \"id\", \"type\": \"increments\", \"unsigned\": false, \"defaultTo\": null, \"notNullable\": true}, {\"args\": [], \"name\": \"audit_id\", \"type\": \"integer\", \"unsigned\": true, \"defaultTo\": null, \"notNullable\": false}, {\"args\": [], \"name\": \"user_id\", \"type\": \"integer\", \"unsigned\": true, \"defaultTo\": null, \"notNullable\": false}], \"indexes\": [{\"name\": \"audits_admin_user_links_fk\", \"columns\": [\"audit_id\"]}, {\"name\": \"audits_admin_user_links_inv_fk\", \"columns\": [\"user_id\"]}], \"foreignKeys\": [{\"name\": \"audits_admin_user_links_fk\", \"columns\": [\"audit_id\"], \"onDelete\": \"CASCADE\", \"referencedTable\": \"audits\", \"referencedColumns\": [\"id\"]}, {\"name\": \"audits_admin_user_links_inv_fk\", \"columns\": [\"user_id\"], \"onDelete\": \"CASCADE\", \"referencedTable\": \"admin_users\", \"referencedColumns\": [\"id\"]}]}, {\"name\": \"caravana_dsus_localizations_links\", \"columns\": [{\"args\": [{\"primary\": true, \"primaryKey\": true}], \"name\": \"id\", \"type\": \"increments\", \"unsigned\": false, \"defaultTo\": null, \"notNullable\": true}, {\"args\": [], \"name\": \"caravana_dsu_id\", \"type\": \"integer\", \"unsigned\": true, \"defaultTo\": null, \"notNullable\": false}, {\"args\": [], \"name\": \"inv_caravana_dsu_id\", \"type\": \"integer\", \"unsigned\": true, \"defaultTo\": null, \"notNullable\": false}], \"indexes\": [{\"name\": \"caravana_dsus_localizations_links_fk\", \"columns\": [\"caravana_dsu_id\"]}, {\"name\": \"caravana_dsus_localizations_links_inv_fk\", \"columns\": [\"inv_caravana_dsu_id\"]}], \"foreignKeys\": [{\"name\": \"caravana_dsus_localizations_links_fk\", \"columns\": [\"caravana_dsu_id\"], \"onDelete\": \"CASCADE\", \"referencedTable\": \"caravana_dsus\", \"referencedColumns\": [\"id\"]}, {\"name\": \"caravana_dsus_localizations_links_inv_fk\", \"columns\": [\"inv_caravana_dsu_id\"], \"onDelete\": \"CASCADE\", \"referencedTable\": \"caravana_dsus\", \"referencedColumns\": [\"id\"]}]}, {\"name\": \"counties_alerte_links\", \"columns\": [{\"args\": [{\"primary\": true, \"primaryKey\": true}], \"name\": \"id\", \"type\": \"increments\", \"unsigned\": false, \"defaultTo\": null, \"notNullable\": true}, {\"args\": [], \"name\": \"county_id\", \"type\": \"integer\", \"unsigned\": true, \"defaultTo\": null, \"notNullable\": false}, {\"args\": [], \"name\": \"alert_id\", \"type\": \"integer\", \"unsigned\": true, \"defaultTo\": null, \"notNullable\": false}], \"indexes\": [{\"name\": \"counties_alerte_links_fk\", \"columns\": [\"county_id\"]}, {\"name\": \"counties_alerte_links_inv_fk\", \"columns\": [\"alert_id\"]}], \"foreignKeys\": [{\"name\": \"counties_alerte_links_fk\", \"columns\": [\"county_id\"], \"onDelete\": \"CASCADE\", \"referencedTable\": \"counties\", \"referencedColumns\": [\"id\"]}, {\"name\": \"counties_alerte_links_inv_fk\", \"columns\": [\"alert_id\"], \"onDelete\": \"CASCADE\", \"referencedTable\": \"alerts\", \"referencedColumns\": [\"id\"]}]}, {\"name\": \"counties_users_links\", \"columns\": [{\"args\": [{\"primary\": true, \"primaryKey\": true}], \"name\": \"id\", \"type\": \"increments\", \"unsigned\": false, \"defaultTo\": null, \"notNullable\": true}, {\"args\": [], \"name\": \"county_id\", \"type\": \"integer\", \"unsigned\": true, \"defaultTo\": null, \"notNullable\": false}, {\"args\": [], \"name\": \"user_id\", \"type\": \"integer\", \"unsigned\": true, \"defaultTo\": null, \"notNullable\": false}], \"indexes\": [{\"name\": \"counties_users_links_fk\", \"columns\": [\"county_id\"]}, {\"name\": \"counties_users_links_inv_fk\", \"columns\": [\"user_id\"]}], \"foreignKeys\": [{\"name\": \"counties_users_links_fk\", \"columns\": [\"county_id\"], \"onDelete\": \"CASCADE\", \"referencedTable\": \"counties\", \"referencedColumns\": [\"id\"]}, {\"name\": \"counties_users_links_inv_fk\", \"columns\": [\"user_id\"], \"onDelete\": \"CASCADE\", \"referencedTable\": \"up_users\", \"referencedColumns\": [\"id\"]}]}, {\"name\": \"courses_categorie_cursuri_links\", \"columns\": [{\"args\": [{\"primary\": true, \"primaryKey\": true}], \"name\": \"id\", \"type\": \"increments\", \"unsigned\": false, \"defaultTo\": null, \"notNullable\": true}, {\"args\": [], \"name\": \"course_id\", \"type\": \"integer\", \"unsigned\": true, \"defaultTo\": null, \"notNullable\": false}, {\"args\": [], \"name\": \"courses_category_id\", \"type\": \"integer\", \"unsigned\": true, \"defaultTo\": null, \"notNullable\": false}], \"indexes\": [{\"name\": \"courses_categorie_cursuri_links_fk\", \"columns\": [\"course_id\"]}, {\"name\": \"courses_categorie_cursuri_links_inv_fk\", \"columns\": [\"courses_category_id\"]}], \"foreignKeys\": [{\"name\": \"courses_categorie_cursuri_links_fk\", \"columns\": [\"course_id\"], \"onDelete\": \"CASCADE\", \"referencedTable\": \"courses\", \"referencedColumns\": [\"id\"]}, {\"name\": \"courses_categorie_cursuri_links_inv_fk\", \"columns\": [\"courses_category_id\"], \"onDelete\": \"CASCADE\", \"referencedTable\": \"courses_categories\", \"referencedColumns\": [\"id\"]}]}, {\"name\": \"courses_localizations_links\", \"columns\": [{\"args\": [{\"primary\": true, \"primaryKey\": true}], \"name\": \"id\", \"type\": \"increments\", \"unsigned\": false, \"defaultTo\": null, \"notNullable\": true}, {\"args\": [], \"name\": \"course_id\", \"type\": \"integer\", \"unsigned\": true, \"defaultTo\": null, \"notNullable\": false}, {\"args\": [], \"name\": \"inv_course_id\", \"type\": \"integer\", \"unsigned\": true, \"defaultTo\": null, \"notNullable\": false}], \"indexes\": [{\"name\": \"courses_localizations_links_fk\", \"columns\": [\"course_id\"]}, {\"name\": \"courses_localizations_links_inv_fk\", \"columns\": [\"inv_course_id\"]}], \"foreignKeys\": [{\"name\": \"courses_localizations_links_fk\", \"columns\": [\"course_id\"], \"onDelete\": \"CASCADE\", \"referencedTable\": \"courses\", \"referencedColumns\": [\"id\"]}, {\"name\": \"courses_localizations_links_inv_fk\", \"columns\": [\"inv_course_id\"], \"onDelete\": \"CASCADE\", \"referencedTable\": \"courses\", \"referencedColumns\": [\"id\"]}]}, {\"name\": \"courses_categories_localizations_links\", \"columns\": [{\"args\": [{\"primary\": true, \"primaryKey\": true}], \"name\": \"id\", \"type\": \"increments\", \"unsigned\": false, \"defaultTo\": null, \"notNullable\": true}, {\"args\": [], \"name\": \"courses_category_id\", \"type\": \"integer\", \"unsigned\": true, \"defaultTo\": null, \"notNullable\": false}, {\"args\": [], \"name\": \"inv_courses_category_id\", \"type\": \"integer\", \"unsigned\": true, \"defaultTo\": null, \"notNullable\": false}], \"indexes\": [{\"name\": \"courses_categories_localizations_links_fk\", \"columns\": [\"courses_category_id\"]}, {\"name\": \"courses_categories_localizations_links_inv_fk\", \"columns\": [\"inv_courses_category_id\"]}], \"foreignKeys\": [{\"name\": \"courses_categories_localizations_links_fk\", \"columns\": [\"courses_category_id\"], \"onDelete\": \"CASCADE\", \"referencedTable\": \"courses_categories\", \"referencedColumns\": [\"id\"]}, {\"name\": \"courses_categories_localizations_links_inv_fk\", \"columns\": [\"inv_courses_category_id\"], \"onDelete\": \"CASCADE\", \"referencedTable\": \"courses_categories\", \"referencedColumns\": [\"id\"]}]}, {\"name\": \"ip_categories_localizations_links\", \"columns\": [{\"args\": [{\"primary\": true, \"primaryKey\": true}], \"name\": \"id\", \"type\": \"increments\", \"unsigned\": false, \"defaultTo\": null, \"notNullable\": true}, {\"args\": [], \"name\": \"ip_category_id\", \"type\": \"integer\", \"unsigned\": true, \"defaultTo\": null, \"notNullable\": false}, {\"args\": [], \"name\": \"inv_ip_category_id\", \"type\": \"integer\", \"unsigned\": true, \"defaultTo\": null, \"notNullable\": false}], \"indexes\": [{\"name\": \"ip_categories_localizations_links_fk\", \"columns\": [\"ip_category_id\"]}, {\"name\": \"ip_categories_localizations_links_inv_fk\", \"columns\": [\"inv_ip_category_id\"]}], \"foreignKeys\": [{\"name\": \"ip_categories_localizations_links_fk\", \"columns\": [\"ip_category_id\"], \"onDelete\": \"CASCADE\", \"referencedTable\": \"ip_categories\", \"referencedColumns\": [\"id\"]}, {\"name\": \"ip_categories_localizations_links_inv_fk\", \"columns\": [\"inv_ip_category_id\"], \"onDelete\": \"CASCADE\", \"referencedTable\": \"ip_categories\", \"referencedColumns\": [\"id\"]}]}, {\"name\": \"ip_points_ip_category_links\", \"columns\": [{\"args\": [{\"primary\": true, \"primaryKey\": true}], \"name\": \"id\", \"type\": \"increments\", \"unsigned\": false, \"defaultTo\": null, \"notNullable\": true}, {\"args\": [], \"name\": \"ip_point_id\", \"type\": \"integer\", \"unsigned\": true, \"defaultTo\": null, \"notNullable\": false}, {\"args\": [], \"name\": \"ip_category_id\", \"type\": \"integer\", \"unsigned\": true, \"defaultTo\": null, \"notNullable\": false}], \"indexes\": [{\"name\": \"ip_points_ip_category_links_fk\", \"columns\": [\"ip_point_id\"]}, {\"name\": \"ip_points_ip_category_links_inv_fk\", \"columns\": [\"ip_category_id\"]}], \"foreignKeys\": [{\"name\": \"ip_points_ip_category_links_fk\", \"columns\": [\"ip_point_id\"], \"onDelete\": \"CASCADE\", \"referencedTable\": \"ip_points\", \"referencedColumns\": [\"id\"]}, {\"name\": \"ip_points_ip_category_links_inv_fk\", \"columns\": [\"ip_category_id\"], \"onDelete\": \"CASCADE\", \"referencedTable\": \"ip_categories\", \"referencedColumns\": [\"id\"]}]}, {\"name\": \"links_localizations_links\", \"columns\": [{\"args\": [{\"primary\": true, \"primaryKey\": true}], \"name\": \"id\", \"type\": \"increments\", \"unsigned\": false, \"defaultTo\": null, \"notNullable\": true}, {\"args\": [], \"name\": \"link_id\", \"type\": \"integer\", \"unsigned\": true, \"defaultTo\": null, \"notNullable\": false}, {\"args\": [], \"name\": \"inv_link_id\", \"type\": \"integer\", \"unsigned\": true, \"defaultTo\": null, \"notNullable\": false}], \"indexes\": [{\"name\": \"links_localizations_links_fk\", \"columns\": [\"link_id\"]}, {\"name\": \"links_localizations_links_inv_fk\", \"columns\": [\"inv_link_id\"]}], \"foreignKeys\": [{\"name\": \"links_localizations_links_fk\", \"columns\": [\"link_id\"], \"onDelete\": \"CASCADE\", \"referencedTable\": \"links\", \"referencedColumns\": [\"id\"]}, {\"name\": \"links_localizations_links_inv_fk\", \"columns\": [\"inv_link_id\"], \"onDelete\": \"CASCADE\", \"referencedTable\": \"links\", \"referencedColumns\": [\"id\"]}]}, {\"name\": \"pozitions_utilizatori_links\", \"columns\": [{\"args\": [{\"primary\": true, \"primaryKey\": true}], \"name\": \"id\", \"type\": \"increments\", \"unsigned\": false, \"defaultTo\": null, \"notNullable\": true}, {\"args\": [], \"name\": \"pozition_id\", \"type\": \"integer\", \"unsigned\": true, \"defaultTo\": null, \"notNullable\": false}, {\"args\": [], \"name\": \"user_id\", \"type\": \"integer\", \"unsigned\": true, \"defaultTo\": null, \"notNullable\": false}], \"indexes\": [{\"name\": \"pozitions_utilizatori_links_fk\", \"columns\": [\"pozition_id\"]}, {\"name\": \"pozitions_utilizatori_links_inv_fk\", \"columns\": [\"user_id\"]}], \"foreignKeys\": [{\"name\": \"pozitions_utilizatori_links_fk\", \"columns\": [\"pozition_id\"], \"onDelete\": \"CASCADE\", \"referencedTable\": \"pozitions\", \"referencedColumns\": [\"id\"]}, {\"name\": \"pozitions_utilizatori_links_inv_fk\", \"columns\": [\"user_id\"], \"onDelete\": \"CASCADE\", \"referencedTable\": \"admin_users\", \"referencedColumns\": [\"id\"]}]}, {\"name\": \"pozitions_localizations_links\", \"columns\": [{\"args\": [{\"primary\": true, \"primaryKey\": true}], \"name\": \"id\", \"type\": \"increments\", \"unsigned\": false, \"defaultTo\": null, \"notNullable\": true}, {\"args\": [], \"name\": \"pozition_id\", \"type\": \"integer\", \"unsigned\": true, \"defaultTo\": null, \"notNullable\": false}, {\"args\": [], \"name\": \"inv_pozition_id\", \"type\": \"integer\", \"unsigned\": true, \"defaultTo\": null, \"notNullable\": false}], \"indexes\": [{\"name\": \"pozitions_localizations_links_fk\", \"columns\": [\"pozition_id\"]}, {\"name\": \"pozitions_localizations_links_inv_fk\", \"columns\": [\"inv_pozition_id\"]}], \"foreignKeys\": [{\"name\": \"pozitions_localizations_links_fk\", \"columns\": [\"pozition_id\"], \"onDelete\": \"CASCADE\", \"referencedTable\": \"pozitions\", \"referencedColumns\": [\"id\"]}, {\"name\": \"pozitions_localizations_links_inv_fk\", \"columns\": [\"inv_pozition_id\"], \"onDelete\": \"CASCADE\", \"referencedTable\": \"pozitions\", \"referencedColumns\": [\"id\"]}]}, {\"name\": \"privacy_policies_localizations_links\", \"columns\": [{\"args\": [{\"primary\": true, \"primaryKey\": true}], \"name\": \"id\", \"type\": \"increments\", \"unsigned\": false, \"defaultTo\": null, \"notNullable\": true}, {\"args\": [], \"name\": \"privacy_policy_id\", \"type\": \"integer\", \"unsigned\": true, \"defaultTo\": null, \"notNullable\": false}, {\"args\": [], \"name\": \"inv_privacy_policy_id\", \"type\": \"integer\", \"unsigned\": true, \"defaultTo\": null, \"notNullable\": false}], \"indexes\": [{\"name\": \"privacy_policies_localizations_links_fk\", \"columns\": [\"privacy_policy_id\"]}, {\"name\": \"privacy_policies_localizations_links_inv_fk\", \"columns\": [\"inv_privacy_policy_id\"]}], \"foreignKeys\": [{\"name\": \"privacy_policies_localizations_links_fk\", \"columns\": [\"privacy_policy_id\"], \"onDelete\": \"CASCADE\", \"referencedTable\": \"privacy_policies\", \"referencedColumns\": [\"id\"]}, {\"name\": \"privacy_policies_localizations_links_inv_fk\", \"columns\": [\"inv_privacy_policy_id\"], \"onDelete\": \"CASCADE\", \"referencedTable\": \"privacy_policies\", \"referencedColumns\": [\"id\"]}]}, {\"name\": \"reportings_uploader_links\", \"columns\": [{\"args\": [{\"primary\": true, \"primaryKey\": true}], \"name\": \"id\", \"type\": \"increments\", \"unsigned\": false, \"defaultTo\": null, \"notNullable\": true}, {\"args\": [], \"name\": \"reporting_id\", \"type\": \"integer\", \"unsigned\": true, \"defaultTo\": null, \"notNullable\": false}, {\"args\": [], \"name\": \"user_id\", \"type\": \"integer\", \"unsigned\": true, \"defaultTo\": null, \"notNullable\": false}], \"indexes\": [{\"name\": \"reportings_uploader_links_fk\", \"columns\": [\"reporting_id\"]}, {\"name\": \"reportings_uploader_links_inv_fk\", \"columns\": [\"user_id\"]}], \"foreignKeys\": [{\"name\": \"reportings_uploader_links_fk\", \"columns\": [\"reporting_id\"], \"onDelete\": \"CASCADE\", \"referencedTable\": \"reportings\", \"referencedColumns\": [\"id\"]}, {\"name\": \"reportings_uploader_links_inv_fk\", \"columns\": [\"user_id\"], \"onDelete\": \"CASCADE\", \"referencedTable\": \"up_users\", \"referencedColumns\": [\"id\"]}]}, {\"name\": \"tncs_localizations_links\", \"columns\": [{\"args\": [{\"primary\": true, \"primaryKey\": true}], \"name\": \"id\", \"type\": \"increments\", \"unsigned\": false, \"defaultTo\": null, \"notNullable\": true}, {\"args\": [], \"name\": \"tnc_id\", \"type\": \"integer\", \"unsigned\": true, \"defaultTo\": null, \"notNullable\": false}, {\"args\": [], \"name\": \"inv_tnc_id\", \"type\": \"integer\", \"unsigned\": true, \"defaultTo\": null, \"notNullable\": false}], \"indexes\": [{\"name\": \"tncs_localizations_links_fk\", \"columns\": [\"tnc_id\"]}, {\"name\": \"tncs_localizations_links_inv_fk\", \"columns\": [\"inv_tnc_id\"]}], \"foreignKeys\": [{\"name\": \"tncs_localizations_links_fk\", \"columns\": [\"tnc_id\"], \"onDelete\": \"CASCADE\", \"referencedTable\": \"tncs\", \"referencedColumns\": [\"id\"]}, {\"name\": \"tncs_localizations_links_inv_fk\", \"columns\": [\"inv_tnc_id\"], \"onDelete\": \"CASCADE\", \"referencedTable\": \"tncs\", \"referencedColumns\": [\"id\"]}]}]}','2022-10-28 11:39:36','09cf3613954094975e7c753b0b2c0e8c');
/*!40000 ALTER TABLE `strapi_database_schema` ENABLE KEYS */;
UNLOCK TABLES;

--
-- Table structure for table `strapi_migrations`
--

DROP TABLE IF EXISTS `strapi_migrations`;
/*!40101 SET @saved_cs_client     = @@character_set_client */;
/*!50503 SET character_set_client = utf8mb4 */;
CREATE TABLE `strapi_migrations` (
  `id` int(10) unsigned NOT NULL AUTO_INCREMENT,
  `name` varchar(255) DEFAULT NULL,
  `time` datetime DEFAULT NULL,
  PRIMARY KEY (`id`)
) ENGINE=InnoDB DEFAULT CHARSET=utf8;
/*!40101 SET character_set_client = @saved_cs_client */;

--
-- Dumping data for table `strapi_migrations`
--

LOCK TABLES `strapi_migrations` WRITE;
/*!40000 ALTER TABLE `strapi_migrations` DISABLE KEYS */;
/*!40000 ALTER TABLE `strapi_migrations` ENABLE KEYS */;
UNLOCK TABLES;

--
-- Table structure for table `strapi_webhooks`
--

DROP TABLE IF EXISTS `strapi_webhooks`;
/*!40101 SET @saved_cs_client     = @@character_set_client */;
/*!50503 SET character_set_client = utf8mb4 */;
CREATE TABLE `strapi_webhooks` (
  `id` int(10) unsigned NOT NULL AUTO_INCREMENT,
  `name` varchar(255) DEFAULT NULL,
  `url` longtext,
  `headers` json DEFAULT NULL,
  `events` json DEFAULT NULL,
  `enabled` tinyint(1) DEFAULT NULL,
  PRIMARY KEY (`id`)
) ENGINE=InnoDB DEFAULT CHARSET=utf8;
/*!40101 SET character_set_client = @saved_cs_client */;

--
-- Dumping data for table `strapi_webhooks`
--

LOCK TABLES `strapi_webhooks` WRITE;
/*!40000 ALTER TABLE `strapi_webhooks` DISABLE KEYS */;
/*!40000 ALTER TABLE `strapi_webhooks` ENABLE KEYS */;
UNLOCK TABLES;

--
-- Table structure for table `tncs`
--

DROP TABLE IF EXISTS `tncs`;
/*!40101 SET @saved_cs_client     = @@character_set_client */;
/*!50503 SET character_set_client = utf8mb4 */;
CREATE TABLE `tncs` (
  `id` int(10) unsigned NOT NULL AUTO_INCREMENT,
  `continut` longtext,
  `created_at` datetime(6) DEFAULT NULL,
  `updated_at` datetime(6) DEFAULT NULL,
  `published_at` datetime(6) DEFAULT NULL,
  `created_by_id` int(10) unsigned DEFAULT NULL,
  `updated_by_id` int(10) unsigned DEFAULT NULL,
  `locale` varchar(255) DEFAULT NULL,
  PRIMARY KEY (`id`),
  KEY `tncs_created_by_id_fk` (`created_by_id`),
  KEY `tncs_updated_by_id_fk` (`updated_by_id`),
  CONSTRAINT `tncs_created_by_id_fk` FOREIGN KEY (`created_by_id`) REFERENCES `admin_users` (`id`) ON DELETE SET NULL,
  CONSTRAINT `tncs_updated_by_id_fk` FOREIGN KEY (`updated_by_id`) REFERENCES `admin_users` (`id`) ON DELETE SET NULL
) ENGINE=InnoDB AUTO_INCREMENT=2 DEFAULT CHARSET=utf8;
/*!40101 SET character_set_client = @saved_cs_client */;

--
-- Dumping data for table `tncs`
--

LOCK TABLES `tncs` WRITE;
/*!40000 ALTER TABLE `tncs` DISABLE KEYS */;
INSERT INTO `tncs` VALUES (1,'Termeni si condiții\n\nDSU este o aplicație web ce poate fi accesată la adresa http://www.dsuapp.ro și care vă permite în baza unui cont de utilizator DSU să creați și să editați informații despre unul sau mai multe profile de date.\n\nAutoarea și titulara dreptului de proprietate intelectuală a DSU este Fundația pentru SMURD, cu sediul social în Târgu Mureș, str. Gheorghe Marinescu  nr. 50, județul Mureș, cod unic de inregistrare (CUI): 20177660. Fundația pentru SMURD a fost înregistrată în Registrul Asociațiilor și Fundațiilor aflat la Grefa Judecătoriei Târgu Mureș sub nr. 7/19.12.2006.      \n\nTermeni și definiții\n\nTermenii de mai jos se vor aplica tuturor utilizatorilor DSU, persoane fizice sau juridice, care accesează aplicația fără a avea un cont de utilizator, precum și deținătorilor unui cont de utilizator DSU.\n\nBeneficiar -  vizitatorii sau utilizatorii fără cont de acces, precum și deținătorii unui cont de utilizator DSU\n\nFurnizor - Fundația pentru SMURD,  autoare și titulară a dreptului de proprietate intelectuală a aplicației DSU și a domeniului www.dsuapp.ro\n\nDSU – aplicație web ce poate fi accesată la adresa www.dsuapp.ro; în cele ce urmează, DSU, Platforma sau Sistemul reprezintă unul și același lucru   \n\nCont de utilizator DSU – cont de utilizator cu drept de a crea și de a edita informații personale ca uitilizator al aplicației  \n\nDrepturi de proprietate intelectuală (DPI) – totalitatea drepturilor imateriale, precum dreptul de autor, know-how-ul, drepturile de bază de date, drepturi de proiectare, drepturi de model, patente, mărci înregistrate și înregistrări ale numelor de domenii\n\n\nConținutul aplicației DSU\n\nBeneficiarul este direct responsabil de orice conținut pe care îl introduce prin intermediul interfeței web DSU.\n\nBeneficiarul este direct responsabil de orice activitate în interiorul Platformei, de creare, editare, modificare sau ștergere de conținut care este făcută sub numele său de utilizator, Furnizorul rezervându-și dreptul de a interveni asupra conținutului respectiv, eliminându-l în cazul în care sunt nerespectate obligațiile prevăzute în prezentul document.\n\nBeneficiarului nu îi este permis să înregistreze în Platformă niciun fel de conținut care este ilegal, necorespunzător realității, dăunător, amenințător, abuziv, hărțuitor, defăimător, pornografic, invaziv în intimitatea altcuiva sau care afectează minorii în orice fel.\n\nBeneficiarului nu îi este permis să înregistreze în Platformă conținut care reprezintă promoții sau oferte la servicii, produse sau orice fel de activități care presupun comercializarea de bunuri sau servicii de-a lungul unei perioade de timp oricât de lungi.\n\nBeneficiarului nu îi este permis să introducă în Platformă conținut care include informații private sau care identifică o terță persoană, fără consimțământul explicit al acesteia.\n\nBeneficiarului nu îi este permis să introducă conținut care este fals, amăgitor, derutant, confuz sau dezinformator.\n\nBeneficiarului nu îi este permis să folosească Platforma în scopuri ilegale sau neautorizate.\n\nÎn cazul în care Beneficiarul nu este cetățean român sau nu domiciliază în România, are obligația de a se supune legilor române în vigoare în ceea ce privește conduita și conținutul admisibile online.\n\nBeneficiarului nu îi sunt permise modificarea, adaptarea sau exploatarea securității Platformei și nici modificarea unui alt website pentru a induce falsa impresie că este asociat cu DSU.\n\nBeneficiarului nu îi sunt permise crearea și trimiterea de emailuri necerute către niciun alt utilizator al Platformei sau aplicațiilor care derivă din ea (“SPAM”).\n\n\nDPI\n\nDSU este protejată de convențiile internaționale și de legislația României referitoare la dreptul de autor, precum și de prevederile comerciale internaționale.\n\nTot continutul, asa cum poate fi văzut sau auzit pe http://www.dsuapp.ro, inclusiv layout-ul grafic, textul, imaginile, ilustrațiile, grafica, clipurile audio sau video sunt părți ale mărcilor de comerț, mărcilor de servicii, drepturilor de copyright și/sau altor drepturi de proprietate intelectuală sau părți ale licențelor detinute de Furnizor sau de partenerii săi sau de alte terțe părți ce au licențiat materialele lor către Furnizor.\n\nSiglele, logo-urile, denumirile de bunuri și servicii, precum și ofertele ce aparțin colaboratorilor Furnizorului sunt proprietatea deținătorilor de drept, iar aceștia au drepturi și obligații depline asupra lor.\n\nBeneficiarul nu poate copia, descărca, reproduce, modifica, distribui, transmite, transfera sau crea lucrări derivative din conținutul DSU, fără a obține permisiunea directă și scrisă din partea Furnizorului.\n\nPrin accesarea site-ului, Beneficiarul se declară de acord să protejeze, să asigure, să apere si să considere nevinovat Furnizorul împotriva tuturor pierderilor, cheltuielilor, prejudiciilor și costurilor rezultate din nerespectarea acestor termeni și condiții de către el.\n\nÎn cazul în  care Beneficiarul sesizează sau consideră că orice material de pe acest site, publicat de Furnizor sau de către altcineva, violează drepturile de copyright sau orice alte drepturi, poate contacta Furnizorul la adresa de email office@fundatiapentrusmurd.ro, pentru ca acesta să ia cât mai rapid o decizie în cunoștință de cauză.\n\n\nConfidențialitate. Publicitate\n\nFurnizorul se angajează să nu transmită datele personale ale Beneficiarilor DSU către terți și să le folosească numai în scopul stabilirii contactului cu clienții săi, precum și în scopul informării acestora asupra aspectelor legate de funcționarea DSU și a ofertelor acesteia.\n\nFurnizorul nu promoveaza SPAM-ul. Orice Beneficiar care a furnizat explicit adresa sa de email în cadrul Platformei, poate solicita stergerea acesteia din baza de date a Furnizorului, printr-o notă scrisă trimisă pe adresa de emailoffice@fundatiapentrusmurd.ro.\n\nConform condițiilor legale privind protecția datelor cu caracter personal, Furnizorul nu va dezvălui fără autorizare nicio informație referitoare la Beneficiar.  \n\nBeneficiarul își asumă respectarea confidențialității informațiilor comunicate de către Furnizor acestuia.\n\nPentru detalii privind politica de confidențialitate a DSU, accesați secțiunea Politica de confidențialitate din cadrul aplicației (butonul „Mai mult”, secvența „Despre aplicație”).\n\nRăspunderea \n\nFurnizorul nu poate fi responsabil pentru daune de orice fel, pe care Beneficiarul sau oricare terță parte o poate suferi ca rezultat al îndeplinirii de către Furnizor a oricăreia dintre obligațiile sale, conform termenilor și condițiilor formulate.\n\n\nForța majoră\n\nNiciuna dintre părți nu va fi răspunzătoare pentru neexecutarea obligațiilor sale, dacă o astfel de neîndeplinire este cauzată de un eveniment de forță majoră. Forța majoră este evenimentul imprevizibil și inevitabil, în afara controlului părților, constatat ca atare conform legislației în vigoare.\n\n\nLegea aplicabilă. Jurisdicția\n\nPrezentul contract este supus legilor române în vigoare. Eventualele litigii apărute între Furnizor și Beneficiar se vor rezolva pe cale amiabilă sau, în cazul în care aceasta nu va fi posibil, litigiile vor fi soluționate de instanțele judecătorești române competente.\n     \n\nDispoziții finale\n\nFurnizorul își rezervă dreptul de a modifica în orice moment termenii și condițiile DSU fără avertizare prealabilă. Orice modificare intră în vigoare imediat, din momentul afișării sale pe site. Aceste modificări nu afectează operațiile anterioare.\n\n\nUltima actualizare: 18 mai 2018','2022-10-26 13:11:03.991000','2022-10-28 11:44:18.646000','2022-10-26 14:08:24.850000',1,1,'ro');
/*!40000 ALTER TABLE `tncs` ENABLE KEYS */;
UNLOCK TABLES;

--
-- Table structure for table `tncs_localizations_links`
--

DROP TABLE IF EXISTS `tncs_localizations_links`;
/*!40101 SET @saved_cs_client     = @@character_set_client */;
/*!50503 SET character_set_client = utf8mb4 */;
CREATE TABLE `tncs_localizations_links` (
  `id` int(10) unsigned NOT NULL AUTO_INCREMENT,
  `tnc_id` int(10) unsigned DEFAULT NULL,
  `inv_tnc_id` int(10) unsigned DEFAULT NULL,
  PRIMARY KEY (`id`),
  KEY `tncs_localizations_links_fk` (`tnc_id`),
  KEY `tncs_localizations_links_inv_fk` (`inv_tnc_id`),
  CONSTRAINT `tncs_localizations_links_fk` FOREIGN KEY (`tnc_id`) REFERENCES `tncs` (`id`) ON DELETE CASCADE,
  CONSTRAINT `tncs_localizations_links_inv_fk` FOREIGN KEY (`inv_tnc_id`) REFERENCES `tncs` (`id`) ON DELETE CASCADE
) ENGINE=InnoDB DEFAULT CHARSET=latin1;
/*!40101 SET character_set_client = @saved_cs_client */;

--
-- Dumping data for table `tncs_localizations_links`
--

LOCK TABLES `tncs_localizations_links` WRITE;
/*!40000 ALTER TABLE `tncs_localizations_links` DISABLE KEYS */;
/*!40000 ALTER TABLE `tncs_localizations_links` ENABLE KEYS */;
UNLOCK TABLES;

--
-- Table structure for table `unreg_users`
--

DROP TABLE IF EXISTS `unreg_users`;
/*!40101 SET @saved_cs_client     = @@character_set_client */;
/*!50503 SET character_set_client = utf8mb4 */;
CREATE TABLE `unreg_users` (
  `id` int(10) unsigned NOT NULL AUTO_INCREMENT,
  `firebase_token` varchar(255) DEFAULT NULL,
  `created_at` datetime(6) DEFAULT NULL,
  `updated_at` datetime(6) DEFAULT NULL,
  `created_by_id` int(10) unsigned DEFAULT NULL,
  `updated_by_id` int(10) unsigned DEFAULT NULL,
  PRIMARY KEY (`id`),
  KEY `unreg_users_created_by_id_fk` (`created_by_id`),
  KEY `unreg_users_updated_by_id_fk` (`updated_by_id`),
  CONSTRAINT `unreg_users_created_by_id_fk` FOREIGN KEY (`created_by_id`) REFERENCES `admin_users` (`id`) ON DELETE SET NULL,
  CONSTRAINT `unreg_users_updated_by_id_fk` FOREIGN KEY (`updated_by_id`) REFERENCES `admin_users` (`id`) ON DELETE SET NULL
) ENGINE=InnoDB DEFAULT CHARSET=utf8;
/*!40101 SET character_set_client = @saved_cs_client */;

--
-- Dumping data for table `unreg_users`
--

LOCK TABLES `unreg_users` WRITE;
/*!40000 ALTER TABLE `unreg_users` DISABLE KEYS */;
/*!40000 ALTER TABLE `unreg_users` ENABLE KEYS */;
UNLOCK TABLES;

--
-- Table structure for table `up_permissions`
--

DROP TABLE IF EXISTS `up_permissions`;
/*!40101 SET @saved_cs_client     = @@character_set_client */;
/*!50503 SET character_set_client = utf8mb4 */;
CREATE TABLE `up_permissions` (
  `id` int(10) unsigned NOT NULL AUTO_INCREMENT,
  `action` varchar(255) DEFAULT NULL,
  `created_at` datetime(6) DEFAULT NULL,
  `updated_at` datetime(6) DEFAULT NULL,
  `created_by_id` int(10) unsigned DEFAULT NULL,
  `updated_by_id` int(10) unsigned DEFAULT NULL,
  PRIMARY KEY (`id`),
  KEY `up_permissions_created_by_id_fk` (`created_by_id`),
  KEY `up_permissions_updated_by_id_fk` (`updated_by_id`),
  CONSTRAINT `up_permissions_created_by_id_fk` FOREIGN KEY (`created_by_id`) REFERENCES `admin_users` (`id`) ON DELETE SET NULL,
  CONSTRAINT `up_permissions_updated_by_id_fk` FOREIGN KEY (`updated_by_id`) REFERENCES `admin_users` (`id`) ON DELETE SET NULL
) ENGINE=InnoDB AUTO_INCREMENT=143 DEFAULT CHARSET=utf8;
/*!40101 SET character_set_client = @saved_cs_client */;

--
-- Dumping data for table `up_permissions`
--

LOCK TABLES `up_permissions` WRITE;
/*!40000 ALTER TABLE `up_permissions` DISABLE KEYS */;
INSERT INTO `up_permissions` VALUES (1,'plugin::users-permissions.user.me','2022-10-18 00:29:07.799000','2022-10-18 00:29:07.799000',NULL,NULL),(2,'plugin::users-permissions.auth.changePassword','2022-10-18 00:29:07.799000','2022-10-18 00:29:07.799000',NULL,NULL),(3,'plugin::users-permissions.auth.callback','2022-10-18 00:29:07.805000','2022-10-18 00:29:07.805000',NULL,NULL),(4,'plugin::users-permissions.auth.connect','2022-10-18 00:29:07.805000','2022-10-18 00:29:07.805000',NULL,NULL),(5,'plugin::users-permissions.auth.forgotPassword','2022-10-18 00:29:07.805000','2022-10-18 00:29:07.805000',NULL,NULL),(6,'plugin::users-permissions.auth.resetPassword','2022-10-18 00:29:07.805000','2022-10-18 00:29:07.805000',NULL,NULL),(7,'plugin::users-permissions.auth.register','2022-10-18 00:29:07.805000','2022-10-18 00:29:07.805000',NULL,NULL),(8,'plugin::users-permissions.auth.emailConfirmation','2022-10-18 00:29:07.805000','2022-10-18 00:29:07.805000',NULL,NULL),(9,'plugin::users-permissions.auth.sendEmailConfirmation','2022-10-18 00:29:07.805000','2022-10-18 00:29:07.805000',NULL,NULL),(10,'api::alert.alert.find','2022-10-21 12:37:41.165000','2022-10-21 12:37:41.165000',NULL,NULL),(11,'api::alert.alert.findOne','2022-10-21 12:37:41.165000','2022-10-21 12:37:41.165000',NULL,NULL),(12,'api::alert.alert.create','2022-10-21 12:37:41.165000','2022-10-21 12:37:41.165000',NULL,NULL),(13,'api::alert.alert.update','2022-10-21 12:37:41.165000','2022-10-21 12:37:41.165000',NULL,NULL),(14,'api::alert.alert.delete','2022-10-21 12:37:41.165000','2022-10-21 12:37:41.165000',NULL,NULL),(15,'api::alert.alert.createLocalization','2022-10-21 12:37:41.165000','2022-10-21 12:37:41.165000',NULL,NULL),(16,'api::alerts-code.alerts-code.find','2022-10-21 12:37:41.165000','2022-10-21 12:37:41.165000',NULL,NULL),(17,'api::alerts-code.alerts-code.findOne','2022-10-21 12:37:41.165000','2022-10-21 12:37:41.165000',NULL,NULL),(18,'api::article.article.find','2022-10-21 12:37:41.165000','2022-10-21 12:37:41.165000',NULL,NULL),(19,'api::article.article.findOne','2022-10-21 12:37:41.165000','2022-10-21 12:37:41.165000',NULL,NULL),(20,'api::article.article.create','2022-10-21 12:37:41.165000','2022-10-21 12:37:41.165000',NULL,NULL),(21,'api::article.article.update','2022-10-21 12:37:41.165000','2022-10-21 12:37:41.165000',NULL,NULL),(22,'api::article.article.delete','2022-10-21 12:37:41.165000','2022-10-21 12:37:41.165000',NULL,NULL),(23,'api::article.article.createLocalization','2022-10-21 12:37:41.165000','2022-10-21 12:37:41.165000',NULL,NULL),(24,'api::county.county.find','2022-10-21 12:37:41.165000','2022-10-21 12:37:41.165000',NULL,NULL),(25,'api::county.county.findOne','2022-10-21 12:37:41.165000','2022-10-21 12:37:41.165000',NULL,NULL),(26,'api::county.county.create','2022-10-21 12:37:41.165000','2022-10-21 12:37:41.165000',NULL,NULL),(27,'api::county.county.update','2022-10-21 12:37:41.165000','2022-10-21 12:37:41.165000',NULL,NULL),(28,'api::county.county.delete','2022-10-21 12:37:41.165000','2022-10-21 12:37:41.165000',NULL,NULL),(29,'api::course.course.find','2022-10-21 12:37:41.165000','2022-10-21 12:37:41.165000',NULL,NULL),(30,'api::course.course.findOne','2022-10-21 12:37:41.165000','2022-10-21 12:37:41.165000',NULL,NULL),(31,'api::course.course.create','2022-10-21 12:37:41.165000','2022-10-21 12:37:41.165000',NULL,NULL),(32,'api::course.course.update','2022-10-21 12:37:41.165000','2022-10-21 12:37:41.165000',NULL,NULL),(33,'api::course.course.delete','2022-10-21 12:37:41.165000','2022-10-21 12:37:41.165000',NULL,NULL),(34,'api::course.course.createLocalization','2022-10-21 12:37:41.165000','2022-10-21 12:37:41.165000',NULL,NULL),(35,'api::courses-category.courses-category.find','2022-10-21 12:37:41.165000','2022-10-21 12:37:41.165000',NULL,NULL),(36,'api::courses-category.courses-category.findOne','2022-10-21 12:37:41.165000','2022-10-21 12:37:41.165000',NULL,NULL),(37,'api::courses-category.courses-category.create','2022-10-21 12:37:41.165000','2022-10-21 12:37:41.165000',NULL,NULL),(38,'api::courses-category.courses-category.update','2022-10-21 12:37:41.165000','2022-10-21 12:37:41.165000',NULL,NULL),(39,'api::courses-category.courses-category.delete','2022-10-21 12:37:41.165000','2022-10-21 12:37:41.165000',NULL,NULL),(40,'api::courses-category.courses-category.createLocalization','2022-10-21 12:37:41.165000','2022-10-21 12:37:41.165000',NULL,NULL),(41,'api::ip-category.ip-category.find','2022-10-21 12:37:41.165000','2022-10-21 12:37:41.165000',NULL,NULL),(42,'api::ip-category.ip-category.findOne','2022-10-21 12:37:41.165000','2022-10-21 12:37:41.165000',NULL,NULL),(43,'api::ip-category.ip-category.create','2022-10-21 12:37:41.165000','2022-10-21 12:37:41.165000',NULL,NULL),(44,'api::ip-category.ip-category.update','2022-10-21 12:37:41.165000','2022-10-21 12:37:41.165000',NULL,NULL),(45,'api::ip-category.ip-category.delete','2022-10-21 12:37:41.165000','2022-10-21 12:37:41.165000',NULL,NULL),(46,'api::ip-category.ip-category.createLocalization','2022-10-21 12:37:41.165000','2022-10-21 12:37:41.165000',NULL,NULL),(47,'api::ip-point.ip-point.find','2022-10-21 12:37:41.165000','2022-10-21 12:37:41.165000',NULL,NULL),(48,'api::ip-point.ip-point.findOne','2022-10-21 12:37:41.165000','2022-10-21 12:37:41.165000',NULL,NULL),(49,'api::ip-point.ip-point.create','2022-10-21 12:37:41.165000','2022-10-21 12:37:41.165000',NULL,NULL),(50,'api::ip-point.ip-point.update','2022-10-21 12:37:41.165000','2022-10-21 12:37:41.165000',NULL,NULL),(51,'api::ip-point.ip-point.delete','2022-10-21 12:37:41.165000','2022-10-21 12:37:41.165000',NULL,NULL),(52,'api::link.link.find','2022-10-21 12:37:41.165000','2022-10-21 12:37:41.165000',NULL,NULL),(53,'api::link.link.findOne','2022-10-21 12:37:41.165000','2022-10-21 12:37:41.165000',NULL,NULL),(54,'api::link.link.create','2022-10-21 12:37:41.165000','2022-10-21 12:37:41.165000',NULL,NULL),(55,'api::link.link.update','2022-10-21 12:37:41.165000','2022-10-21 12:37:41.165000',NULL,NULL),(56,'api::link.link.delete','2022-10-21 12:37:41.165000','2022-10-21 12:37:41.165000',NULL,NULL),(57,'api::link.link.createLocalization','2022-10-21 12:37:41.165000','2022-10-21 12:37:41.165000',NULL,NULL),(58,'api::organization.organization.find','2022-10-21 12:37:41.165000','2022-10-21 12:37:41.165000',NULL,NULL),(59,'api::organization.organization.findOne','2022-10-21 12:37:41.165000','2022-10-21 12:37:41.165000',NULL,NULL),(60,'api::organization.organization.create','2022-10-21 12:37:41.165000','2022-10-21 12:37:41.165000',NULL,NULL),(61,'api::organization.organization.update','2022-10-21 12:37:41.165000','2022-10-21 12:37:41.165000',NULL,NULL),(62,'api::organization.organization.delete','2022-10-21 12:37:41.165000','2022-10-21 12:37:41.165000',NULL,NULL),(63,'api::pozition.pozition.find','2022-10-21 12:37:41.165000','2022-10-21 12:37:41.165000',NULL,NULL),(64,'api::pozition.pozition.findOne','2022-10-21 12:37:41.165000','2022-10-21 12:37:41.165000',NULL,NULL),(65,'api::pozition.pozition.create','2022-10-21 12:37:41.165000','2022-10-21 12:37:41.165000',NULL,NULL),(66,'api::pozition.pozition.update','2022-10-21 12:37:41.165000','2022-10-21 12:37:41.165000',NULL,NULL),(67,'api::pozition.pozition.delete','2022-10-21 12:37:41.165000','2022-10-21 12:37:41.165000',NULL,NULL),(68,'api::pozition.pozition.createLocalization','2022-10-21 12:37:41.165000','2022-10-21 12:37:41.165000',NULL,NULL),(69,'api::reporting.reporting.find','2022-10-21 12:37:41.165000','2022-10-21 12:37:41.165000',NULL,NULL),(70,'api::reporting.reporting.findOne','2022-10-21 12:37:41.165000','2022-10-21 12:37:41.165000',NULL,NULL),(71,'api::reporting.reporting.create','2022-10-21 12:37:41.165000','2022-10-21 12:37:41.165000',NULL,NULL),(72,'api::reporting.reporting.update','2022-10-21 12:37:41.165000','2022-10-21 12:37:41.165000',NULL,NULL),(73,'api::reporting.reporting.delete','2022-10-21 12:37:41.165000','2022-10-21 12:37:41.165000',NULL,NULL),(74,'api::unreg-user.unreg-user.find','2022-10-21 12:37:41.165000','2022-10-21 12:37:41.165000',NULL,NULL),(75,'api::unreg-user.unreg-user.findOne','2022-10-21 12:37:41.165000','2022-10-21 12:37:41.165000',NULL,NULL),(76,'api::unreg-user.unreg-user.create','2022-10-21 12:37:41.165000','2022-10-21 12:37:41.165000',NULL,NULL),(77,'api::unreg-user.unreg-user.update','2022-10-21 12:37:41.165000','2022-10-21 12:37:41.165000',NULL,NULL),(78,'api::unreg-user.unreg-user.delete','2022-10-21 12:37:41.165000','2022-10-21 12:37:41.165000',NULL,NULL),(79,'plugin::upload.content-api.find','2022-10-21 12:37:41.165000','2022-10-21 12:37:41.165000',NULL,NULL),(80,'plugin::upload.content-api.findOne','2022-10-21 12:37:41.165000','2022-10-21 12:37:41.165000',NULL,NULL),(81,'plugin::upload.content-api.destroy','2022-10-21 12:37:41.165000','2022-10-21 12:37:41.165000',NULL,NULL),(82,'plugin::upload.content-api.upload','2022-10-21 12:37:41.165000','2022-10-21 12:37:41.165000',NULL,NULL),(83,'plugin::i18n.locales.listLocales','2022-10-21 12:37:41.165000','2022-10-21 12:37:41.165000',NULL,NULL),(84,'plugin::users-permissions.user.create','2022-10-21 12:37:41.165000','2022-10-21 12:37:41.165000',NULL,NULL),(85,'plugin::users-permissions.user.update','2022-10-21 12:37:41.165000','2022-10-21 12:37:41.165000',NULL,NULL),(86,'plugin::users-permissions.user.find','2022-10-21 12:37:41.165000','2022-10-21 12:37:41.165000',NULL,NULL),(87,'plugin::users-permissions.user.findOne','2022-10-21 12:37:41.165000','2022-10-21 12:37:41.165000',NULL,NULL),(88,'plugin::users-permissions.user.count','2022-10-21 12:37:41.165000','2022-10-21 12:37:41.165000',NULL,NULL),(89,'plugin::users-permissions.user.destroy','2022-10-21 12:37:41.165000','2022-10-21 12:37:41.165000',NULL,NULL),(90,'plugin::users-permissions.user.me','2022-10-21 12:37:41.165000','2022-10-21 12:37:41.165000',NULL,NULL),(91,'plugin::users-permissions.permissions.getPermissions','2022-10-21 12:37:41.165000','2022-10-21 12:37:41.165000',NULL,NULL),(92,'api::alerts-code.alerts-code.create','2022-10-21 13:11:51.603000','2022-10-21 13:11:51.603000',NULL,NULL),(93,'api::alerts-code.alerts-code.update','2022-10-21 13:11:51.603000','2022-10-21 13:11:51.603000',NULL,NULL),(94,'api::alerts-code.alerts-code.delete','2022-10-21 13:11:51.603000','2022-10-21 13:11:51.603000',NULL,NULL),(95,'api::alerts-code.alerts-code.createLocalization','2022-10-21 13:11:51.603000','2022-10-21 13:11:51.603000',NULL,NULL),(96,'api::privacy-policy.privacy-policy.find','2022-10-26 13:08:00.945000','2022-10-26 13:08:00.945000',NULL,NULL),(97,'api::tnc.tnc.find','2022-10-26 13:08:00.945000','2022-10-26 13:08:00.945000',NULL,NULL),(98,'api::alert.alert.find','2022-10-26 13:10:29.344000','2022-10-26 13:10:29.344000',NULL,NULL),(99,'api::alert.alert.findOne','2022-10-26 13:10:29.344000','2022-10-26 13:10:29.344000',NULL,NULL),(100,'api::alert.alert.update','2022-10-26 13:10:29.344000','2022-10-26 13:10:29.344000',NULL,NULL),(101,'api::alerts-code.alerts-code.find','2022-10-26 13:10:29.344000','2022-10-26 13:10:29.344000',NULL,NULL),(102,'api::alerts-code.alerts-code.findOne','2022-10-26 13:10:29.344000','2022-10-26 13:10:29.344000',NULL,NULL),(103,'api::article.article.find','2022-10-26 13:10:29.344000','2022-10-26 13:10:29.344000',NULL,NULL),(104,'api::article.article.findOne','2022-10-26 13:10:29.344000','2022-10-26 13:10:29.344000',NULL,NULL),(105,'api::county.county.findOne','2022-10-26 13:10:29.345000','2022-10-26 13:10:29.345000',NULL,NULL),(106,'api::county.county.find','2022-10-26 13:10:29.345000','2022-10-26 13:10:29.345000',NULL,NULL),(107,'api::course.course.find','2022-10-26 13:10:29.345000','2022-10-26 13:10:29.345000',NULL,NULL),(108,'api::course.course.findOne','2022-10-26 13:10:29.345000','2022-10-26 13:10:29.345000',NULL,NULL),(109,'api::courses-category.courses-category.find','2022-10-26 13:10:29.345000','2022-10-26 13:10:29.345000',NULL,NULL),(110,'api::courses-category.courses-category.findOne','2022-10-26 13:10:29.345000','2022-10-26 13:10:29.345000',NULL,NULL),(111,'api::ip-category.ip-category.find','2022-10-26 13:10:29.345000','2022-10-26 13:10:29.345000',NULL,NULL),(112,'api::ip-category.ip-category.findOne','2022-10-26 13:10:29.345000','2022-10-26 13:10:29.345000',NULL,NULL),(113,'api::ip-point.ip-point.find','2022-10-26 13:10:29.345000','2022-10-26 13:10:29.345000',NULL,NULL),(114,'api::ip-point.ip-point.findOne','2022-10-26 13:10:29.345000','2022-10-26 13:10:29.345000',NULL,NULL),(115,'api::link.link.find','2022-10-26 13:10:29.345000','2022-10-26 13:10:29.345000',NULL,NULL),(116,'api::link.link.findOne','2022-10-26 13:10:29.345000','2022-10-26 13:10:29.345000',NULL,NULL),(117,'api::organization.organization.find','2022-10-26 13:10:29.345000','2022-10-26 13:10:29.345000',NULL,NULL),(118,'api::organization.organization.findOne','2022-10-26 13:10:29.345000','2022-10-26 13:10:29.345000',NULL,NULL),(119,'api::pozition.pozition.find','2022-10-26 13:10:29.345000','2022-10-26 13:10:29.345000',NULL,NULL),(120,'api::pozition.pozition.findOne','2022-10-26 13:10:29.345000','2022-10-26 13:10:29.345000',NULL,NULL),(121,'api::privacy-policy.privacy-policy.find','2022-10-26 13:10:29.345000','2022-10-26 13:10:29.345000',NULL,NULL),(122,'api::reporting.reporting.find','2022-10-26 13:10:29.345000','2022-10-26 13:10:29.345000',NULL,NULL),(123,'api::reporting.reporting.findOne','2022-10-26 13:10:29.345000','2022-10-26 13:10:29.345000',NULL,NULL),(124,'api::reporting.reporting.create','2022-10-26 13:10:29.345000','2022-10-26 13:10:29.345000',NULL,NULL),(125,'api::reporting.reporting.update','2022-10-26 13:10:29.345000','2022-10-26 13:10:29.345000',NULL,NULL),(126,'api::tnc.tnc.find','2022-10-26 13:10:29.345000','2022-10-26 13:10:29.345000',NULL,NULL),(127,'plugin::upload.content-api.find','2022-10-26 13:10:29.345000','2022-10-26 13:10:29.345000',NULL,NULL),(128,'plugin::upload.content-api.findOne','2022-10-26 13:10:29.345000','2022-10-26 13:10:29.345000',NULL,NULL),(129,'plugin::upload.content-api.upload','2022-10-26 13:10:29.345000','2022-10-26 13:10:29.345000',NULL,NULL),(130,'plugin::users-permissions.auth.callback','2022-10-26 13:10:29.345000','2022-10-26 13:10:29.345000',NULL,NULL),(131,'plugin::users-permissions.auth.resetPassword','2022-10-26 13:10:29.345000','2022-10-26 13:10:29.345000',NULL,NULL),(132,'plugin::users-permissions.auth.connect','2022-10-26 13:10:29.345000','2022-10-26 13:10:29.345000',NULL,NULL),(133,'plugin::users-permissions.auth.forgotPassword','2022-10-26 13:10:29.345000','2022-10-26 13:10:29.345000',NULL,NULL),(134,'plugin::users-permissions.auth.register','2022-10-26 13:10:29.345000','2022-10-26 13:10:29.345000',NULL,NULL),(135,'plugin::users-permissions.auth.emailConfirmation','2022-10-26 13:10:29.345000','2022-10-26 13:10:29.345000',NULL,NULL),(136,'plugin::users-permissions.auth.sendEmailConfirmation','2022-10-26 13:10:29.351000','2022-10-26 13:10:29.351000',NULL,NULL),(137,'plugin::users-permissions.user.update','2022-10-26 13:10:29.351000','2022-10-26 13:10:29.351000',NULL,NULL),(138,'plugin::users-permissions.user.find','2022-10-26 13:10:29.351000','2022-10-26 13:10:29.351000',NULL,NULL),(139,'plugin::users-permissions.user.findOne','2022-10-26 13:10:29.351000','2022-10-26 13:10:29.351000',NULL,NULL),(140,'api::caravana-dsu.caravana-dsu.find','2022-10-27 14:01:31.301000','2022-10-27 14:01:31.301000',NULL,NULL),(141,'api::caravana-dsu.caravana-dsu.find','2022-10-27 14:01:45.478000','2022-10-27 14:01:45.478000',NULL,NULL),(142,'plugin::users-permissions.user.destroy','2022-10-27 14:03:56.203000','2022-10-27 14:03:56.203000',NULL,NULL);
/*!40000 ALTER TABLE `up_permissions` ENABLE KEYS */;
UNLOCK TABLES;

--
-- Table structure for table `up_permissions_role_links`
--

DROP TABLE IF EXISTS `up_permissions_role_links`;
/*!40101 SET @saved_cs_client     = @@character_set_client */;
/*!50503 SET character_set_client = utf8mb4 */;
CREATE TABLE `up_permissions_role_links` (
  `id` int(10) unsigned NOT NULL AUTO_INCREMENT,
  `permission_id` int(10) unsigned DEFAULT NULL,
  `role_id` int(10) unsigned DEFAULT NULL,
  PRIMARY KEY (`id`),
  KEY `up_permissions_role_links_fk` (`permission_id`),
  KEY `up_permissions_role_links_inv_fk` (`role_id`),
  CONSTRAINT `up_permissions_role_links_fk` FOREIGN KEY (`permission_id`) REFERENCES `up_permissions` (`id`) ON DELETE CASCADE,
  CONSTRAINT `up_permissions_role_links_inv_fk` FOREIGN KEY (`role_id`) REFERENCES `up_roles` (`id`) ON DELETE CASCADE
) ENGINE=InnoDB AUTO_INCREMENT=143 DEFAULT CHARSET=utf8;
/*!40101 SET character_set_client = @saved_cs_client */;

--
-- Dumping data for table `up_permissions_role_links`
--

LOCK TABLES `up_permissions_role_links` WRITE;
/*!40000 ALTER TABLE `up_permissions_role_links` DISABLE KEYS */;
INSERT INTO `up_permissions_role_links` VALUES (1,1,1),(2,2,1),(3,3,2),(4,4,2),(5,8,2),(6,6,2),(7,5,2),(8,7,2),(9,9,2),(10,10,2),(11,11,2),(12,12,2),(13,14,2),(14,13,2),(15,15,2),(16,16,2),(17,17,2),(18,18,2),(19,19,2),(20,20,2),(21,22,2),(22,23,2),(23,24,2),(24,25,2),(25,26,2),(26,27,2),(27,21,2),(28,30,2),(29,31,2),(30,32,2),(31,33,2),(32,34,2),(33,35,2),(34,28,2),(35,29,2),(36,37,2),(37,38,2),(38,39,2),(39,40,2),(40,41,2),(41,42,2),(42,43,2),(43,44,2),(44,36,2),(45,46,2),(46,47,2),(47,48,2),(48,49,2),(49,50,2),(50,51,2),(51,52,2),(52,53,2),(53,45,2),(54,55,2),(55,56,2),(56,57,2),(57,58,2),(58,59,2),(59,60,2),(60,61,2),(61,62,2),(62,54,2),(63,64,2),(64,65,2),(65,66,2),(66,67,2),(67,68,2),(68,69,2),(69,70,2),(70,71,2),(71,63,2),(72,73,2),(73,74,2),(74,75,2),(75,76,2),(76,77,2),(77,78,2),(78,79,2),(79,80,2),(80,72,2),(81,82,2),(82,83,2),(83,84,2),(84,85,2),(85,86,2),(86,87,2),(87,88,2),(88,89,2),(89,81,2),(90,91,2),(91,90,2),(92,92,2),(93,93,2),(94,94,2),(95,95,2),(96,96,2),(97,97,2),(98,98,1),(99,99,1),(100,100,1),(101,102,1),(102,101,1),(103,103,1),(104,104,1),(105,105,1),(106,106,1),(107,107,1),(108,109,1),(109,110,1),(110,108,1),(111,111,1),(112,113,1),(113,112,1),(114,114,1),(115,116,1),(116,115,1),(117,117,1),(118,118,1),(119,119,1),(120,120,1),(121,121,1),(122,122,1),(123,123,1),(124,124,1),(125,125,1),(126,126,1),(127,127,1),(128,128,1),(129,129,1),(130,130,1),(131,131,1),(132,132,1),(133,133,1),(134,134,1),(135,135,1),(136,136,1),(137,137,1),(138,138,1),(139,139,1),(140,140,2),(141,141,1),(142,142,1);
/*!40000 ALTER TABLE `up_permissions_role_links` ENABLE KEYS */;
UNLOCK TABLES;

--
-- Table structure for table `up_roles`
--

DROP TABLE IF EXISTS `up_roles`;
/*!40101 SET @saved_cs_client     = @@character_set_client */;
/*!50503 SET character_set_client = utf8mb4 */;
CREATE TABLE `up_roles` (
  `id` int(10) unsigned NOT NULL AUTO_INCREMENT,
  `name` varchar(255) DEFAULT NULL,
  `description` varchar(255) DEFAULT NULL,
  `type` varchar(255) DEFAULT NULL,
  `created_at` datetime(6) DEFAULT NULL,
  `updated_at` datetime(6) DEFAULT NULL,
  `created_by_id` int(10) unsigned DEFAULT NULL,
  `updated_by_id` int(10) unsigned DEFAULT NULL,
  PRIMARY KEY (`id`),
  KEY `up_roles_created_by_id_fk` (`created_by_id`),
  KEY `up_roles_updated_by_id_fk` (`updated_by_id`),
  CONSTRAINT `up_roles_created_by_id_fk` FOREIGN KEY (`created_by_id`) REFERENCES `admin_users` (`id`) ON DELETE SET NULL,
  CONSTRAINT `up_roles_updated_by_id_fk` FOREIGN KEY (`updated_by_id`) REFERENCES `admin_users` (`id`) ON DELETE SET NULL
) ENGINE=InnoDB AUTO_INCREMENT=3 DEFAULT CHARSET=utf8;
/*!40101 SET character_set_client = @saved_cs_client */;

--
-- Dumping data for table `up_roles`
--

LOCK TABLES `up_roles` WRITE;
/*!40000 ALTER TABLE `up_roles` DISABLE KEYS */;
INSERT INTO `up_roles` VALUES (1,'Authenticated','Default role given to authenticated user.','authenticated','2022-10-18 00:29:07.791000','2022-10-27 14:04:26.771000',NULL,NULL),(2,'Public','Default role given to unauthenticated user.','public','2022-10-18 00:29:07.794000','2022-10-27 14:01:31.294000',NULL,NULL);
/*!40000 ALTER TABLE `up_roles` ENABLE KEYS */;
UNLOCK TABLES;

--
-- Table structure for table `up_users`
--

DROP TABLE IF EXISTS `up_users`;
/*!40101 SET @saved_cs_client     = @@character_set_client */;
/*!50503 SET character_set_client = utf8mb4 */;
CREATE TABLE `up_users` (
  `id` int(10) unsigned NOT NULL AUTO_INCREMENT,
  `username` varchar(255) DEFAULT NULL,
  `email` varchar(255) DEFAULT NULL,
  `provider` varchar(255) DEFAULT NULL,
  `password` varchar(255) DEFAULT NULL,
  `reset_password_token` varchar(255) DEFAULT NULL,
  `confirmation_token` varchar(255) DEFAULT NULL,
  `confirmed` tinyint(1) DEFAULT NULL,
  `blocked` tinyint(1) DEFAULT NULL,
  `created_at` datetime(6) DEFAULT NULL,
  `updated_at` datetime(6) DEFAULT NULL,
  `created_by_id` int(10) unsigned DEFAULT NULL,
  `updated_by_id` int(10) unsigned DEFAULT NULL,
  `full_name` varchar(255) DEFAULT NULL,
  `push_notify` tinyint(1) DEFAULT NULL,
  `email_notify` tinyint(1) DEFAULT NULL,
  `firebase_token` varchar(255) DEFAULT NULL,
  PRIMARY KEY (`id`),
  KEY `up_users_created_by_id_fk` (`created_by_id`),
  KEY `up_users_updated_by_id_fk` (`updated_by_id`),
  CONSTRAINT `up_users_created_by_id_fk` FOREIGN KEY (`created_by_id`) REFERENCES `admin_users` (`id`) ON DELETE SET NULL,
  CONSTRAINT `up_users_updated_by_id_fk` FOREIGN KEY (`updated_by_id`) REFERENCES `admin_users` (`id`) ON DELETE SET NULL
) ENGINE=InnoDB AUTO_INCREMENT=79 DEFAULT CHARSET=utf8;
/*!40101 SET character_set_client = @saved_cs_client */;

--
-- Dumping data for table `up_users`
--

LOCK TABLES `up_users` WRITE;
/*!40000 ALTER TABLE `up_users` DISABLE KEYS */;
INSERT INTO `up_users` VALUES (75,'marin.n.elena@gmail.com','marin.n.elena@gmail.com','local','$2a$10$Q71DRtUItgic64Iv1x8RhebocYWbltGgzCVIRgZYAl9OdBjpsdDF6',NULL,NULL,1,0,'2022-10-31 13:14:15.570000','2022-10-31 13:16:18.282000',NULL,NULL,'Elena Marin',0,0,'djJqHR3SSQWsVsyPoxx8AJ:APA91bGI3o-tZbijGCb2JKFlBl_5QsbjrDvK8TqArgbCuBddfAD0LAZBxrImn3SnkQfUsHO7fCyhBCNF1eQlObYMhTnIt8x3wN61ZSCDKPmnWHyCXLx0eeEqKXvF7zL-eutxY68ICCv0'),(76,'andreipatza@gmail.com','andreipatza@gmail.com','local','$2a$10$1wyADEY6AT9wi.wNur.8oOpnZPl4xwbG.kWTbc21.zy8hegDOF02q',NULL,NULL,1,0,'2022-10-31 13:36:59.564000','2022-10-31 15:16:48.974000',NULL,1,'Andrei pata',0,0,'c7oa4MBUQea__cK61UwApH:APA91bFItvlXKwxalDOJSqICdRrUhN9gc0dFXxeRvFSL-ZNymWXWP141-TnGmW3XyGFMDFWzBhQ9-NZ8vGx6haHwXlC9HVfwpDWNIwliiKljXfJ3CwR-BPKkZGcY09n4EOD6W4S9gp4N'),(77,'alex.marin@orson.ro','alex.marin@orson.ro','local','$2a$10$Saa/bDueK25iBKYi0REiWuzz2YLkXROt.kInmhRTA/w43NujfqGyq',NULL,NULL,1,0,'2022-10-31 14:47:13.387000','2022-10-31 15:57:57.072000',NULL,NULL,'Joi după-amiază ',1,1,'cnc8Nu32RSacgMezhC0HN3:APA91bEMeDb5Kpcul8Vzs6YOXTr3VMATu3r9gSUdf3VQT5zyZV0eJ5vELNL-loIHcK-jeyTJkClQeLiWIgQwgR4kyEvKRRdY3za7D-GOi90Kvf8otjUTku1VSHBg_mOcaLdNEabOkdXP'),(78,'iulian_cristache@yahoo.com','iulian_cristache@yahoo.com','local','$2a$10$Cz/w9mC1USDUouvFUMSuguZET/xv54xlGK0vnMow3FJjjHDWLd2tC',NULL,'5225',0,0,'2022-11-01 00:36:22.270000','2022-11-01 00:36:22.286000',NULL,NULL,'Cristache Iulian ',0,0,NULL);
/*!40000 ALTER TABLE `up_users` ENABLE KEYS */;
UNLOCK TABLES;

--
-- Table structure for table `up_users_alerts_links`
--

DROP TABLE IF EXISTS `up_users_alerts_links`;
/*!40101 SET @saved_cs_client     = @@character_set_client */;
/*!50503 SET character_set_client = utf8mb4 */;
CREATE TABLE `up_users_alerts_links` (
  `id` int(10) unsigned NOT NULL AUTO_INCREMENT,
  `user_id` int(10) unsigned DEFAULT NULL,
  `alert_id` int(10) unsigned DEFAULT NULL,
  PRIMARY KEY (`id`),
  KEY `up_users_alerts_links_fk` (`user_id`),
  KEY `up_users_alerts_links_inv_fk` (`alert_id`),
  CONSTRAINT `up_users_alerts_links_fk` FOREIGN KEY (`user_id`) REFERENCES `up_users` (`id`) ON DELETE CASCADE,
  CONSTRAINT `up_users_alerts_links_inv_fk` FOREIGN KEY (`alert_id`) REFERENCES `alerts` (`id`) ON DELETE CASCADE
) ENGINE=InnoDB AUTO_INCREMENT=71 DEFAULT CHARSET=utf8;
/*!40101 SET character_set_client = @saved_cs_client */;

--
-- Dumping data for table `up_users_alerts_links`
--

LOCK TABLES `up_users_alerts_links` WRITE;
/*!40000 ALTER TABLE `up_users_alerts_links` DISABLE KEYS */;
INSERT INTO `up_users_alerts_links` VALUES (70,77,34);
/*!40000 ALTER TABLE `up_users_alerts_links` ENABLE KEYS */;
UNLOCK TABLES;

--
-- Table structure for table `up_users_judete_links`
--

DROP TABLE IF EXISTS `up_users_judete_links`;
/*!40101 SET @saved_cs_client     = @@character_set_client */;
/*!50503 SET character_set_client = utf8mb4 */;
CREATE TABLE `up_users_judete_links` (
  `id` int(10) unsigned NOT NULL AUTO_INCREMENT,
  `user_id` int(10) unsigned DEFAULT NULL,
  `county_id` int(10) unsigned DEFAULT NULL,
  PRIMARY KEY (`id`),
  KEY `up_users_judete_links_fk` (`user_id`),
  KEY `up_users_judete_links_inv_fk` (`county_id`),
  CONSTRAINT `up_users_judete_links_fk` FOREIGN KEY (`user_id`) REFERENCES `up_users` (`id`) ON DELETE CASCADE,
  CONSTRAINT `up_users_judete_links_inv_fk` FOREIGN KEY (`county_id`) REFERENCES `counties` (`id`) ON DELETE CASCADE
) ENGINE=InnoDB DEFAULT CHARSET=utf8;
/*!40101 SET character_set_client = @saved_cs_client */;

--
-- Dumping data for table `up_users_judete_links`
--

LOCK TABLES `up_users_judete_links` WRITE;
/*!40000 ALTER TABLE `up_users_judete_links` DISABLE KEYS */;
/*!40000 ALTER TABLE `up_users_judete_links` ENABLE KEYS */;
UNLOCK TABLES;

--
-- Table structure for table `up_users_role_links`
--

DROP TABLE IF EXISTS `up_users_role_links`;
/*!40101 SET @saved_cs_client     = @@character_set_client */;
/*!50503 SET character_set_client = utf8mb4 */;
CREATE TABLE `up_users_role_links` (
  `id` int(10) unsigned NOT NULL AUTO_INCREMENT,
  `user_id` int(10) unsigned DEFAULT NULL,
  `role_id` int(10) unsigned DEFAULT NULL,
  PRIMARY KEY (`id`),
  KEY `up_users_role_links_fk` (`user_id`),
  KEY `up_users_role_links_inv_fk` (`role_id`),
  CONSTRAINT `up_users_role_links_fk` FOREIGN KEY (`user_id`) REFERENCES `up_users` (`id`) ON DELETE CASCADE,
  CONSTRAINT `up_users_role_links_inv_fk` FOREIGN KEY (`role_id`) REFERENCES `up_roles` (`id`) ON DELETE CASCADE
) ENGINE=InnoDB AUTO_INCREMENT=49 DEFAULT CHARSET=utf8;
/*!40101 SET character_set_client = @saved_cs_client */;

--
-- Dumping data for table `up_users_role_links`
--

LOCK TABLES `up_users_role_links` WRITE;
/*!40000 ALTER TABLE `up_users_role_links` DISABLE KEYS */;
INSERT INTO `up_users_role_links` VALUES (44,75,1),(46,77,1),(47,76,1),(48,78,1);
/*!40000 ALTER TABLE `up_users_role_links` ENABLE KEYS */;
UNLOCK TABLES;

--
-- Table structure for table `upload_folders`
--

DROP TABLE IF EXISTS `upload_folders`;
/*!40101 SET @saved_cs_client     = @@character_set_client */;
/*!50503 SET character_set_client = utf8mb4 */;
CREATE TABLE `upload_folders` (
  `id` int(10) unsigned NOT NULL AUTO_INCREMENT,
  `name` varchar(255) DEFAULT NULL,
  `path_id` int(11) DEFAULT NULL,
  `path` varchar(255) DEFAULT NULL,
  `created_at` datetime(6) DEFAULT NULL,
  `updated_at` datetime(6) DEFAULT NULL,
  `created_by_id` int(10) unsigned DEFAULT NULL,
  `updated_by_id` int(10) unsigned DEFAULT NULL,
  PRIMARY KEY (`id`),
  UNIQUE KEY `upload_folders_path_id_index` (`path_id`),
  UNIQUE KEY `upload_folders_path_index` (`path`),
  KEY `upload_folders_created_by_id_fk` (`created_by_id`),
  KEY `upload_folders_updated_by_id_fk` (`updated_by_id`),
  CONSTRAINT `upload_folders_created_by_id_fk` FOREIGN KEY (`created_by_id`) REFERENCES `admin_users` (`id`) ON DELETE SET NULL,
  CONSTRAINT `upload_folders_updated_by_id_fk` FOREIGN KEY (`updated_by_id`) REFERENCES `admin_users` (`id`) ON DELETE SET NULL
) ENGINE=InnoDB AUTO_INCREMENT=2 DEFAULT CHARSET=utf8;
/*!40101 SET character_set_client = @saved_cs_client */;

--
-- Dumping data for table `upload_folders`
--

LOCK TABLES `upload_folders` WRITE;
/*!40000 ALTER TABLE `upload_folders` DISABLE KEYS */;
INSERT INTO `upload_folders` VALUES (1,'API Uploads',1,'/1','2022-10-28 11:20:40.626000','2022-10-28 11:20:40.626000',NULL,NULL);
/*!40000 ALTER TABLE `upload_folders` ENABLE KEYS */;
UNLOCK TABLES;

--
-- Table structure for table `upload_folders_parent_links`
--

DROP TABLE IF EXISTS `upload_folders_parent_links`;
/*!40101 SET @saved_cs_client     = @@character_set_client */;
/*!50503 SET character_set_client = utf8mb4 */;
CREATE TABLE `upload_folders_parent_links` (
  `id` int(10) unsigned NOT NULL AUTO_INCREMENT,
  `folder_id` int(10) unsigned DEFAULT NULL,
  `inv_folder_id` int(10) unsigned DEFAULT NULL,
  PRIMARY KEY (`id`),
  KEY `upload_folders_parent_links_fk` (`folder_id`),
  KEY `upload_folders_parent_links_inv_fk` (`inv_folder_id`),
  CONSTRAINT `upload_folders_parent_links_fk` FOREIGN KEY (`folder_id`) REFERENCES `upload_folders` (`id`) ON DELETE CASCADE,
  CONSTRAINT `upload_folders_parent_links_inv_fk` FOREIGN KEY (`inv_folder_id`) REFERENCES `upload_folders` (`id`) ON DELETE CASCADE
) ENGINE=InnoDB DEFAULT CHARSET=utf8;
/*!40101 SET character_set_client = @saved_cs_client */;

--
-- Dumping data for table `upload_folders_parent_links`
--

LOCK TABLES `upload_folders_parent_links` WRITE;
/*!40000 ALTER TABLE `upload_folders_parent_links` DISABLE KEYS */;
/*!40000 ALTER TABLE `upload_folders_parent_links` ENABLE KEYS */;
UNLOCK TABLES;
/*!40103 SET TIME_ZONE=@OLD_TIME_ZONE */;

/*!40101 SET SQL_MODE=@OLD_SQL_MODE */;
/*!40014 SET FOREIGN_KEY_CHECKS=@OLD_FOREIGN_KEY_CHECKS */;
/*!40014 SET UNIQUE_CHECKS=@OLD_UNIQUE_CHECKS */;
/*!40101 SET CHARACTER_SET_CLIENT=@OLD_CHARACTER_SET_CLIENT */;
/*!40101 SET CHARACTER_SET_RESULTS=@OLD_CHARACTER_SET_RESULTS */;
/*!40101 SET COLLATION_CONNECTION=@OLD_COLLATION_CONNECTION */;
/*!40111 SET SQL_NOTES=@OLD_SQL_NOTES */;

-- Dump completed on 2022-11-01  9:30:33
